estimand,contrast,ID,Description,setSize,enrichmentScore,NES,pvalue,p.adjust,qvalue,rank,leading_edge,core_enrichment,fdr_lt_0_05,nes_rank_descending,absolute_nes_rank,database,ranking,bh_family,interpretation_limit
time_by_treatment,(48 h exposure − 48 h control) − (6 h exposure − 6 h control),HALLMARK_INTERFERON_GAMMA_RESPONSE,HALLMARK_INTERFERON_GAMMA_RESPONSE,180,0.492424763410377,2.365226167247039,4.715520540825332e-13,2.357760270412666e-11,1.7869340996811784e-11,3511,"tags=41%, list=16%, signal=35%",Psmb9/Ifit3/Mx2/Lgals3bp/Pla2g4a/Mvp/Wars1/Mthfd2/Eif4e3/Il10ra/Ifit2/Ifitm3/B2m/Irf4/Samd9l/Slamf7/Tap1/Batf2/Nampt/Epsti1/Trim21/Ifih1/Fgl2/St3gal5/Ogfr/Icam1/Bank1/Ptgs2/Bst2/H2-DMa/Ifnar2/Irf9/Apol6/Dhx58/Il7/Ifi30/Cxcl10/Irf1/Rsad2/Hif1a/Tapbp/Ptpn2/Pim1/Pde4b/Ly6e/Rnf213/Stat1/Psme2/Rnf31/Tdrd7/Rapgef6/Ptpn6/Psmb2/Usp18/Cfh/Irf8/C1s1/Oas2/Trim14/Tor1b/Cdkn1a/Lap3/Rtp4/Psme1/Herc6/Irf7/Ifi35/Itgb7/Fcgr1/Oas3/Pml/Irf5/Rigi/Cd69,TRUE,2,2,Mouse MSigDB 2026.1.Mm Hallmarks,Signed DESeq2 Wald statistic,All 50 Hallmark sets within the interaction estimand,"Between-experiment interaction; not within-animal change, trajectory, replication, validation, or causal attribution to time"
time_by_treatment,(48 h exposure − 48 h control) − (6 h exposure − 6 h control),HALLMARK_INTERFERON_ALPHA_RESPONSE,HALLMARK_INTERFERON_ALPHA_RESPONSE,92,0.6033782211115082,2.624158343520711,2.9255319877419276e-12,7.313829969354819e-11,5.5431132399320733e-11,3053,"tags=48%, list=14%, signal=41%",Psmb9/Ifit3/Mx2/Lgals3bp/Wars1/Ifit2/Ifitm3/B2m/Samd9l/Tap1/Oas1a/Lpar6/Batf2/Epsti1/Trim21/Ifih1/Ogfr/Bst2/Irf9/Dhx58/Il7/Gmpr/Csf1/Ifi30/Cxcl10/Irf1/Rsad2/Parp9/Ly6e/Psme2/Rnf31/Tdrd7/Usp18/C1s1/Cd47/Trim14/Lap3/Rtp4/Nub1/Psme1/Cnp/Herc6/Irf7/Ifi35,TRUE,1,1,Mouse MSigDB 2026.1.Mm Hallmarks,Signed DESeq2 Wald statistic,All 50 Hallmark sets within the interaction estimand,"Between-experiment interaction; not within-animal change, trajectory, replication, validation, or causal attribution to time"
time_by_treatment,(48 h exposure − 48 h control) − (6 h exposure − 6 h control),HALLMARK_INFLAMMATORY_RESPONSE,HALLMARK_INFLAMMATORY_RESPONSE,179,0.3565581831122081,1.708914471375484,7.737301742926637e-5,0.001289550290487773,9.77343378053891e-4,3728,"tags=31%, list=17%, signal=26%",Csf3r/Il1r1/Ptafr/Axl/Ebi3/Lpar1/Tlr2/F3/Gna15/Il10ra/Nampt/Clec5a/Acvr2a/Rhog/Adgre1/Cd48/Gnai3/Icam1/Ptpre/Irak2/Bst2/Csf1/Abca1/Emp3/Mmp14/Cxcl10/Irf1/Hif1a/Tapbp/Pde4b/Ly6e/Ifnar1/Scn1b/Hrh1/Cd82/Cybb/Osmr/Nod2/Gpr183/Chst2/Sema4d/Hpn/Slc11a2/Cdkn1a/Rtp4/Has2/Marco/Best1/Irf7/Cd69/C3ar1/Osm/Slc28a2/P2rx4/Atp2b1,TRUE,5,5,Mouse MSigDB 2026.1.Mm Hallmarks,Signed DESeq2 Wald statistic,All 50 Hallmark sets within the interaction estimand,"Between-experiment interaction; not within-animal change, trajectory, replication, validation, or causal attribution to time"
time_by_treatment,(48 h exposure − 48 h control) − (6 h exposure − 6 h control),HALLMARK_MTORC1_SIGNALING,HALLMARK_MTORC1_SIGNALING,196,0.3428192769166374,1.666494033757315,1.0500718723079109e-4,0.0013125898403848885,9.94804931660126e-4,2467,"tags=27%, list=11%, signal=24%",Coro1a/Fads1/Actr3/Mllt11/Rpn1/Cd9/Ung/Wars1/Atp6v1d/Mthfd2/Pgm1/Idi1/Add3/Ctsc/Nampt/Sytl2/Cct6a/Fgl2/Hprt1/Canx/Itgb2/Ssr1/Nfkbib/Nupr1/Phgdh/Psmd14/Hmgcr/Ppia/Hsp90b1/Psmg1/Qdpr/Plk1/Ifi30/Ccnf/Acsl3/Me1/Hmbs/Lta4h/Arpc5l/Rrm2/Psph/Acly/Rab1a/M6pr/Tpi1/Gmps/Glrx/Actr2/Lgmn/Aldoa/Slc2a1/Egln3,TRUE,7,7,Mouse MSigDB 2026.1.Mm Hallmarks,Signed DESeq2 Wald statistic,All 50 Hallmark sets within the interaction estimand,"Between-experiment interaction; not within-animal change, trajectory, replication, validation, or causal attribution to time"
time_by_treatment,(48 h exposure − 48 h control) − (6 h exposure − 6 h control),HALLMARK_IL6_JAK_STAT3_SIGNALING,HALLMARK_IL6_JAK_STAT3_SIGNALING,81,0.43012220240678223,1.834062236139734,2.106328428134823e-4,0.0017593342823638666,0.0013333901929494568,3369,"tags=33%, list=16%, signal=28%",Il6st/Il13ra1/Csf3r/Il1r1/Ebi3/Cd9/Tlr2/Acvrl1/Ltb/Irf9/Il7/Csf1/Cxcl10/Irf1/Tnf/Ptpn2/Pim1/Tyk2/Stat1/Ifnar1/Il17rb/Osmr/Cxcl2/Cd36/Tnfrsf1a/A2m/Il2rg,TRUE,3,3,Mouse MSigDB 2026.1.Mm Hallmarks,Signed DESeq2 Wald statistic,All 50 Hallmark sets within the interaction estimand,"Between-experiment interaction; not within-animal change, trajectory, replication, validation, or causal attribution to time"
time_by_treatment,(48 h exposure − 48 h control) − (6 h exposure − 6 h control),HALLMARK_PROTEIN_SECRETION,HALLMARK_PROTEIN_SECRETION,94,0.4054675903979491,1.780549065700536,2.1112011388366397e-4,0.0017593342823638666,0.0013333901929494568,3397,"tags=37%, list=16%, signal=31%",Cltc/Bnip3/Ctsc/Copb2/Rab9/Yipf6/Atp6v1h/Scamp1/Golga4/Tpd52/Cope/Arfgef2/Arfgap3/Sec22b/Abca1/Cav2/Adam10/Rab22a/Anp32e/Gosr2/Tom1l1/M6pr/Lamp2/Ergic3/Lman1/Scrn1/Sec24d/Bet1/Ppt1/Sgms1/Stx7/Igf2r/Ap2b1/Ap2m1/Cog2,TRUE,4,4,Mouse MSigDB 2026.1.Mm Hallmarks,Signed DESeq2 Wald statistic,All 50 Hallmark sets within the interaction estimand,"Between-experiment interaction; not within-animal change, trajectory, replication, validation, or causal attribution to time"
time_by_treatment,(48 h exposure − 48 h control) − (6 h exposure − 6 h control),HALLMARK_COMPLEMENT,HALLMARK_COMPLEMENT,174,0.35098665379858895,1.679834185172243,3.0095055311189783e-4,0.0021496468079421275,0.0016292060018087704,3321,"tags=29%, list=15%, signal=24%",Psmb9/Cpm/Pla2g4a/Ctso/Ctsh/F3/Itgam/Ctsl/Zeb1/Gpd2/Gca/Calm1/Ctsc/Kcnip3/Ctss/Rhog/Gnai3/Usp15/Ctsb/Lipa/Mmp14/Irf1/Gmfb/Vcpip1/Me1/Pim1/Lta4h/S100a9/Lamp2/Cfh/Pdp1/Lgmn/Prep/C1qa/Ctsd/Ltf/C1s1/Plek/Cd36/Cr2/Dgkg/Lap3/Prkcd/Gp9/Msrb1/Prcp/Irf7/Hpcal4/Akap10/Fcer1g,TRUE,6,6,Mouse MSigDB 2026.1.Mm Hallmarks,Signed DESeq2 Wald statistic,All 50 Hallmark sets within the interaction estimand,"Between-experiment interaction; not within-animal change, trajectory, replication, validation, or causal attribution to time"
time_by_treatment,(48 h exposure − 48 h control) − (6 h exposure − 6 h control),HALLMARK_ALLOGRAFT_REJECTION,HALLMARK_ALLOGRAFT_REJECTION,172,0.34121783341391176,1.634826581507359,5.4283263740005e-4,0.0033927039837503125,0.0025713124929476056,3034,"tags=27%, list=14%, signal=23%",Tap2/Ptprc/Tlr2/Ccr5/Cd3g/Wars1/B2m/Irf4/Tap1/Ncf4/Acvr2a/Ctss/Ltb/Capg/Hcls1/Csk/Itgb2/Ikbkb/Tpd52/Icam1/H2-DMa/Ifnar2/Apbb1/Il7/Igsf6/Csf1/Tnf/Hif1a/Tapbp/Mtif2/Glmn/Stat1/Elf4/H2-Ob/Traf2/Ccnd2/Ptpn6/Flna/Irf8/H2-DMb2/Cd47/H2-Oa/Fgr/Cd247/Brca1/Irf7,TRUE,8,8,Mouse MSigDB 2026.1.Mm Hallmarks,Signed DESeq2 Wald statistic,All 50 Hallmark sets within the interaction estimand,"Between-experiment interaction; not within-animal change, trajectory, replication, validation, or causal attribution to time"
time_by_treatment,(48 h exposure − 48 h control) − (6 h exposure − 6 h control),HALLMARK_OXIDATIVE_PHOSPHORYLATION,HALLMARK_OXIDATIVE_PHOSPHORYLATION,193,0.32294269396515585,1.5617921609668655,0.0012641839928567821,0.007023244404759901,0.005322879969923294,4667,"tags=34%, list=22%, signal=27%",Ndufs8/Ndufab1/Nqo2/Atp6v1d/Tomm22/Idh3g/Slc25a3/Atp6v1h/Mfn2/Alas1/Por/Prdx3/Slc25a11/Ndufa4/Ndufa1/Atp6v0c/Cyb5r3/Mrps15/Oxa1l/Cs/Ogdh/Ndufs1/Uqcrc2/Sucla2/Pdha1/Cox6b1/Timm17a/Timm13/Ndufb6/Ndufa9/Atp6v1c1/Retsat/Hadha/Uqcrb/Pdp1/Oat/Cyc1/Tcirg1/Cox5b/Bckdha/Opa1/Mdh1/Htra2/Timm50/Fh1/Sdha/Vdac3/Ndufa3/Mrps22/Cox5a/Mtrr/Ndufs7/Atp6v1f/Acaa1a/Cox7a2l/Uqcrc1/Atp5f1a/Fxn/Atp5mf/Ech1/Atp5f1d/Glud1/Decr1/Ndufa6/Atp5pf/Mgst3,TRUE,9,9,Mouse MSigDB 2026.1.Mm Hallmarks,Signed DESeq2 Wald statistic,All 50 Hallmark sets within the interaction estimand,"Between-experiment interaction; not within-animal change, trajectory, replication, validation, or causal attribution to time"
time_by_treatment,(48 h exposure − 48 h control) − (6 h exposure − 6 h control),HALLMARK_COAGULATION,HALLMARK_COAGULATION,117,0.3259229315135995,1.4615348372810522,0.007799062234173999,0.03899531117086999,0.029554341097922526,4483,"tags=32%, list=21%, signal=26%",Sirt2/Ctso/Ctsh/Trf/Cd9/F3/Ctsl/Plau/Sparc/Wdr1/Thbs1/Ctsb/Arf4/Mmp14/Lta4h/Gng12/Lamp2/Cfh/Lgmn/Prep/C1qa/C1s1/Usp11/Plek/Hpn/Mmp2/Gp9/Msrb2/A2m/Capn5/Mmp9/Pros1/Pdgfb/Furin/Clu/Itga2/Mst1/Klk8,TRUE,10,10,Mouse MSigDB 2026.1.Mm Hallmarks,Signed DESeq2 Wald statistic,All 50 Hallmark sets within the interaction estimand,"Between-experiment interaction; not within-animal change, trajectory, replication, validation, or causal attribution to time"
time_by_treatment,(48 h exposure − 48 h control) − (6 h exposure − 6 h control),HALLMARK_IL2_STAT5_SIGNALING,HALLMARK_IL2_STAT5_SIGNALING,191,0.2931126515458677,1.4144664816148818,0.008811491562782181,0.04005223437628264,0.030355377632551056,3389,"tags=25%, list=16%, signal=21%",Cd83/Nrp1/Cst7/Itgae/Bmpr2/Capn3/Dcps/Ncs1/Pth1r/Cyfip1/Il10ra/Ifitm3/Ttc39b/Irf4/Ctsz/Phtf2/Ltb/Capg/Batf3/Fgl2/Cd48/Uck2/Csf1/Cd81/Cxcl10/Dhrs3/Snx14/Pim1/Myo1e/Ccnd2/Spp1/Lrrc8c/Irf8/Plec/Cdc42se2/Etv4/Icos/Igf2r/Hipk2/Spry4/Eno3/Rora/Syngr2/Cd79b/P4ha1/Ptrh2/Rragd,TRUE,12,12,Mouse MSigDB 2026.1.Mm Hallmarks,Signed DESeq2 Wald statistic,All 50 Hallmark sets within the interaction estimand,"Between-experiment interaction; not within-animal change, trajectory, replication, validation, or causal attribution to time"
time_by_treatment,(48 h exposure − 48 h control) − (6 h exposure − 6 h control),HALLMARK_KRAS_SIGNALING_UP,HALLMARK_KRAS_SIGNALING_UP,181,0.2827958338469334,1.356731397138449,0.022861865624185764,0.09525777343410735,0.07219536512900768,4712,"tags=30%, list=22%, signal=24%",St6gal1/Nrp1/Lcp1/Dock2/Eng/Plau/Il10ra/Cdadc1/Vwa5a/Ctss/Tmem176a/Trib2/Itgb2/Ephb2/Ptgs2/Strn/Arg1/Map3k1/Cxcl10/Prdm1/Laptm5/Lat2/Scn1b/Tmem176b/Ccnd2/Spp1/Wnt7a/Cfh/Glrx/Etv5/Irf8/Jup/Etv4/Tmem100/Aldh1a3/Ptbp2/Hsd11b1/Clec4a3/Fcer1g/Il2rg/C3ar1/Tnfaip3/Btc/Mmp9/Mtmr10/Cbr4/Ccser2/Itga2/Ush1c/Map7/Hoxd11/Akap12/Cd37/Tspan7/Tspan1,FALSE,13,13,Mouse MSigDB 2026.1.Mm Hallmarks,Signed DESeq2 Wald statistic,All 50 Hallmark sets within the interaction estimand,"Between-experiment interaction; not within-animal change, trajectory, replication, validation, or causal attribution to time"
time_by_treatment,(48 h exposure − 48 h control) − (6 h exposure − 6 h control),HALLMARK_TNFA_SIGNALING_VIA_NFKB,HALLMARK_TNFA_SIGNALING_VIA_NFKB,185,0.2789586666538124,1.3432884692591072,0.02952300822261043,0.11355003162542474,0.08605897133716402,3981,"tags=29%, list=19%, signal=24%",Il6st/Cd83/Smad3/Nfkbie/Slc16a6/Nfkb2/Tlr2/F3/Plau/Ifit2/Tap1/Nampt/Marcks/Relb/Pdlim5/Ifih1/Tubb2a/Litaf/Icam1/Ptpre/Ptgs2/Csf1/Abca1/Pmepa1/Cxcl10/Irf1/Tiparp/Tnf/Pde4b/Ccnd1/Cxcl2/Gpr183/Plek/Nfat5/Cdkn1a/Tgif1/Btg3/Tsc22d1/Sat1/Clcf1/Rigi/Cd69/Stat5a/Tnip2/Tnfaip3/Dram1/Plk2/Rel/Atp2b1/Slc2a6/Jag1/Tnfaip6/Bcl6,FALSE,15,16,Mouse MSigDB 2026.1.Mm Hallmarks,Signed DESeq2 Wald statistic,All 50 Hallmark sets within the interaction estimand,"Between-experiment interaction; not within-animal change, trajectory, replication, validation, or causal attribution to time"
time_by_treatment,(48 h exposure − 48 h control) − (6 h exposure − 6 h control),HALLMARK_PEROXISOME,HALLMARK_PEROXISOME,99,0.3057811176399902,1.350041677787954,0.03513378177683221,0.12547779206011506,0.09509895819292931,4215,"tags=33%, list=20%, signal=27%",Fdps/Fads1/Pex11a/Ehhadh/Acsl4/Mvp/Tspo/Idi1/Hsd17b4/Cel/Cat/Pex13/Dhrs3/Fis1/Retsat/Ywhah/Rxrg/Pex2/Slc23a2/Hsd3b7/Cln8/Abcd1/Abcc5/Sult2b1/Alb/Acaa1a/Slc25a19/Pex5/Cadm1/Pex14/Prdx1/Top2a/Esr2,FALSE,14,15,Mouse MSigDB 2026.1.Mm Hallmarks,Signed DESeq2 Wald statistic,All 50 Hallmark sets within the interaction estimand,"Between-experiment interaction; not within-animal change, trajectory, replication, validation, or causal attribution to time"
time_by_treatment,(48 h exposure − 48 h control) − (6 h exposure − 6 h control),HALLMARK_REACTIVE_OXYGEN_SPECIES_PATHWAY,HALLMARK_REACTIVE_OXYGEN_SPECIES_PATHWAY,48,0.368422087526209,1.4229779501868198,0.05401088442875604,0.18003628142918682,0.13644855013580476,4617,"tags=35%, list=21%, signal=28%",Ercc2/Hhex/Lsp1/Prdx4/Abcc1/Hmox2/Cat/Prdx2/Srxn1/Glrx/Stk25/Mpo/Mbp/Prdx1/Fes/Cdkn2d/Ndufa6,FALSE,11,11,Mouse MSigDB 2026.1.Mm Hallmarks,Signed DESeq2 Wald statistic,All 50 Hallmark sets within the interaction estimand,"Between-experiment interaction; not within-animal change, trajectory, replication, validation, or causal attribution to time"
time_by_treatment,(48 h exposure − 48 h control) − (6 h exposure − 6 h control),HALLMARK_APICAL_JUNCTION,HALLMARK_APICAL_JUNCTION,184,0.25581145560638874,1.2289725664983857,0.06601466992665037,0.2062958435207824,0.15635053403680352,2890,"tags=21%, list=13%, signal=19%",Tgfbi/Wnk4/Ptprc/Tsc1/Baiap2/Nfasc/Cd34/Rsu1/Ptk2/Actn4/Vcl/Ikbkg/Icam1/Nectin4/Sgce/Mapk14/Sdc3/Cap1/Dlg1/Arhgef6/Epb41l2/Evl/Cadm2/Cdh1/Layn/Sirpa/Hadh/Nlgn2/Map4k2/Ywhah/Itgb1/Krt31/Actn3/Jup/Atp1a3/Mapk11/Mmp2/Cd276/Negr1,FALSE,19,20,Mouse MSigDB 2026.1.Mm Hallmarks,Signed DESeq2 Wald statistic,All 50 Hallmark sets within the interaction estimand,"Between-experiment interaction; not within-animal change, trajectory, replication, validation, or causal attribution to time"
time_by_treatment,(48 h exposure − 48 h control) − (6 h exposure − 6 h control),HALLMARK_DNA_REPAIR,HALLMARK_DNA_REPAIR,146,0.2636175370710886,1.2302485340575884,0.07328605200945626,0.21554721179251843,0.16336209735854026,2884,"tags=21%, list=13%, signal=18%",Trp53/Pold1/Ercc2/Cant1/Ago4/Gmpr2/Ell/Hcls1/Hprt1/Ddb1/Polr2a/Mpc2/Aaas/Dguok/Nfx1/Clp1/Poll/Pde4b/Sec61a1/Rad51/Tarbp2/Nelfcd/Ercc8/Zfp707/Guk1/Usp11/Pold4/Rala/Polr2c/Cetn2,FALSE,18,19,Mouse MSigDB 2026.1.Mm Hallmarks,Signed DESeq2 Wald statistic,All 50 Hallmark sets within the interaction estimand,"Between-experiment interaction; not within-animal change, trajectory, replication, validation, or causal attribution to time"
time_by_treatment,(48 h exposure − 48 h control) − (6 h exposure − 6 h control),HALLMARK_UV_RESPONSE_UP,HALLMARK_UV_RESPONSE_UP,149,0.2615919007965113,1.2249690502956352,0.07801418439716312,0.21670606776989756,0.16424038820455394,2965,"tags=22%, list=14%, signal=19%",Il6st/Grina/Rpn1/Fkbp4/Ctsl/Cdc34/Tap1/Sigmar1/Bcl2l11/Alas1/Dgat1/Pole3/Icam1/Selenow/Mmp14/Tgfbrap1/Tmbim6/Irf1/Hnrnpu/Stard3/Atp6v1c1/Bid/Eif5/Cyb5r1/Aldoa/Hspa2/Olfm1/Stk25/Prkaca/Ppt1/Prkcd/Btg3/Cnp,FALSE,20,21,Mouse MSigDB 2026.1.Mm Hallmarks,Signed DESeq2 Wald statistic,All 50 Hallmark sets within the interaction estimand,"Between-experiment interaction; not within-animal change, trajectory, replication, validation, or causal attribution to time"
time_by_treatment,(48 h exposure − 48 h control) − (6 h exposure − 6 h control),HALLMARK_PANCREAS_BETA_CELLS,HALLMARK_PANCREAS_BETA_CELLS,28,-0.40656131995034095,-1.3561383262948061,0.09074733096085409,0.23880876568645815,0.18099190662552617,2452,"tags=29%, list=11%, signal=25%",Dcx/Hnf1a/Pklr/Akt3/Pax6/Vdr/Dpp4/Mafb,FALSE,50,14,Mouse MSigDB 2026.1.Mm Hallmarks,Signed DESeq2 Wald statistic,All 50 Hallmark sets within the interaction estimand,"Between-experiment interaction; not within-animal change, trajectory, replication, validation, or causal attribution to time"
time_by_treatment,(48 h exposure − 48 h control) − (6 h exposure − 6 h control),HALLMARK_PI3K_AKT_MTOR_SIGNALING,HALLMARK_PI3K_AKT_MTOR_SIGNALING,100,0.28116408312514113,1.240350883792693,0.09745762711864407,0.2436440677966102,0.18465655664585193,3505,"tags=23%, list=16%, signal=19%",Cltc/Actr3/Dusp3/Cfl1/Rps6ka1/Akt1s1/Smad2/Ppp2r1b/Ywhab/Nfkbib/Arhgdia/Hsp90b1/Ecsit/Traf2/Actr2/Slc2a1/Cdkn1a/Mknk1/Tnfrsf1a/Ap2m1/Il2rg/Map2k6/Mknk2,FALSE,17,18,Mouse MSigDB 2026.1.Mm Hallmarks,Signed DESeq2 Wald statistic,All 50 Hallmark sets within the interaction estimand,"Between-experiment interaction; not within-animal change, trajectory, replication, validation, or causal attribution to time"
time_by_treatment,(48 h exposure − 48 h control) − (6 h exposure − 6 h control),HALLMARK_TGF_BETA_SIGNALING,HALLMARK_TGF_BETA_SIGNALING,52,0.3224415977378328,1.2683838477499123,0.10851063829787234,0.246615087040619,0.1869082764939428,1873,"tags=19%, list=9%, signal=18%",Bmpr1a/Bmpr2/Smad3/Eng/Thbs1/Skil/Fnta/Pmepa1/Cdh1/Id3,FALSE,16,17,Mouse MSigDB 2026.1.Mm Hallmarks,Signed DESeq2 Wald statistic,All 50 Hallmark sets within the interaction estimand,"Between-experiment interaction; not within-animal change, trajectory, replication, validation, or causal attribution to time"
time_by_treatment,(48 h exposure − 48 h control) − (6 h exposure − 6 h control),HALLMARK_HEME_METABOLISM,HALLMARK_HEME_METABOLISM,181,0.24537623478877776,1.1772084380484253,0.10757946210268948,0.246615087040619,0.1869082764939428,2918,"tags=23%, list=14%, signal=20%",Sec14l1/Dcaf11/Riok3/Atp6v0a1/Endod1/Mpp1/E2f2/Blvrb/Kel/Alad/Usp15/Ctsb/Abcb6/Pdzk1ip1/Gde1/Ppox/Klf3/Cat/Slc22a4/Ctns/Hmbs/Nek7/Kat2b/Ncoa4/Nr3c1/Mark3/Htatip2/Prdx2/Lamp2/Gmps/Blvra/Tspo2/Nfe2l1/Sidt2/Slc2a1/Add2/Add1/Igsf3/Slc11a2/Rad23a/Dmtn,FALSE,22,23,Mouse MSigDB 2026.1.Mm Hallmarks,Signed DESeq2 Wald statistic,All 50 Hallmark sets within the interaction estimand,"Between-experiment interaction; not within-animal change, trajectory, replication, validation, or causal attribution to time"
time_by_treatment,(48 h exposure − 48 h control) − (6 h exposure − 6 h control),HALLMARK_ANDROGEN_RESPONSE,HALLMARK_ANDROGEN_RESPONSE,92,0.27360337248610944,1.1899312033540268,0.12095032397408208,0.2610565110565111,0.1978533557480926,3364,"tags=30%, list=16%, signal=26%",Fads1/B2m/Idi1/Pgm3/Pdlim5/Inpp4b/Hsd17b14/Tpd52/Gnai3/Hmgcr/Pmepa1/Acsl3/Xrcc6/Tmprss2/Ncoa4/Slc26a2/Selenop/Ccnd1/Hpgd/Lman1/Aldh1a3/Pa2g4/Hmgcs1/Sec24d/Tsc22d1/Srf/Sat1/Camkk2,FALSE,21,22,Mouse MSigDB 2026.1.Mm Hallmarks,Signed DESeq2 Wald statistic,All 50 Hallmark sets within the interaction estimand,"Between-experiment interaction; not within-animal change, trajectory, replication, validation, or causal attribution to time"
time_by_treatment,(48 h exposure − 48 h control) − (6 h exposure − 6 h control),HALLMARK_ESTROGEN_RESPONSE_EARLY,HALLMARK_ESTROGEN_RESPONSE_EARLY,182,0.24316409670159078,1.1662810413932654,0.12530712530712532,0.2610565110565111,0.1978533557480926,3044,"tags=21%, list=14%, signal=18%",Il6st/Kdm4b/Celsr2/Olfml3/Pex11a/Cant1/Fkbp4/Nav2/Pdzk1/Endod1/Add3/Blvrb/Bcl11b/Greb1/Slc22a5/Abca3/Aldh3b1/Mapt/Podxl/Syngr1/Dhrs3/Tiparp/Eeig1/Slc26a2/Mybbp1a/Il17rb/Ccnd1/Slc2a1/Olfm1/Svil/Fcmr/Rhod/Farp1/Mast4/Amfr/Tpd52l1/Cbfa2t3/Igfbp4,FALSE,23,24,Mouse MSigDB 2026.1.Mm Hallmarks,Signed DESeq2 Wald statistic,All 50 Hallmark sets within the interaction estimand,"Between-experiment interaction; not within-animal change, trajectory, replication, validation, or causal attribution to time"
time_by_treatment,(48 h exposure − 48 h control) − (6 h exposure − 6 h control),HALLMARK_XENOBIOTIC_METABOLISM,HALLMARK_XENOBIOTIC_METABOLISM,178,0.2401038564930921,1.1536260059881571,0.1323529411764706,0.2647058823529412,0.20061919504643963,3181,"tags=21%, list=15%, signal=18%",Gss/Abhd6/Acp2/Il1r1/Mccc2/Pgd/Aldh2/Bphl/Comt/Blvrb/Apoe/Cyp27a1/Pdlim5/Alas1/Spint2/Por/Hprt1/Npc1/Arg1/Pgrmc1/Cat/Sar1b/Tmbim6/Abcc2/Tmem176b/Retsat/Slc46a3/Ppard/Irf8/Ddt/Jup/Cd36/Slc6a6/Cyp17a1/Hsd11b1/Igfbp4/Tnfrsf1a/Pcx,FALSE,26,29,Mouse MSigDB 2026.1.Mm Hallmarks,Signed DESeq2 Wald statistic,All 50 Hallmark sets within the interaction estimand,"Between-experiment interaction; not within-animal change, trajectory, replication, validation, or causal attribution to time"
time_by_treatment,(48 h exposure − 48 h control) − (6 h exposure − 6 h control),HALLMARK_EPITHELIAL_MESENCHYMAL_TRANSITION,HALLMARK_EPITHELIAL_MESENCHYMAL_TRANSITION,176,-0.25041294923527074,-1.1641424919618124,0.1554054054054054,0.27750965250965254,0.21032310505994714,3105,"tags=19%, list=14%, signal=17%",Abi3bp/Eno2/Ecm1/Gpc1/Col6a3/Fn1/Inhba/Tgfb1/Adam12/Snai2/Gja1/Fbln1/Fbln2/Sgcd/Col6a2/Serpine1/Tnc/Cdh6/Rhob/Timp3/Col4a1/Sfrp4/Spock1/Postn/Col1a1/Mfap5/P3h1/Col5a1/Bmp1/Fap/Sgcg/Mylk/Dst/Col7a1,FALSE,49,25,Mouse MSigDB 2026.1.Mm Hallmarks,Signed DESeq2 Wald statistic,All 50 Hallmark sets within the interaction estimand,"Between-experiment interaction; not within-animal change, trajectory, replication, validation, or causal attribution to time"
time_by_treatment,(48 h exposure − 48 h control) − (6 h exposure − 6 h control),HALLMARK_MYOGENESIS,HALLMARK_MYOGENESIS,185,-0.24827512323723339,-1.1634039004805936,0.15280135823429541,0.27750965250965254,0.21032310505994714,5118,"tags=32%, list=24%, signal=25%",Smtn/Dmd/Akt2/Cacna1h/Wwtr1/Myl3/Slc6a8/Myh3/Mras/Col3a1/Sorbs3/Rb1/Acsl1/Tpm2/Myh8/Fgf2/Stc2/Mapk12/Bdkrb2/Psen2/Schip1/Itga7/Myl1/Chrng/Col6a3/Itgb4/Ifrd1/Tgfb1/Bhlhe40/Adam12/Cnn3/Sgcd/Sptan1/Col6a2/Pkia/Lpin1/Adcy9/Tcap/Atp2a1/Fxyd1/Tnnc1/Myoz1/Kcnh2/Sorbs1/Fst/Tnni1/Pdlim7/Tsc2/Fhl1/Col1a1/Myh7/Tnnt2/Ablim1/Sgcg/Actn2/Ryr1/Prnp/Nos1/Mylk,FALSE,48,26,Mouse MSigDB 2026.1.Mm Hallmarks,Signed DESeq2 Wald statistic,All 50 Hallmark sets within the interaction estimand,"Between-experiment interaction; not within-animal change, trajectory, replication, validation, or causal attribution to time"
time_by_treatment,(48 h exposure − 48 h control) − (6 h exposure − 6 h control),HALLMARK_UV_RESPONSE_DN,HALLMARK_UV_RESPONSE_DN,141,0.2489249033899471,1.1580337823781488,0.14849187935034802,0.27750965250965254,0.21032310505994714,2666,"tags=18%, list=12%, signal=16%",Bmpr1a/Nrp1/Map1b/Smad3/Cav1/Lpar1/F3/Add3/Pik3cd/Acvr2a/Pdlim5/Inpp4b/Prdm2/Abcc1/Apbb2/Ptprm/Spop/Mgmt/Mapk14/Dlg1/Nek7/Nr3c1/Dab2/Cacna1a/Pmp22/Sipa1l1,FALSE,24,27,Mouse MSigDB 2026.1.Mm Hallmarks,Signed DESeq2 Wald statistic,All 50 Hallmark sets within the interaction estimand,"Between-experiment interaction; not within-animal change, trajectory, replication, validation, or causal attribution to time"
time_by_treatment,(48 h exposure − 48 h control) − (6 h exposure − 6 h control),HALLMARK_E2F_TARGETS,HALLMARK_E2F_TARGETS,198,0.22939646462500704,1.1154058076670523,0.19174757281553398,0.3305992634750586,0.25055944179162337,4298,"tags=26%, list=20%, signal=21%",Trp53/Pold1/Melk/Nup153/Ung/Mthfd2/Mcm3/Rbbp7/Tubb5/Rad50/Pms2/Syncrip/Eed/Prdx4/Hells/Plk1/Chek1/Xrcc6/Prkdc/Ing3/Rrm2/Anp32e/Tk1/Smc1a/Spag5/Lsm8/Snrpb/Pa2g4/Gins4/Cks2/Cdkn1a/Brms1l/Hnrnpd/Mki67/Atad2/Brca1/Bub1b/Spc25/Ube2t/Nup107/Diaph3/Rad51ap1/Tbrg4/Ddx39a/Nme1/Dck/Pan2/Orc2/Top2a/Hus1/Ccp110/Cdc20,FALSE,27,31,Mouse MSigDB 2026.1.Mm Hallmarks,Signed DESeq2 Wald statistic,All 50 Hallmark sets within the interaction estimand,"Between-experiment interaction; not within-animal change, trajectory, replication, validation, or causal attribution to time"
time_by_treatment,(48 h exposure − 48 h control) − (6 h exposure − 6 h control),HALLMARK_P53_PATHWAY,HALLMARK_P53_PATHWAY,198,-0.23647126299442378,-1.1166473327168327,0.20847457627118643,0.3474576271186441,0.2633363068688671,4401,"tags=24%, list=20%, signal=19%",Slc35d1/Rb1/Hras/Hdac3/Sesn1/Cebpa/Cyfip2/Pmm1/H1f2/Ada/Pitpnc1/Fas/Serpinb5/Abhd4/Vamp8/Iscu/Inhbb/Tm4sf1/Gpx2/H2aj/S100a4/S100a10/Itgb4/Rad51c/Ppm1d/Tgfb1/Zfp36l1/Tprkb/Zfp365/Ier5/Tchh/Ercc5/Klf4/Tnni1/Coq8a/Aen/Hspa4l/Pvt1/St14/Foxo3/Ninj1/Txnip/Vdr/Ddit4/Slc7a11/Zbtb16/Lif/Ccnd3,FALSE,47,30,Mouse MSigDB 2026.1.Mm Hallmarks,Signed DESeq2 Wald statistic,All 50 Hallmark sets within the interaction estimand,"Between-experiment interaction; not within-animal change, trajectory, replication, validation, or causal attribution to time"
time_by_treatment,(48 h exposure − 48 h control) − (6 h exposure − 6 h control),HALLMARK_GLYCOLYSIS,HALLMARK_GLYCOLYSIS,189,0.22522439172374656,1.0862156993245764,0.22673031026252982,0.36569404881053197,0.27715759488798214,3473,"tags=21%, list=16%, signal=18%",Tgfbi/Il13ra1/Qsox1/Fkbp4/Slc16a3/Idua/B3gnt3/Copb2/Cenpa/Alg1/Akr1a1/Galk1/Mpi/B4galt4/Ppia/Abcb6/Chst1/Pkm/Sdc3/Me1/Gmppb/Hs2st1/Tpi1/Glrx/Pgm2/Aldoa/Egln3/Chst2/Dcn/Gys1/Mdh1/Gapdhs/Pkp2/Pcx/P4ha1/Rragd/Capn5/Cog2/Mif/Lhpp,FALSE,29,34,Mouse MSigDB 2026.1.Mm Hallmarks,Signed DESeq2 Wald statistic,All 50 Hallmark sets within the interaction estimand,"Between-experiment interaction; not within-animal change, trajectory, replication, validation, or causal attribution to time"
time_by_treatment,(48 h exposure − 48 h control) − (6 h exposure − 6 h control),HALLMARK_ANGIOGENESIS,HALLMARK_ANGIOGENESIS,31,0.33138671853484136,1.1538137916425069,0.23917995444191345,0.3715034965034965,0.28156054471843944,2104,"tags=16%, list=10%, signal=15%",Nrp1/Ptk2/Lrpap1/Ccnd2/Spp1,FALSE,25,28,Mouse MSigDB 2026.1.Mm Hallmarks,Signed DESeq2 Wald statistic,All 50 Hallmark sets within the interaction estimand,"Between-experiment interaction; not within-animal change, trajectory, replication, validation, or causal attribution to time"
time_by_treatment,(48 h exposure − 48 h control) − (6 h exposure − 6 h control),HALLMARK_ADIPOGENESIS,HALLMARK_ADIPOGENESIS,194,0.22448737687416376,1.0883413640100645,0.24519230769230768,0.3715034965034965,0.28156054471843944,2904,"tags=21%, list=13%, signal=18%",Ndufab1/Samm50/Aldh2/Riok3/Pgm1/Gpd2/Bcl2l13/Apoe/Cd151/Idh3g/Miga2/Por/Dgat1/Prdx3/Slc19a1/Nkiras1/Cd302/Cs/Stom/Sowahc/Qdpr/Abca1/Cat/Ghitm/Me1/Dnajc15/Hadh/Reep5/Acly/Retsat/Acadl/Cyc1/Aldoa/Ddt/Atp1b3/Cd36/Bckdha/Ccng2/Rab34/Reep6/Atl2,FALSE,28,33,Mouse MSigDB 2026.1.Mm Hallmarks,Signed DESeq2 Wald statistic,All 50 Hallmark sets within the interaction estimand,"Between-experiment interaction; not within-animal change, trajectory, replication, validation, or causal attribution to time"
time_by_treatment,(48 h exposure − 48 h control) − (6 h exposure − 6 h control),HALLMARK_KRAS_SIGNALING_DN,HALLMARK_KRAS_SIGNALING_DN,155,-0.23998773508701174,-1.0925907913999242,0.27806563039723664,0.40892004470181864,0.3099183496687467,5167,"tags=32%, list=24%, signal=24%",Pnmt/Gprc5c/Kcnq2/Copz2/Kcnmb1/Tshb/Grid2/Thrb/Cdh16/Itih3/Pkp1/Cyp39a1/Slc25a23/Atp6v1b1/Bmpr1b/Serpina10/Klhdc8a/Ptgfr/Gpr3/Prkn/Brdt/Mefv/Cpb1/Slc38a3/Ryr2/Abcb11/P2rx6/Chrng/Ptprj/P2ry4/Hnf1a/Dtnb/Tfcp2l1/Sox10/Htr1b/Slc30a3/Sidt1/Slc5a5/Tgfb2/Arpp21/Coq8a/Myh7/Tgm1/Ryr1/Abcg4/Nos1/Zbtb16/Synpo/Tex15,FALSE,46,32,Mouse MSigDB 2026.1.Mm Hallmarks,Signed DESeq2 Wald statistic,All 50 Hallmark sets within the interaction estimand,"Between-experiment interaction; not within-animal change, trajectory, replication, validation, or causal attribution to time"
time_by_treatment,(48 h exposure − 48 h control) − (6 h exposure − 6 h control),HALLMARK_G2M_CHECKPOINT,HALLMARK_G2M_CHECKPOINT,193,0.21867864975738527,1.0575579114935876,0.29256594724220625,0.4179513532031518,0.31676313084870455,5214,"tags=31%, list=24%, signal=24%",Slc12a2/Nusap1/Smad3/G3bp1/Ss18/Mcm3/Snrpd1/E2f2/Chaf1a/Marcks/Cenpa/Syncrip/Incenp/Uck2/Mapk14/Plk1/Chek1/E2f4/Kif23/Ccnf/Rad54l/Cdc45/Hnrnpu/Hif1a/Dr1/Katna1/Smc1a/Pbk/Ccna2/Ccnd1/Lig3/Rbl1/Cks2/Hnrnpd/Mki67/Cbx1/Pml/Tnpo2/Bub1/Ddx39a/Egf/Pafah1b1/Orc5/Top2a/Hus1/Cdc20/Hira/Dbf4/Knl1/Ewsr1/Ccnb2/Srsf1/Rpa2/Slc7a1/Fancc/H2az1/Hmga1b/Chmp1a/Polq/Cdkn2c,FALSE,30,37,Mouse MSigDB 2026.1.Mm Hallmarks,Signed DESeq2 Wald statistic,All 50 Hallmark sets within the interaction estimand,"Between-experiment interaction; not within-animal change, trajectory, replication, validation, or causal attribution to time"
time_by_treatment,(48 h exposure − 48 h control) − (6 h exposure − 6 h control),HALLMARK_NOTCH_SIGNALING,HALLMARK_NOTCH_SIGNALING,32,-0.31548416112363037,-1.085477515188352,0.32167832167832167,0.42326094957673904,0.32078724599500225,4942,"tags=31%, list=23%, signal=24%",Psenen/Fzd5/Dtx1/Dll1/Hes1/Cul1/Psen2/Notch3/Aph1a/Tcf7l2,FALSE,45,35,Mouse MSigDB 2026.1.Mm Hallmarks,Signed DESeq2 Wald statistic,All 50 Hallmark sets within the interaction estimand,"Between-experiment interaction; not within-animal change, trajectory, replication, validation, or causal attribution to time"
time_by_treatment,(48 h exposure − 48 h control) − (6 h exposure − 6 h control),HALLMARK_FATTY_ACID_METABOLISM,HALLMARK_FATTY_ACID_METABOLISM,146,-0.23483455630998654,-1.059841414324179,0.3160621761658031,0.42326094957673904,0.32078724599500225,4790,"tags=29%, list=22%, signal=23%",Echs1/Hsd17b10/Acot8/Hmgcs2/Eci2/Acsl1/Bmpr1b/Aldh1a1/Elovl5/Auh/Ltc4s/Cpox/Kmt5a/Gstz1/Aco2/Rdh11/Eno2/Hsp90aa1/Fasn/Mlycd/S100a10/Hao2/Prdx6/Idh1/Maoa/Etfdh/Mdh2/Acadm/Idh3b/Xist/Rdh1/Hmgcl/Hsd17b11/Dhcr24/Pts/Cpt2/Acadvl/Bckdhb/Hibch/Grhpr/Gpd1/Aqp7/Glul,FALSE,44,36,Mouse MSigDB 2026.1.Mm Hallmarks,Signed DESeq2 Wald statistic,All 50 Hallmark sets within the interaction estimand,"Between-experiment interaction; not within-animal change, trajectory, replication, validation, or causal attribution to time"
time_by_treatment,(48 h exposure − 48 h control) − (6 h exposure − 6 h control),HALLMARK_ESTROGEN_RESPONSE_LATE,HALLMARK_ESTROGEN_RESPONSE_LATE,178,0.2199901164391703,1.056985602361165,0.3137254901960784,0.42326094957673904,0.32078724599500225,3044,"tags=17%, list=14%, signal=15%",Il6st/Celsr2/Ckb/Cav1/Cd9/Fkbp4/Pdzk1/Add3/Blvrb/Slc22a5/Abca3/Aldh3b1/Hprt1/Chst8/Mapt/Cdh1/Eeig1/Slc26a2/S100a9/Ptpn6/Il17rb/Ccnd1/Olfm1/Ltf/Farp1/Igsf1/Amfr/Tpd52l1/Btg3/Igfbp4,FALSE,31,38,Mouse MSigDB 2026.1.Mm Hallmarks,Signed DESeq2 Wald statistic,All 50 Hallmark sets within the interaction estimand,"Between-experiment interaction; not within-animal change, trajectory, replication, validation, or causal attribution to time"
time_by_treatment,(48 h exposure − 48 h control) − (6 h exposure − 6 h control),HALLMARK_APICAL_SURFACE,HALLMARK_APICAL_SURFACE,41,0.2808647706313113,1.0483497093871936,0.3774403470715835,0.4718004338394794,0.3575750656467634,1647,"tags=12%, list=8%, signal=11%",Sulf2/Rtn4rl1/Ncoa6/Flot2/Adam10,FALSE,32,39,Mouse MSigDB 2026.1.Mm Hallmarks,Signed DESeq2 Wald statistic,All 50 Hallmark sets within the interaction estimand,"Between-experiment interaction; not within-animal change, trajectory, replication, validation, or causal attribution to time"
time_by_treatment,(48 h exposure − 48 h control) − (6 h exposure − 6 h control),HALLMARK_WNT_BETA_CATENIN_SIGNALING,HALLMARK_WNT_BETA_CATENIN_SIGNALING,36,0.28709329184662424,1.0425634544434985,0.37727272727272726,0.4718004338394794,0.3575750656467634,4803,"tags=31%, list=22%, signal=24%",Trp53/Frat1/Ccnd2/Numb/Ppard/Ncstn/Skp2/Notch1/Jag1/Ptch1/Hdac5,FALSE,33,40,Mouse MSigDB 2026.1.Mm Hallmarks,Signed DESeq2 Wald statistic,All 50 Hallmark sets within the interaction estimand,"Between-experiment interaction; not within-animal change, trajectory, replication, validation, or causal attribution to time"
time_by_treatment,(48 h exposure − 48 h control) − (6 h exposure − 6 h control),HALLMARK_MYC_TARGETS_V1,HALLMARK_MYC_TARGETS_V1,192,0.21178559573220568,1.0224677332811911,0.3927710843373494,0.47898912724067,0.36302333854029734,3308,"tags=19%, list=15%, signal=16%",G3bp1/Ndufab1/Snrpd1/Syncrip/Slc25a3/Prdx4/Prdx3/Hprt1/Canx/Pole3/Psmd14/Snrpd3/Dhx15/Eef1b2/Ppia/Sf3b3/Txnl4a/Ddx18/Psma1/Cdc45/Xrcc6/Hnrnpu/Rps3/Uba2/Psmb2/Ccna2/Ncbp1/Cyc1/Pa2g4/Lsm2/Snrpd2/Hnrnpc/Hnrnpd/Psma4/Hnrnpa2b1/Ilf2/Vdac3,FALSE,34,41,Mouse MSigDB 2026.1.Mm Hallmarks,Signed DESeq2 Wald statistic,All 50 Hallmark sets within the interaction estimand,"Between-experiment interaction; not within-animal change, trajectory, replication, validation, or causal attribution to time"
time_by_treatment,(48 h exposure − 48 h control) − (6 h exposure − 6 h control),HALLMARK_MITOTIC_SPINDLE,HALLMARK_MITOTIC_SPINDLE,199,0.20539803192745895,0.9990147328163891,0.4951219512195122,0.5894308943089431,0.4467265725288832,4732,"tags=28%, list=22%, signal=22%",Hdac6/Nusap1/Tubgcp5/Tsc1/Dock2/Map1s/Ckap5/Clip2/Actn4/Marcks/Vcl/Prex1/Arhgap4/Pdlim5/Bcl2l11/Cdc42/Arhgdia/Incenp/Arl8a/Plk1/Arhgef2/Kif23/Dlg1/Epb41l2/Myo1e/Katna1/Smc1a/Rapgef6/Flna/Net1/Katnb1/Farp1/Clip1/Trio/Ophn1/Rabgap1/Itsn1/Capzb/Bcr/Bub1/Sos1/Bin1/Pafah1b1/Arhgap5/Als2/Fscn1/Top2a/Csnk1d/Ranbp9/Rhof/Lats1/Mapre1/Tbcd/Apc/Ccnb2,FALSE,35,42,Mouse MSigDB 2026.1.Mm Hallmarks,Signed DESeq2 Wald statistic,All 50 Hallmark sets within the interaction estimand,"Between-experiment interaction; not within-animal change, trajectory, replication, validation, or causal attribution to time"
time_by_treatment,(48 h exposure − 48 h control) − (6 h exposure − 6 h control),HALLMARK_APOPTOSIS,HALLMARK_APOPTOSIS,156,0.2076608456512693,0.9828380033750242,0.513953488372093,0.5976203353163873,0.45293330676610394,4237,"tags=24%, list=20%, signal=19%",Dpyd/Cav1/Gna15/Tspo/Ifitm3/Ptk2/Tap1/Bcl2l11/Mgmt/Irf1/Tnf/Nefh/Ppp3r1/Ccnd2/Pak1/Retsat/Bid/Ccnd1/Plcb2/Madd/Add1/Ppt1/Mmp2/Dcn/Cdkn1a/Igf2r/Btg3/Brca1/Sat1/Cd69/Hmox1/Erbb3/Erbb2/Top2a/Bcl2l1/Lgals3/Clu,FALSE,36,43,Mouse MSigDB 2026.1.Mm Hallmarks,Signed DESeq2 Wald statistic,All 50 Hallmark sets within the interaction estimand,"Between-experiment interaction; not within-animal change, trajectory, replication, validation, or causal attribution to time"
time_by_treatment,(48 h exposure − 48 h control) − (6 h exposure − 6 h control),HALLMARK_UNFOLDED_PROTEIN_RESPONSE,HALLMARK_UNFOLDED_PROTEIN_RESPONSE,109,-0.22137857506318306,-0.9617994214353799,0.5567765567765568,0.6327006327006328,0.47952047952047955,4974,"tags=27%, list=23%, signal=21%",Sec31a/Rrp9/Eif4e/Rps14/Eif4a1/Hyou1/Arfgap1/Stc2/Calr/Iars1/Psat1/Lsm1/Eif4ebp1/Exosc9/Dcp2/Eif4a3/Wfs1/Dnajb9/Slc30a5/Khsrp/Xbp1/Exosc2/Tatdn2/Asns/Nabp1/Ddx10/Fkbp14/Zbtb17/Ddit4,FALSE,43,44,Mouse MSigDB 2026.1.Mm Hallmarks,Signed DESeq2 Wald statistic,All 50 Hallmark sets within the interaction estimand,"Between-experiment interaction; not within-animal change, trajectory, replication, validation, or causal attribution to time"
time_by_treatment,(48 h exposure − 48 h control) − (6 h exposure − 6 h control),HALLMARK_BILE_ACID_METABOLISM,HALLMARK_BILE_ACID_METABOLISM,104,0.2153027992769734,0.9512235006570882,0.5789473684210527,0.6432748538011697,0.4875346260387812,3262,"tags=21%, list=15%, signal=18%",Fads1/Pex11a/Bmp6/Idi1/Cyp27a1/Abca3/Npc1/Hsd17b4/Cyp7a1/Abca1/Cat/Pnpla8/Pex13/Retsat/Pfkm/Abca2/Rxrg/Abca6/Slc23a2/Ch25h/Hsd3b7/Pxmp2,FALSE,37,45,Mouse MSigDB 2026.1.Mm Hallmarks,Signed DESeq2 Wald statistic,All 50 Hallmark sets within the interaction estimand,"Between-experiment interaction; not within-animal change, trajectory, replication, validation, or causal attribution to time"
time_by_treatment,(48 h exposure − 48 h control) − (6 h exposure − 6 h control),HALLMARK_HEDGEHOG_SIGNALING,HALLMARK_HEDGEHOG_SIGNALING,32,-0.25729533777123337,-0.885268860784488,0.6416083916083916,0.6974004256612951,0.5285561120801395,1465,"tags=16%, list=7%, signal=15%",Nrcam/Ldb1/Tle3/Cdk6/Celsr1,FALSE,42,46,Mouse MSigDB 2026.1.Mm Hallmarks,Signed DESeq2 Wald statistic,All 50 Hallmark sets within the interaction estimand,"Between-experiment interaction; not within-animal change, trajectory, replication, validation, or causal attribution to time"
time_by_treatment,(48 h exposure − 48 h control) − (6 h exposure − 6 h control),HALLMARK_MYC_TARGETS_V2,HALLMARK_MYC_TARGETS_V2,58,-0.2198582324725462,-0.8562947319997822,0.7242647058823529,0.7704943679599499,0.5839536262433305,5128,"tags=33%, list=24%, signal=25%",Slc29a2/Rrp9/Tmem97/Myc/Noc4l/Srm/Bysl/Grwd1/Rcl1/Ipo4/Hspe1/Pus1/Dctpp1/Rrp12/Tcof1/Mphosph10/Phb1/Mrto4/Aimp2,FALSE,41,48,Mouse MSigDB 2026.1.Mm Hallmarks,Signed DESeq2 Wald statistic,All 50 Hallmark sets within the interaction estimand,"Between-experiment interaction; not within-animal change, trajectory, replication, validation, or causal attribution to time"
time_by_treatment,(48 h exposure − 48 h control) − (6 h exposure − 6 h control),HALLMARK_CHOLESTEROL_HOMEOSTASIS,HALLMARK_CHOLESTEROL_HOMEOSTASIS,67,-0.21152826741300151,-0.8487437921818087,0.7587476979742173,0.7903621853898097,0.5990113405059609,3321,"tags=21%, list=15%, signal=18%",Cpeb2/Stard4/Fasn/Mvd/Aldoc/Atf5/Gldc/Ldlr/Antxr2/Srebf2/Acss2/Trp53inp1/Chka/Lss,FALSE,40,49,Mouse MSigDB 2026.1.Mm Hallmarks,Signed DESeq2 Wald statistic,All 50 Hallmark sets within the interaction estimand,"Between-experiment interaction; not within-animal change, trajectory, replication, validation, or causal attribution to time"
time_by_treatment,(48 h exposure − 48 h control) − (6 h exposure − 6 h control),HALLMARK_HYPOXIA,HALLMARK_HYPOXIA,185,0.1819597930894402,0.8762032556928898,0.8111380145278451,0.8276918515590256,0.6273032980236825,3638,"tags=20%, list=17%, signal=17%",Tgfbi/Lox/Cav1/Gaa/F3/Pgm1/Errfi1/Galk1/Slc2a5/Tpd52/Hexa/Wsb1/Sdc3/Map3k1/Tiparp/Pim1/Nr3c1/Tpi1/Glrx/Pgm2/Aldoa/Slc2a1/Chst2/Hs3st1/Dcn/Cdkn1a/Ccng2/Gys1/Slc6a6/Eno3/Rora/Gapdhs/P4ha1/Rragd/Mif/Tnfaip3/Hmox1,FALSE,38,47,Mouse MSigDB 2026.1.Mm Hallmarks,Signed DESeq2 Wald statistic,All 50 Hallmark sets within the interaction estimand,"Between-experiment interaction; not within-animal change, trajectory, replication, validation, or causal attribution to time"
time_by_treatment,(48 h exposure − 48 h control) − (6 h exposure − 6 h control),HALLMARK_SPERMATOGENESIS,HALLMARK_SPERMATOGENESIS,110,0.17798163729498073,0.7872701718162828,0.9330357142857143,0.9330357142857143,0.7071428571428572,5363,"tags=26%, list=25%, signal=20%",Tsn/Slc12a2/Coil/Slc2a5/Psmg1/Hspa1l/Nefh/Tnni3/Acrbp/Hspa2/Sirt1/Septin4/Gmcl1/Gapdhs/Vdac3/Rad17/Bub1/Tle4/Map7/Dbf4/Zc2hc1c/Ift88/Mlf1/Ccnb2/Jam3/Dmc1/Zc3h14/Ldhc/Hoxb1,FALSE,39,50,Mouse MSigDB 2026.1.Mm Hallmarks,Signed DESeq2 Wald statistic,All 50 Hallmark sets within the interaction estimand,"Between-experiment interaction; not within-animal change, trajectory, replication, validation, or causal attribution to time"
