estimand,contrast,ID,Description,setSize,enrichmentScore,NES,pvalue,p.adjust,qvalue,rank,leading_edge,core_enrichment,fdr_lt_0_05,nes_rank_descending,absolute_nes_rank
treatment_6h,6 h: isoflurane plus laparotomy minus source-labelled control,HALLMARK_INTERFERON_ALPHA_RESPONSE,HALLMARK_INTERFERON_ALPHA_RESPONSE,91,-0.5377419663100561,-2.3941954282343594,2.778353482192303e-9,1.3891767410961515e-7,9.651122622352212e-8,4605,"tags=53%, list=24%, signal=40%",Irf7/Usp18/Elf1/Isg15/Rnf31/Herc6/Tdrd7/Casp8/Casp1/Il15/Csf1/Cd74/Ifi35/Wars1/Cnp/Rtp4/Psme1/Helz2/Ogfr/Slc25a28/Nub1/Trim26/Mov10/Lpar6/Psme2/Batf2/Ly6e/Epsti1/Ifih1/Ifi30/Procr/Tmem140/B2m/Ccrl2/Tap1/Cxcl10/Dhx58/Lgals3bp/Gmpr/Bst2/Trim21/Oas1a/Psmb9/Mx2/Irf1/Ifitm3/Ifit3/Samd9l,TRUE,50,1
treatment_6h,6 h: isoflurane plus laparotomy minus source-labelled control,HALLMARK_INTERFERON_GAMMA_RESPONSE,HALLMARK_INTERFERON_GAMMA_RESPONSE,178,-0.4233474693650186,-2.1004942547605983,1.559372940331986e-8,3.898432350829965e-7,2.7083845805766074e-7,4029,"tags=42%, list=21%, signal=34%",Bpgm/Rnf31/Irf5/Herc6/Tdrd7/Oas2/Itgb7/Psmb2/Casp8/Nup93/Rigi/Tnfaip6/Casp1/Il15/Rapgef6/Fcgr1/Cd74/Ifi35/Cfh/Wars1/Pml/Rtp4/Psme1/Helz2/Ogfr/Cdkn1a/Tapbp/Slc25a28/H2-DMa/Irf4/Trim26/Rnf213/Sppl2a/Nfkb1/Stat1/Eif4e3/Psme2/Batf2/St3gal5/Ly6e/Btg1/Epsti1/Mvp/Ifih1/Nampt/Ifi30/Vcam1/Mthfd2/Ptpn6/B2m/Pla2g4a/Tap1/Cxcl10/Ptgs2/Lats2/Dhx58/Pde4b/Icam1/Lgals3bp/Bst2/Irf8/Trim21/Bank1/H2-Aa/Ifnar2/Psmb9/Mx2/Irf1/Ifitm3/Hif1a/Tnfaip3/Slamf7/Ifit3/Il10ra/Samd9l,TRUE,49,2
treatment_6h,6 h: isoflurane plus laparotomy minus source-labelled control,HALLMARK_TNFA_SIGNALING_VIA_NFKB,HALLMARK_TNFA_SIGNALING_VIA_NFKB,183,-0.3502334697632876,-1.7414376745494418,6.575229839311164e-5,0.001095871639885194,7.613424024465559e-4,3558,"tags=34%, list=18%, signal=28%",Il18/Gem/Tnip2/B4galt5/Dram1/Rnf19b/Rigi/Tnfaip6/Stat5a/Slc2a6/Atp2b1/Csf1/Trib1/Ifngr2/Nfat5/Cdkn1a/Pdlim5/Nfkb1/Tnip1/Pnrc1/Btg3/Btg1/Tsc22d1/Atf3/Ifih1/Nampt/Map2k3/Sat1/Ehd1/Ccrl2/Tap1/Cxcl10/Gpr183/Ptgs2/Ptpre/Ier3/Abca1/Pde4b/Birc3/Rel/Icam1/Tubb2a/Plek/Ccnd1/Tlr2/Irf1/Litaf/Pmepa1/Tiparp/Nfkbie/Slc16a6/Junb/Tnfaip3/Tnf/Plau/F3/Relb/Marcks/Il1a/Nfkb2/Smad3/Cd83/Il6st,TRUE,48,3
treatment_6h,6 h: isoflurane plus laparotomy minus source-labelled control,HALLMARK_INFLAMMATORY_RESPONSE,HALLMARK_INFLAMMATORY_RESPONSE,169,-0.3237670722818592,-1.5941329903254517,5.141076081476617e-4,0.0064263451018457705,0.004464618702334957,3393,"tags=30%, list=18%, signal=25%",Tnfaip6/Il15/Atp2b1/Abi1/P2rx4/Csf1/Clec5a/Sema4d/Slc28a2/Ifngr2/Rtp4/Ifnar1/Acvr2a/Cdkn1a/Tapbp/Nfkb1/Ly6e/Osm/Slamf1/Nampt/Scn1b/Marco/Mmp14/Rnf144b/Ccrl2/Cxcl10/Slc11a2/Gpr183/Ptpre/Abca1/Cd82/Pde4b/Adgre1/Rhog/Icam1/Bst2/Cd48/Ebi3/Il1r1/Tlr2/Irf1/Hif1a/Irak2/Lpar1/Hpn/F3/Ptafr/Il10ra/Il1a/Csf3r/Gna15,TRUE,45,6
treatment_6h,6 h: isoflurane plus laparotomy minus source-labelled control,HALLMARK_PEROXISOME,HALLMARK_PEROXISOME,95,-0.36255500388750667,-1.6406360696792752,0.0033365934740557245,0.03319524096741019,0.023061956882621817,4176,"tags=38%, list=22%, signal=30%",Sod1/Lonp2/Pex6/Ide/Ech1/Cel/Esr2/Retsat/Pex2/Slc25a19/Fis1/Hsd3b7/Slc35b2/Abcb4/Abcd1/Dhrs3/Cat/Mvp/Acaa1a/Abcb1a/Slc23a2/Prdx1/Idi1/Ywhah/Tspo/Pex11a/Acsl4/Pex13/Hsd17b4/Cln8/Pex14/Abcc5/Alb/Ehhadh/Fdps/Fads1,TRUE,47,4
treatment_6h,6 h: isoflurane plus laparotomy minus source-labelled control,HALLMARK_TGF_BETA_SIGNALING,HALLMARK_TGF_BETA_SIGNALING,51,-0.4070852957326425,-1.6089866993703492,0.0062553883681533504,0.03319524096741019,0.023061956882621817,933,"tags=22%, list=5%, signal=21%",Id3/Bmpr2/Thbs1/Skil/Bmpr1a/Pmepa1/Junb/Fnta/Eng/Hipk2/Smad3,TRUE,46,5
treatment_6h,6 h: isoflurane plus laparotomy minus source-labelled control,HALLMARK_COAGULATION,HALLMARK_COAGULATION,106,-0.34005117219206454,-1.5688736563363024,0.007569537763527547,0.03319524096741019,0.023061956882621817,4304,"tags=42%, list=22%, signal=32%",Clu/Lamp2/S100a13/S100a1/Masp2/Cfb/C1qa/Gsn/Pf4/P2ry1/Sh2b2/C2/F10/C8a/Gp9/Usp11/Mst1/Crip2/Lgmn/Cfh/Gnb2/Klk8/Ctsb/Mmp2/Furin/Ctsl/Itga2/A2m/Mmp14/Wdr1/Ctsh/Ctso/Thbs1/Trf/Msrb2/Plek/Cd9/Sirt2/Arf4/Plau/Hpn/F3/Pdgfb/Sparc,TRUE,44,7
treatment_6h,6 h: isoflurane plus laparotomy minus source-labelled control,HALLMARK_COMPLEMENT,HALLMARK_COMPLEMENT,167,-0.29974604071334565,-1.47635982284211,0.0053216683577826844,0.03319524096741019,0.023061956882621817,5696,"tags=44%, list=29%, signal=31%",Psen1/Usp8/Ccl5/Clu/Lyn/Hspa1a/Lamp2/Fcer1g/Sirt6/Lap3/S100a13/Pdp1/Lcp2/Cfb/C1qa/Rce1/Kynu/Gngt2/Cd46/Irf7/Pfn1/C2/F10/Xpnpep1/Cr2/Src/Akap10/Gp9/Usp16/Msrb1/Gnai3/Prcp/Dgkg/Gnai2/Casp1/Ctss/Lgmn/Cfh/Gnb2/Vcpip1/Ctsb/Usp15/Me1/Itgam/Car2/Ppp4c/Ctsl/Zeb1/Gmfb/S100a9/Gata3/Mmp14/Ehd1/Pla2g4a/Cdk5r1/Prkcd/Rhog/Gpd2/Ctsh/Ctso/Plek/Cd36/Psmb9/Calm1/Irf1/Cpm/Tnfaip3/Ctsc/Lipa/Gca/F3/Kcnip3/Pdgfb,TRUE,42,10
treatment_6h,6 h: isoflurane plus laparotomy minus source-labelled control,HALLMARK_OXIDATIVE_PHOSPHORYLATION,HALLMARK_OXIDATIVE_PHOSPHORYLATION,193,-0.29241122520430796,-1.4641501070583938,0.0049529328049591,0.03319524096741019,0.023061956882621817,4336,"tags=33%, list=22%, signal=26%",Dlst/Gpx4/Atp5f1a/Eci1/Ndufa1/Cox7a2l/Atp6v1f/Fh1/Cox7b/Mdh1/Ech1/Bckdha/Atp5f1d/Cyc1/Alas1/Retsat/Mpc1/Prdx3/Ndufs1/Uqcrb/Slc25a5/Aifm1/Atp5f1b/Slc25a11/Sucla2/Suclg1/Mrps11/Cox10/Oxa1l/Atp5me/Htra2/Cs/Timm50/Atp6v1h/Cyb5r3/Timm17a/Ndufs7/Opa1/Acaa1a/Cyb5a/Ndufs2/Ndufc2/Ndufa6/Atp6v0b/Ndufa3/Mrpl15/Tcirg1/Mrps15/Ndufa4/Idh3g/Bax/Slc25a3/Atp6v1d/Ndufb6/Atp6v0c/Tomm22/Pdha1/Ndufs8/Por/Dld/Mfn2/Nqo2/Ndufab1,TRUE,41,11
treatment_6h,6 h: isoflurane plus laparotomy minus source-labelled control,HALLMARK_KRAS_SIGNALING_UP,HALLMARK_KRAS_SIGNALING_UP,168,-0.29608537553867104,-1.462190241806829,0.006013903527128514,0.03319524096741019,0.023061956882621817,3108,"tags=25%, list=16%, signal=21%",Ctss/Trib2/Cfh/Trib1/Il33/Etv4/Tmem176b/Laptm5/Hsd11b1/Hdac9/Cd37/Kif5c/Mmd/Car2/Ephb2/Jup/Etv5/Tfpi/Clec4a3/Abcb1a/Itga2/Scn1b/Dock2/Lcp1/Lat2/Cxcl10/Aldh1a3/Prdm1/Ptgs2/Itgb2/Birc3/Arg1/Tmem176a/Irf8/Tnfaip3/Wnt7a/Eng/Plau/Il10ra/Vwa5a/St6gal1/Nrp1,TRUE,40,12
treatment_6h,6 h: isoflurane plus laparotomy minus source-labelled control,HALLMARK_ALLOGRAFT_REJECTION,HALLMARK_ALLOGRAFT_REJECTION,164,-0.29466578078518346,-1.4442978533379707,0.007966857832178445,0.03319524096741019,0.023061956882621817,3774,"tags=32%, list=20%, signal=26%",Il2rg/Eif4g3/Il27ra/Il18/H2-DMb2/Il15/Abi1/Apbb1/Csf1/Glmn/Ctss/Cd74/Wars1/Ifngr2/Akt1/Capg/Acvr2a/Tapbp/Hdac9/H2-DMa/Irf4/Stat1/Cd247/Ikbkb/Fgr/H2-Ob/Cd4/Tpd52/Ptpn6/B2m/Tap1/Flna/Itgb2/Elf4/Ptprc/Icam1/Cd3g/Spi1/Egfr/Irf8/H2-Aa/Ltb/Ifnar2/Ccr5/Tlr2/Ncf4/Hif1a/Eif3j1/Hcls1/Brca1/Tnf/Csk/Tap2,TRUE,39,13
treatment_6h,6 h: isoflurane plus laparotomy minus source-labelled control,HALLMARK_MTORC1_SIGNALING,HALLMARK_MTORC1_SIGNALING,195,-0.2849099034920031,-1.431177680761237,0.007056462735858368,0.03319524096741019,0.023061956882621817,4192,"tags=36%, list=22%, signal=29%",Sdf2l1/Sc5d/Eprs1/Pitpnb/Btg2/Cacybp/Tm7sf2/Fkbp2/Hspa4/Hmgcr/Acsl3/Sord/Mcm4/Gmps/Dhcr7/Trib3/Psmb5/Lgmn/Wars1/Mcm2/Slc2a1/Ebp/Psmd14/Nupr1/Cdkn1a/Ddx39a/Ppia/Ssr1/Me1/Abcf2/Pdap1/Elovl6/Add3/Canx/Psma4/Hmbs/Phgdh/Actr2/Nampt/Ak4/Hprt1/Ifi30/Rab1a/Pgm1/Map2k3/Hsp90b1/Prdx1/Mthfd2/Aldoa/Idi1/Psmg1/Qdpr/Nfkbib/Ddit3/Rrm2/Itgb2/P4ha1/Acly/Atp6v1d/Hk2/Cct6a/Cd9/Rpn1/Tpi1/Ctsc/Ung/Mllt11/Arpc5l/Coro1a/Fads1/Actr3,TRUE,38,14
treatment_6h,6 h: isoflurane plus laparotomy minus source-labelled control,HALLMARK_PROTEIN_SECRETION,HALLMARK_PROTEIN_SECRETION,94,-0.34470120520564346,-1.5563063927298784,0.008701532110225925,0.03346743119317663,0.02325105746052272,3122,"tags=47%, list=16%, signal=39%",Lamp2/Bet1/Adam10/Tmx1/Ap3s1/Stx7/M6pr/Ap2s1/Rab9/Gla/Sod1/Tsg101/Igf2r/Ergic3/Anp32e/Copb2/Mon2/Clta/Cav2/Bnip3/Cog2/Arfgef2/Scrn1/Atp6v1h/Gnas/Lman1/Tpd52/Sec22b/Arf1/Ap2m1/Arfip1/Abca1/Snx2/Mapk1/Golga4/Cope/Gosr2/Arfgap3/Tom1l1/Egfr/Vamp3/Ctsc/Rab22a/Cltc,TRUE,43,8
treatment_6h,6 h: isoflurane plus laparotomy minus source-labelled control,HALLMARK_IL6_JAK_STAT3_SIGNALING,HALLMARK_IL6_JAK_STAT3_SIGNALING,80,-0.32818105433318684,-1.4215406939767579,0.030025592203258917,0.10723425786878185,0.07449958967725896,1633,"tags=21%, list=8%, signal=20%",Tyk2/Stat1/A2m/Cxcl10/Tnfrsf1a/Cd9/Ebi3/Il1r1/Ltb/Cd36/Tlr2/Irf1/Il13ra1/Tnf/Acvrl1/Csf3r/Il6st,FALSE,37,15
treatment_6h,6 h: isoflurane plus laparotomy minus source-labelled control,HALLMARK_UV_RESPONSE_UP,HALLMARK_UV_RESPONSE_UP,141,-0.2841102286036593,-1.3541863022058893,0.03234262604561994,0.1078087534853998,0.07489871294775144,3583,"tags=30%, list=19%, signal=25%",Arrb2/Eif5/Bid/Mapk8ip2/Alas1/Hspa2/Prkaca/Selenow/Cnp/Stard3/Tmbim6/Mgat1/Tst/Furin/Rrad/Hyal2/Pdap1/Car2/Btg3/Btg1/Atf3/Acaa1a/Ctsl/Abcb1a/Aldoa/Dgat1/Stk25/Mmp14/Cdc34/Tap1/Dnajb1/Bcl2l11/Hnrnpu/Prkcd/Fkbp4/Icam1/Rpn1/Irf1/Junb/Grina/Pole3/Tgfbrap1/Il6st,FALSE,36,16
treatment_6h,6 h: isoflurane plus laparotomy minus source-labelled control,HALLMARK_IL2_STAT5_SIGNALING,HALLMARK_IL2_STAT5_SIGNALING,187,-0.2607005796127602,-1.2991887353140292,0.037136215896278295,0.11605067467586967,0.08062467924849893,3276,"tags=25%, list=17%, signal=21%",P2rx4/Csf1/Bcl2l1/Cd81/Myo1e/Etv4/Lrrc8c/Col6a1/Itgav/Capg/Furin/Irf4/Dhrs3/Car2/Huwe1/Ptrh2/Plpp1/Abcb1a/Bcl2/Cxcl10/Snx14/Dcps/Ctsz/Uck2/Itgae/P4ha1/Batf3/She/Ttc39b/Bmpr2/Hk2/Cd48/Irf8/Ltb/Eno3/Alcam/Ifitm3/Pth1r/Ncs1/Cst7/Cyfip1/Il10ra/Hipk2/Capn3/Cd83/Nrp1,FALSE,34,18
treatment_6h,6 h: isoflurane plus laparotomy minus source-labelled control,HALLMARK_PANCREAS_BETA_CELLS,HALLMARK_PANCREAS_BETA_CELLS,27,0.47368498468512216,1.5288432128364569,0.04933586337760911,0.14177299641397714,0.0984949238244473,1278,"tags=26%, list=7%, signal=24%",Elp4/Mafb/Pax6/G6pc2/Pcsk1/Pklr/Dcx,FALSE,1,9
treatment_6h,6 h: isoflurane plus laparotomy minus source-labelled control,HALLMARK_PI3K_AKT_MTOR_SIGNALING,HALLMARK_PI3K_AKT_MTOR_SIGNALING,100,-0.2940608783761593,-1.346484606545578,0.05457773807710132,0.14177299641397714,0.0984949238244473,2862,"tags=28%, list=15%, signal=24%",Ppp2r1b/Pla2g12a/Trib3/Slc2a1/Akt1/Arhgdia/Cdkn1a/Grk2/Cab39/Actr2/Map2k3/Hsp90b1/Arf1/Ap2m1/Akt1s1/Nfkbib/Ddit3/Tnfrsf1a/Mapk1/Ecsit/Smad2/Egfr/Ywhab/Cfl1/Dusp3/Rps6ka1/Cltc/Actr3,FALSE,35,17
treatment_6h,6 h: isoflurane plus laparotomy minus source-labelled control,HALLMARK_UV_RESPONSE_DN,HALLMARK_UV_RESPONSE_DN,134,-0.26967543263090477,-1.2830235626763316,0.058186869667517474,0.14177299641397714,0.0984949238244473,2582,"tags=22%, list=13%, signal=20%",Acvr2a/Mta1/Pdlim5/Nfkb1/Pik3cd/Sipa1l1/Add3/Tfpi/Kalrn/Map1b/Celf2/Nipbl/Vav2/Cacna1a/Mapk14/Ptprm/Nek7/Inpp4b/Pex14/Bmpr1a/Dab2/Nr3c1/Tgfbr3/Prdm2/Lpar1/Tgfbr2/F3/Apbb2/Smad3/Nrp1,FALSE,32,20
treatment_6h,6 h: isoflurane plus laparotomy minus source-labelled control,HALLMARK_EPITHELIAL_MESENCHYMAL_TRANSITION,HALLMARK_EPITHELIAL_MESENCHYMAL_TRANSITION,165,0.2733580715533722,1.2689093970198313,0.0595446584938704,0.14177299641397714,0.0984949238244473,2486,"tags=19%, list=13%, signal=17%",Dst/Fbln1/Fbln2/Col7a1/P3h1/Bmp1/Col5a1/Serpine1/Col1a1/Mfap5/Postn/Anpep/Cdh6/Fgf2/Mylk/Timp3/Dcn/Col3a1/Ecm1/Slit3/Magee1/Tgfb1/Snai2/Sgcg/Edil3/Abi3bp/Htra1/Col4a1/Adam12/Dkk1/Lum/Lama1,FALSE,2,21
treatment_6h,6 h: isoflurane plus laparotomy minus source-labelled control,HALLMARK_ADIPOGENESIS,HALLMARK_ADIPOGENESIS,191,-0.2526607717342749,-1.2672244823932761,0.05823266415934009,0.14177299641397714,0.0984949238244473,3906,"tags=31%, list=20%, signal=25%",Rab34/Esrra/Atl2/Ptger3/Cox7b/Ech1/Map4k3/Bckdha/Hadh/Araf/Stat5a/Cyc1/Dhcr7/Cd151/Retsat/Gphn/Prdx3/Ubc/Aifm1/Miga2/Suclg1/Elmod3/Tst/Me1/Lpcat3/Ghitm/Apoe/Cs/Coq5/Reep5/Nkiras1/Elovl6/Tkt/Cat/Dnajc15/Sowahc/Pgm1/Col15a1/Aldoa/Dgat1/Atp1b3/Mrpl15/Chuk/Qdpr/Cd302/Idh3g/Stom/Abca1/Lama4/Acly/Riok3/Gpd2/Pex14/Por/Dld/Ddt/Cd36/Ccng2/Samm50/Ndufab1,FALSE,31,22
treatment_6h,6 h: isoflurane plus laparotomy minus source-labelled control,HALLMARK_DNA_REPAIR,HALLMARK_DNA_REPAIR,145,-0.26744754066172427,-1.2838120112211187,0.06370595293428713,0.1447862566688344,0.1005883467383481,3622,"tags=23%, list=19%, signal=19%",Nudt9/Xpc/Arl6ip1/Polr2c/Mpc2/Ell/Rad52/Polb/Nme3/Vps28/Pom121/Poll/Rala/Ercc4/Taf9/Pold4/Nelfe/Hprt1/Tarbp2/Ago4/Ddb1/Ncbp2/Pde4b/Gmpr2/Zfp707/Dguok/Aaas/Cant1/Ercc2/Hcls1/Nelfcd/Trp53/Polr2a/Pold1,FALSE,33,19
treatment_6h,6 h: isoflurane plus laparotomy minus source-labelled control,HALLMARK_APICAL_JUNCTION,HALLMARK_APICAL_JUNCTION,171,-0.2516124349763148,-1.2372742500805491,0.07142857142857142,0.15527950310559005,0.10787839163125204,3180,"tags=26%, list=16%, signal=22%",Nrxn2/Krt31/Sgce/Amigo1/Itga9/Gamt/Arhgef6/Mmp2/Cd34/Layn/Vcl/Atp1a3/Epb41l2/Jup/Col17a1/Itgb1/Sdc3/Actn4/Itga2/Vcam1/Wnk4/Baiap2/Slit2/Fscn1/Actb/Vav2/Sirpa/Myl12b/Ywhah/Map4k2/Nectin4/Mapk14/Ptprc/Icam1/Tial1/Egfr/Actg1/Ptk2/Tsc1/Cap1/Cd276/Evl/Rsu1/Tgfbi,FALSE,30,23
treatment_6h,6 h: isoflurane plus laparotomy minus source-labelled control,HALLMARK_APOPTOSIS,HALLMARK_APOPTOSIS,153,-0.24786438845637884,-1.2009985040548914,0.10576923076923077,0.22035256410256412,0.15308704453441296,4506,"tags=31%, list=23%, signal=24%",Pdcd4/Bcl2l2/Mgmt/Gpx4/Sod1/Sc5d/Btg2/Igf2r/Jun/H1f0/Il18/Casp8/Pak1/Diablo/Cav1/Bid/Casp1/Retsat/Add1/Bcl2l1/Gpx1/Ebp/Cdkn1a/Mmp2/Cdc25b/Madd/Plcb2/Btg3/Atf3/Bmf/Sat1/Tap1/Bcl2l11/Ddit3/Ier3/Bax/Tspo/Birc3/Ptk2/Tgfbr3/Ccnd1/Irf1/Ifitm3/Brca1/Dpyd/Tnf/Il1a/Gna15,FALSE,27,26
treatment_6h,6 h: isoflurane plus laparotomy minus source-labelled control,HALLMARK_CHOLESTEROL_HOMEOSTASIS,HALLMARK_CHOLESTEROL_HOMEOSTASIS,64,-0.28857894512292664,-1.2076187424960005,0.15695067264573992,0.30182821662642295,0.2096911820773044,4129,"tags=34%, list=21%, signal=27%",Sc5d/Cxcl16/Tm7sf2/Hmgcr/Ech1/Dhcr7/Trib3/Lgmn/Ebp/Errfi1/Antxr2/Pnrc1/Atf3/Idi1/Ethe1/Pcyt2/Atxn2/Abca2/Actg1/Cd9/Alcam/Fdps,FALSE,28,25
treatment_6h,6 h: isoflurane plus laparotomy minus source-labelled control,HALLMARK_HEME_METABOLISM,HALLMARK_HEME_METABOLISM,179,-0.2328493309445338,-1.1538869347493628,0.15258215962441316,0.30182821662642295,0.2096911820773044,4088,"tags=33%, list=21%, signal=26%",Gde1/Rnf19a/Bpgm/Btg2/Slc10a3/Daam1/Alad/H1f0/Minpp1/Nudt4/Gmps/Rnf123/Lmo2/Synj1/Add1/Tmem9b/Pgls/Slc2a1/Ermap/Blvrb/Sidt2/Abcb6/Kat2b/Ctsb/Usp15/Tent5c/Igsf3/Pdzk1ip1/Htra2/Tspo2/Car2/Lrp10/Cat/Mark3/Hmbs/Abcg2/Map2k3/Ranbp10/Atp6v0a1/Ncoa4/Endod1/Slc11a2/Fbxo9/Ppox/Nfe2l1/Dcaf11/Trak2/Blvra/Kel/Klf3/Riok3/Nek7/E2f2/Prdx2/Nr3c1/Ctns/Sec14l1/Mpp1/Add2,FALSE,26,28
treatment_6h,6 h: isoflurane plus laparotomy minus source-labelled control,HALLMARK_KRAS_SIGNALING_DN,HALLMARK_KRAS_SIGNALING_DN,139,0.254624729228595,1.155703003002231,0.17697594501718214,0.32773323151330025,0.22768835031450335,3375,"tags=24%, list=17%, signal=20%",Zbtb16/Synpo/Tgfb2/Tgm1/Ryr2/Abcg4/Tex15/Stag3/Slc38a3/Dtnb/Htr1b/Sidt1/Slc5a5/Sox10/Abcb11/Atp6v1b1/Ptgfr/Coq8a/Brdt/Cldn16/Vps50/Pnmt/Slc12a3/Slc30a3/Tenm2/Htr1d/Pax3/Ckm/P2ry4/Kcnmb1/Hnf1a/Rgs11/Cyp39a1/Arpp21,FALSE,3,27
treatment_6h,6 h: isoflurane plus laparotomy minus source-labelled control,HALLMARK_REACTIVE_OXYGEN_SPECIES_PATHWAY,HALLMARK_REACTIVE_OXYGEN_SPECIES_PATHWAY,47,-0.30940660253343555,-1.209307045448678,0.1888412017167382,0.33093642752083674,0.22991372859342343,5234,"tags=45%, list=27%, signal=33%",Abcc1/Msra/G6pdx/Glrx/Gpx4/Sod1/Cdkn2d/Fes/Prdx4/Lsp1/Srxn1/Cat/Prdx1/Ndufs2/Stk25/Ndufa6/Hmox2/Prdx2/Junb/Ercc2/Hhex,FALSE,29,24
treatment_6h,6 h: isoflurane plus laparotomy minus source-labelled control,HALLMARK_P53_PATHWAY,HALLMARK_P53_PATHWAY,192,-0.2237009171486933,-1.122111070850218,0.19194312796208532,0.33093642752083674,0.22991372859342343,3480,"tags=26%, list=18%, signal=22%",Cebpa/Dram1/Rnf19b/Tax1bp3/Casp1/Wwp1/Trib3/Retsat/Tm7sf3/Plk3/Ctsf/Cd81/Traf4/Klk8/Nupr1/Pom121/Cdkn1a/Wrap73/Rrad/Apaf1/Btg1/Prkab1/Rab40c/Tsc22d1/Atf3/Ifi30/Procr/Baiap2/Sat1/H2ac25/Gls2/Tap1/Cdk5r1/Ddit3/Stom/Ptpre/Ier3/Ralgds/Cd82/Bax/Mdm2/Fgf13/Plxnb2/Abcc5/Sdc1/Notch1/Cgrrf1/Vwa5a/Il1a/Trp53,FALSE,25,29
treatment_6h,6 h: isoflurane plus laparotomy minus source-labelled control,HALLMARK_GLYCOLYSIS,HALLMARK_GLYCOLYSIS,177,-0.22449628672938465,-1.1106130467985118,0.2240566037735849,0.37342767295597484,0.25943396226415094,3049,"tags=21%, list=16%, signal=18%",B3gat3/Mif/Pgls/Artn/Depdc1a/Abcb6/Cog2/Ppia/Me1/Pkp2/Rpe/Qsox1/Mpi/Sdc3/Ak4/Pkm/Cyb5a/Aldoa/Miox/Chst12/Ier3/P4ha1/Gmppb/Slc16a3/Fkbp4/B3gnt3/Hk2/Egfr/Dld/B4galt4/Idua/Tpi1/Phka2/Sdc1/Il13ra1/Cenpa/Chst1/Tgfbi,FALSE,24,31
treatment_6h,6 h: isoflurane plus laparotomy minus source-labelled control,HALLMARK_ANDROGEN_RESPONSE,HALLMARK_ANDROGEN_RESPONSE,91,0.26391571712783124,1.1167548000502705,0.26260869565217393,0.4130434782608695,0.28695652173913044,2627,"tags=19%, list=14%, signal=16%",Fkbp5/Ccnd3/B4galt1/Lifr/Stk39/Homer2/Ptk2b/Gsr/Cdk6/Cdc14b/Adrm1/Herc3/Gucy1a1/Rrp12/Rab4a/Dhcr24/Steap4,FALSE,4,30
treatment_6h,6 h: isoflurane plus laparotomy minus source-labelled control,HALLMARK_ESTROGEN_RESPONSE_EARLY,HALLMARK_ESTROGEN_RESPONSE_EARLY,170,0.23209190484157954,1.0851788660115953,0.2643478260869565,0.4130434782608695,0.28695652173913044,2376,"tags=16%, list=12%, signal=14%",Fkbp5/B4galt1/Mlph/Ablim1/Celsr1/Fasn/Aqp3/Slc39a6/Kazn/Mindy1/Pdlim3/Cldn7/Papss2/Klf10/Sh3bp5/Hr/Stc2/Frk/Sybu/Xbp1/Esrp2/Dynlt3/Rara/Rrp12/Rapgefl1/Anxa9/Rab17,FALSE,5,32
treatment_6h,6 h: isoflurane plus laparotomy minus source-labelled control,HALLMARK_APICAL_SURFACE,HALLMARK_APICAL_SURFACE,34,-0.28627833515806883,-1.0280517761795296,0.39914163090128757,0.5808238763291932,0.4035197456602816,2142,"tags=18%, list=11%, signal=16%",Flot2/Ncoa6/Gata3/Brca1/Rtn4rl1/Sulf2,FALSE,23,33
treatment_6h,6 h: isoflurane plus laparotomy minus source-labelled control,HALLMARK_UNFOLDED_PROTEIN_RESPONSE,HALLMARK_UNFOLDED_PROTEIN_RESPONSE,108,0.23728711109773953,1.027973878270292,0.4098073555166375,0.5808238763291932,0.4035197456602816,4994,"tags=30%, list=26%, signal=22%",Ddit4/Nabp1/Xpot/Iars1/Zbtb17/Slc30a5/Tars1/Eif4ebp1/Stc2/Ddx10/Gemin4/Exosc2/Serp1/Xbp1/Cebpb/Dcp2/Tatdn2/Ero1a/Slc7a5/Arfgap1/Rps14/Vegfa/Eif4e/Nolc1/Eif2s1/Exosc4/Dnajb9/Eif4a3/Asns/H2ax/Sec31a/Cebpg,FALSE,6,34
treatment_6h,6 h: isoflurane plus laparotomy minus source-labelled control,HALLMARK_ANGIOGENESIS,HALLMARK_ANGIOGENESIS,28,-0.2988639254593327,-1.020003770503426,0.4125,0.5808238763291932,0.4035197456602816,1533,"tags=18%, list=8%, signal=16%",Fgfr1/Vav2/Lrpap1/Ptk2/Nrp1,FALSE,22,35
treatment_6h,6 h: isoflurane plus laparotomy minus source-labelled control,HALLMARK_FATTY_ACID_METABOLISM,HALLMARK_FATTY_ACID_METABOLISM,140,0.22272335771211144,1.0147065704136966,0.44142614601018676,0.5808238763291932,0.4035197456602816,1363,"tags=12%, list=7%, signal=11%",Glul/Gpd1/Pts/Fasn/Etfdh/Bckdhb/Hibch/Aqp7/Cpt2/Acadvl/Grhpr/Hmgcl/Maoa/Xist/Eci2/Aco2/Acadm,FALSE,7,36
treatment_6h,6 h: isoflurane plus laparotomy minus source-labelled control,HALLMARK_NOTCH_SIGNALING,HALLMARK_NOTCH_SIGNALING,30,-0.290460847005358,-1.004303237243472,0.42038216560509556,0.5808238763291932,0.4035197456602816,714,"tags=13%, list=4%, signal=13%",Dtx4/Ccnd1/Notch1/Fzd7,FALSE,21,37
treatment_6h,6 h: isoflurane plus laparotomy minus source-labelled control,HALLMARK_SPERMATOGENESIS,HALLMARK_SPERMATOGENESIS,98,-0.2198049983818642,-1.00024142850388,0.44028103044496486,0.5808238763291932,0.4035197456602816,3892,"tags=27%, list=20%, signal=21%",Ezh2/Map7/Pias2/Ide/Tekt2/Ttk/Rad17/Septin4/Hspa2/Pgs1/Hspa1l/Tle4/Dmc1/Agfg1/Sirt1/Cdkn3/Acrv1/Slc2a5/Psmg1/Acrbp/Tnni3/She/Coil/Zc3h14/Slc12a2/Tsn,FALSE,20,38
treatment_6h,6 h: isoflurane plus laparotomy minus source-labelled control,HALLMARK_MYOGENESIS,HALLMARK_MYOGENESIS,167,0.21333772678033752,0.9944853665356277,0.49477351916376305,0.6311274509803921,0.43846749226006193,3295,"tags=22%, list=17%, signal=18%",Prnp/Ablim1/Actn2/Tnnt2/Ldb3/Tsc2/Col1a1/Fhl1/Fst/Fgf2/Mylk/Schip1/Col3a1/Itga7/Stc2/Tgfb1/Sgcg/Myh2/Fxyd1/Tnnt3/Atp2a1/Sorbs1/Dmd/Adam12/Myl4/Sorbs3/Lpin1/Pgam2/Bdkrb2/Kcnh1/Reep1/Tead4/Ckm/Adcy9/App/Pkia,FALSE,8,39
treatment_6h,6 h: isoflurane plus laparotomy minus source-labelled control,HALLMARK_MITOTIC_SPINDLE,HALLMARK_MITOTIC_SPINDLE,198,-0.1961482223902483,-0.9855565617205065,0.5049019607843137,0.6311274509803921,0.43846749226006193,2494,"tags=18%, list=13%, signal=16%",Ophn1/Ckap5/Cd2ap/Vcl/Pdlim5/Cdc42/Als2/Epb41l2/Katna1/Sos1/Dynll2/Pafah1b1/Actn4/Arhgap29/Fscn1/Dock2/Clip2/Katnb1/Bcl2l11/Flna/Capzb/Bcr/Mid1ip1/Trio/Tubgcp5/Tsc1/Nusap1/Arhgap5/Bin1/Arhgap4/Hdac6/Prex1/Clip1/Map1s/Arl8a/Marcks,FALSE,19,40
treatment_6h,6 h: isoflurane plus laparotomy minus source-labelled control,HALLMARK_HYPOXIA,HALLMARK_HYPOXIA,170,0.20882378780690006,0.9763854599031243,0.5234782608695652,0.6383881230116648,0.4435117486186303,3430,"tags=21%, list=18%, signal=17%",Ddit4/Slc2a3/Rbpj/Ackr3/Pam/Col5a1/Serpine1/Foxo3/Tes/Grhpr/Dcn/Ndst1/Pklr/Aldoc/Stc2/S100a4/Ext1/Chst3/Bnip3l/Pfkl/Pdk1/Jmjd6/Tpst2/Irs2/Dpysl4/Ero1a/Pgam2/Noct/Cdkn1b/Casp6/Gcnt2/Fosl2/Sdc4/Prkca/Angptl4,FALSE,9,41
treatment_6h,6 h: isoflurane plus laparotomy minus source-labelled control,HALLMARK_XENOBIOTIC_METABOLISM,HALLMARK_XENOBIOTIC_METABOLISM,165,0.20283029230371555,0.9415242887906187,0.5901926444833625,0.702610291051622,0.4881292548358638,1315,"tags=12%, list=7%, signal=11%",Pts/Fbln1/Ninj1/Gsto1/Tgfb2/Gckr/Etfdh/Nfs1/Serpine1/Cyfip2/Gnmt/Papss2/Gsr/Lpin2/Angptl3/Maoa/Gad1/Man1a/Slc1a5/Aco2,FALSE,10,43
treatment_6h,6 h: isoflurane plus laparotomy minus source-labelled control,HALLMARK_HEDGEHOG_SIGNALING,HALLMARK_HEDGEHOG_SIGNALING,31,-0.26083443686131086,-0.9097468508311642,0.6150537634408603,0.7151787946986747,0.4968610573696056,3504,"tags=26%, list=18%, signal=21%",Gli1/Tle1/Pml/Ophn1/Cdk5r1/Adgrg1/Dpysl2/Nrp1,FALSE,16,45
treatment_6h,6 h: isoflurane plus laparotomy minus source-labelled control,HALLMARK_ESTROGEN_RESPONSE_LATE,HALLMARK_ESTROGEN_RESPONSE_LATE,168,-0.19098202304560383,-0.943147056654733,0.6425233644859814,0.7201276680630362,0.500299222022741,2226,"tags=23%, list=12%, signal=21%",St6galnac2/Siah2/Ptger3/Sord/Zfp36/Car12/Cav1/Dhcr7/Celsr2/Amfr/Aldh3b1/Fgfr3/Blvrb/Tst/Plxnb1/Car2/Nab2/Add3/Btg3/Large1/Hprt1/Ptpn6/Itpk1/S100a9/Bcl2/Rps6ka2/Slc26a2/Pdzk1/Fkbp4/Slc22a5/Abca3/Scube2/Cd9/Bag1/Mapt/Ccnd1/Igfbp4/Ckb/Il6st,FALSE,18,42
treatment_6h,6 h: isoflurane plus laparotomy minus source-labelled control,HALLMARK_MYC_TARGETS_V2,HALLMARK_MYC_TARGETS_V2,58,0.23241204429716167,0.8985035834806113,0.6481149012567325,0.7201276680630362,0.500299222022741,5734,"tags=40%, list=30%, signal=28%",Aimp2/Bysl/Mphosph10/Dctpp1/Ndufaf4/Srm/Rrp12/Grwd1/Rcl1/Mrto4/Tfb2m/Slc29a2/Nolc1/Utp20/Noc4l/Myc/Rrp9/Hspe1/Phb1/Gnl3/Mcm5/Nop16/Prmt3,FALSE,11,47
treatment_6h,6 h: isoflurane plus laparotomy minus source-labelled control,HALLMARK_G2M_CHECKPOINT,HALLMARK_G2M_CHECKPOINT,191,-0.1853949285778293,-0.9298514794867443,0.6784037558685446,0.7225073496437291,0.5019524744893276,4238,"tags=28%, list=22%, signal=22%",Pttg1/Srsf2/Cdkn2c/Fancc/Mnat1/H2az1/Cks2/Ewsr1/Incenp/Arid4a/Numa1/E2f3/Ttk/Egf/Srsf1/E2f4/Orc6/Smc1a/Cbx1/Cul5/Mcm2/Pml/Ccna2/Snrpd1/Cdc45/Rad21/Hspa8/Ddx39a/Cdc25b/Cdkn3/Katna1/Tra2b/Chek1/Pafah1b1/Casp8ap2/Mcm3/Pbk/G3bp1/Knl1/Uck2/Hnrnpu/Dr1/Mapk14/Ss18/E2f2/Ccnd1/Hif1a/Nusap1/Chaf1a/Cenpa/Marcks/Slc12a2/Smad3,FALSE,17,44
treatment_6h,6 h: isoflurane plus laparotomy minus source-labelled control,HALLMARK_BILE_ACID_METABOLISM,HALLMARK_BILE_ACID_METABOLISM,98,-0.19947692167894196,-0.9077367783378125,0.6791569086651054,0.7225073496437291,0.5019524744893276,2868,"tags=22%, list=15%, signal=19%",Nr3c2/Pex7/Retsat/Hsd3b7/Slc35b2/Abcd1/Npc1/Pnpla8/Cat/Slc23a2/Idi1/Bmp6/Abca1/Pex11a/Pex13/Hsd17b4/Abca2/Cyp27a1/Abca3/Pfkm/Cyp7a1/Fads1,FALSE,15,46
treatment_6h,6 h: isoflurane plus laparotomy minus source-labelled control,HALLMARK_E2F_TARGETS,HALLMARK_E2F_TARGETS,196,0.18792362090623965,0.8981708253555089,0.7205387205387206,0.750561167227834,0.5214424951267057,3926,"tags=23%, list=20%, signal=19%",Hmmr/Dclre1b/Exosc8/Mad2l1/Usp1/Mlh1/Cbx5/Pms2/Lbr/Pold3/Dctpp1/Cse1l/Nup205/E2f8/Kif2c/Chek2/Rpa1/Lig1/Pop7/Ran/Stmn1/Ppp1r8/Mre11a/Wdr90/Mms22l/Tubg1/Cenpm/Dnmt1/Cdkn1b/Brca2/Birc5/Tacc3/Rfc1/Pds5b/Lmnb1/Ccp110/Tipin/Ppm1d/Pola2/Nolc1/Hmgb2/Kif18b/Prim2/Ncapd2/Ak2/Mybl2,FALSE,12,48
treatment_6h,6 h: isoflurane plus laparotomy minus source-labelled control,HALLMARK_MYC_TARGETS_V1,HALLMARK_MYC_TARGETS_V1,192,-0.16006508092853008,-0.8029059587943171,0.9454976303317536,0.9454976303317536,0.6568720379146921,3597,"tags=21%, list=19%, signal=18%",Eef1b2/Psmb2/Srsf1/Hnrnpa2b1/Mcm4/Cyc1/Psmd1/Psmd7/Prdx4/Prdx3/Ppm1g/Mcm2/Ccna2/Snrpd1/Sf3b3/Vbp1/Cdc45/Pa2g4/Psmd14/Ppia/Eif3b/Txnl4a/Snrpa/Hnrnpc/Tra2b/Canx/Psma4/Hprt1/Rps3/Ncbp1/Ruvbl2/G3bp1/Ncbp2/Psma1/Hnrnpu/Slc25a3/Ddx18/Xrcc6/Eif3j1/Pole3/Ndufab1,FALSE,14,49
treatment_6h,6 h: isoflurane plus laparotomy minus source-labelled control,HALLMARK_WNT_BETA_CATENIN_SIGNALING,HALLMARK_WNT_BETA_CATENIN_SIGNALING,34,-0.18977987282261854,-0.6815169413036151,0.927038626609442,0.9454976303317536,0.6568720379146921,436,"tags=21%, list=2%, signal=20%",Ppard/Ptch1/Kat2a/Skp2/Numb/Notch1/Trp53,FALSE,13,50
treatment_48h,48 h: isoflurane plus laparotomy minus source-labelled control,HALLMARK_PROTEIN_SECRETION,HALLMARK_PROTEIN_SECRETION,93,0.40572699928875006,1.76873022322123,7.140846390546199e-4,0.019173296514620727,0.01735687895007771,2991,"tags=33%, list=17%, signal=28%",Yipf6/Scamp1/Vps4b/Ap2b1/Rab9/Cltc/Sgms1/Copb2/Bnip3/Stx16/Sec24d/Dst/Cd63/Adam10/Rab5a/Atp6v1h/Anp32e/Lamp2/Bet1/M6pr/Ppt1/Stx7/Arfgef2/Dnm1l/Ykt6/Rab14/Cav2/Tpd52/Golga4/Ergic3/Kif1b,TRUE,1,1
treatment_48h,48 h: isoflurane plus laparotomy minus source-labelled control,HALLMARK_INTERFERON_ALPHA_RESPONSE,HALLMARK_INTERFERON_ALPHA_RESPONSE,91,0.38986078939123225,1.6887351433121096,0.0011503977908772435,0.019173296514620727,0.01735687895007771,2526,"tags=32%, list=14%, signal=27%",Ifit2/Psmb9/Il7/Irf9/Wars1/Lgals3bp/Rsad2/Parp9/Ifit3/C1s1/Mx2/Lpar6/Pnpt1/B2m/Ogfr/Rnf31/Batf2/Cd47/Epsti1/Trim14/Eif2ak2/Tap1/Usp18/Csf1/Tdrd7/Ifih1/Trim25/Lap3/Psmb8,TRUE,2,2
treatment_48h,48 h: isoflurane plus laparotomy minus source-labelled control,HALLMARK_INTERFERON_GAMMA_RESPONSE,HALLMARK_INTERFERON_GAMMA_RESPONSE,177,0.32842200933421384,1.5880505646855847,7.813646994233621e-4,0.019173296514620727,0.01735687895007771,4886,"tags=43%, list=28%, signal=31%",Ifit2/Psmb9/Il7/Apol6/Irf9/Ptpn1/Wars1/Lgals3bp/Pim1/Rsad2/Fgl2/Pla2g4a/Ifit3/P2ry14/Eif4e3/C1s1/Mx2/Mvp/Sod2/Mthfd2/Il15ra/Pnpt1/Ptpn2/B2m/Nampt/Sri/Ogfr/Rnf31/Batf2/Epsti1/Trim14/Eif2ak2/Tap1/Usp18/Tdrd7/Ifih1/St3gal5/Nlrc5/Oas3/Trim25/H2-DMa/Lap3/Psmb8/Tnfsf10/Il6/Nod1/Pfkp/Znfx1/Trafd1/Irf7/Rapgef6/Cd69/Oas2/Tapbp/Ifitm3/Cfh/Stat1/Tor1b/Rnf213/Psmb2/Adar/Pnp/Il4ra/Psmb10/Rbck1/Selp/Cmklr1/Ly6e/Icam1/Herc6/Cxcl10/Ptgs2/Irf5/Plscr1/Itgb7/Stat4,TRUE,3,3
treatment_48h,48 h: isoflurane plus laparotomy minus source-labelled control,HALLMARK_CHOLESTEROL_HOMEOSTASIS,HALLMARK_CHOLESTEROL_HOMEOSTASIS,64,-0.37084767239951455,-1.5135883761784317,0.014296192203133861,0.17870240253917327,0.16177270124598844,2534,"tags=28%, list=14%, signal=24%",Ctnnb1/Cxcl16/Sema3b/Ldlr/Chka/Niban1/Antxr2/Alcam/Dhcr7/Trp53inp1/Atf5/Gldc/Sc5d/Pnrc1/Atxn2/Cpeb2/Acss2/Lss,FALSE,50,4
treatment_48h,48 h: isoflurane plus laparotomy minus source-labelled control,HALLMARK_IL6_JAK_STAT3_SIGNALING,HALLMARK_IL6_JAK_STAT3_SIGNALING,79,0.3310819571913468,1.4070003884662152,0.030517430212242444,0.2543119184353537,0.230219210373057,3084,"tags=27%, list=18%, signal=22%",Il6st/Il7/Irf9/Ptpn1/Pim1/Il13ra1/Il15ra/Ptpn2/Il17ra/Cxcl2/Tnfrsf1b/Hmox1/Il17rb/Ebi3/Csf1/Osmr/Il9r/Cd9/Il6/Cbl/Cd44,FALSE,4,5
treatment_48h,48 h: isoflurane plus laparotomy minus source-labelled control,HALLMARK_COMPLEMENT,HALLMARK_COMPLEMENT,162,0.28045048394525895,1.346362599637131,0.026556657109092004,0.2543119184353537,0.230219210373057,1893,"tags=17%, list=11%, signal=16%",Lta4h/Psmb9/Lck/Pim1/Brpf3/Itgam/Usp14/Pla2g4a/Fdx1/Zeb1/Ctsl/C1s1/Ctss/Gnai3/Prep/Ltf/Hpcal4/Cpm/Ctso/Rnf4/Ctsh/Usp15/Ctsd/Gpd2/Ctsb/Lamp2/C1qa/Pdp1,FALSE,5,6
treatment_48h,48 h: isoflurane plus laparotomy minus source-labelled control,HALLMARK_MYOGENESIS,HALLMARK_MYOGENESIS,154,-0.2765677099749595,-1.3155556269928619,0.038058535559490105,0.2718466825677865,0.24609278632452247,3361,"tags=28%, list=19%, signal=23%",Lpin1/Chrng/Adcy9/Pfkm/Mapk12/Ifrd1/Cacna1h/Vipr1/Cnn3/Notch1/Myom2/Sorbs1/Kifc3/Bag1/Igf1/Sgcd/Eno3/Plxnb2/Tnnc1/Myh8/Agrn/Bin1/Itgb5/Pkia/Mybpc3/Large1/Slc6a8/Sgcg/Itgb4/Col6a2/Akt2/Ak1/Tcap/Rb1/Mef2d/Sptan1/Kcnh2/Bhlhe40/Tnni1/Ryr1/Myh7/Mylk/Nos1,FALSE,49,7
treatment_48h,48 h: isoflurane plus laparotomy minus source-labelled control,HALLMARK_TNFA_SIGNALING_VIA_NFKB,HALLMARK_TNFA_SIGNALING_VIA_NFKB,177,-0.26798902227823695,-1.293214001240908,0.05109169009464023,0.2824858757062147,0.25572405590246805,3926,"tags=28%, list=22%, signal=22%",Trip10/Rnf19b/Klf10/Btg1/Nfkb1/Id2/Ifngr2/Btg2/Jun/Relb/Tnip1/Ccnd1/Rela/B4galt5/Eif1/Ier2/Dusp1/Traf1/Pfkfb3/Ets2/Tnfaip3/Junb/Fosb/Mcl1/Ldlr/Dennd5a/Il18/Ccnl1/Edn1/Tnfrsf9/Tnc/Egr1/Yrdc/Zfp36/Inhba/Marcks/Il1a/Nr4a1/Klf4/Kdm6b/Map2k3/Ier5/Pnrc1/Bhlhe40/Klf2/Rhob/Birc3/Trib1/Lif,FALSE,48,8
treatment_48h,48 h: isoflurane plus laparotomy minus source-labelled control,HALLMARK_OXIDATIVE_PHOSPHORYLATION,HALLMARK_OXIDATIVE_PHOSPHORYLATION,193,0.25623255451801336,1.2468215195884094,0.05162523900573614,0.2824858757062147,0.25572405590246805,4805,"tags=38%, list=27%, signal=28%",Sdha/Uqcrc2/Hadha/Fdx1/Ogdh/Cox6b1/Timm13/Idh3a/Alas1/Fxn/Oat/Ndufs8/Atp1b1/Ndufs1/Mtrr/Cox5b/Ndufa1/Prdx3/Etfdh/Uqcrc1/Atp6v1d/Pdhx/Atp6v1h/Slc25a11/Ndufb3/Mrps22/Acadsb/Pdp1/Tomm22/Atp6v1c1/Sdhd/Ndufa9/Sucla2/Oxa1l/Atp6ap1/Hadhb/Got2/Mtrf1/Idh3g/Cs/Slc25a12/Cyb5r3/Vdac3/Atp6v1e1/Pmpca/Slc25a3/Aco2/Aldh6a1/Etfb/Retsat/Atp5mc1/Mgst3/Cox5a/Pdk4/Cox7c/Timm17a/Cyc1/Atp5pd/Acaa2/Ndufa4/Glud1/Slc25a4/Uqcrb/Ndufv1/Mdh1/Pdhb/Fh1/Ndufa2/Bckdha/Atp6v0e/Mrps15/Ndufs3/Decr1,FALSE,6,10
treatment_48h,48 h: isoflurane plus laparotomy minus source-labelled control,HALLMARK_ALLOGRAFT_REJECTION,HALLMARK_ALLOGRAFT_REJECTION,157,0.25849073684877766,1.230895142969063,0.0710172744721689,0.2824858757062147,0.25572405590246805,4949,"tags=37%, list=28%, signal=27%",Il7/Lck/Wars1/Ptprc/Eif3a/Tlr3/Ctss/Fcgr2b/Igsf6/Zap70/Ly86/Traf2/Acvr2a/B2m/Capg/Apbb1/Mtif2/Cd47/Gcnt1/Ncr1/Ets1/Tap1/Csf1/Ikbkb/Prkcg/Cd3g/Nme1/H2-DMa/Glmn/Mmp9/Tpd52/Il6/Rars1/Map4k1/H2-Oa/Irf7/Ccr5/Tapbp/Nos2/Il11/Rpl9/Egfr/Stat1/Mrpl3/H2-DMb2/Srgn/Aars1/Il4ra/Bcl10/Prf1/Psmb10/Icam1/Eif3d/Ache/Abce1/Stat4/Rps3a1/Tlr2,FALSE,8,12
treatment_48h,48 h: isoflurane plus laparotomy minus source-labelled control,HALLMARK_E2F_TARGETS,HALLMARK_E2F_TARGETS,197,0.25118746311692636,1.225998856246838,0.059845559845559844,0.2824858757062147,0.25572405590246805,5070,"tags=38%, list=29%, signal=27%",Lbr/Rad50/Syncrip/Bub1b/Dclre1b/Ccp110/Nudt21/Ppp1r8/Mki67/Plk1/Mcm3/Spc25/Eed/Top2a/Orc2/Mthfd2/Hmgb2/Ccnb2/Stmn1/Nup205/Prdx4/Nolc1/Hmga1b/Pms2/Ing3/Ube2t/Anp32e/Plk4/Hnrnpd/Rbbp7/Trp53/Nme1/Lmnb1/Cdc20/Mre11a/Nup107/Tipin/Brms1l/Ung/Diaph3/Rpa2/Cdk1/Nup153/Rad1/Aurka/Cse1l/Dscc1/Melk/Cdca8/Prim2/Usp1/Lyar/Smc1a/Eif2s1/Pola2/Kif4/Bard1/H2ax/Msh2/Cks2/Tubg1/Hus1/Xpo1/Chek1/E2f8/Dctpp1/Brca2/Spag5/Kif22/Pold1/Rpa3/Tk1/Mxd3/Tubb5,FALSE,9,13
treatment_48h,48 h: isoflurane plus laparotomy minus source-labelled control,HALLMARK_ESTROGEN_RESPONSE_EARLY,HALLMARK_ESTROGEN_RESPONSE_EARLY,160,0.2555915950245549,1.2215402370873358,0.07924528301886792,0.2824858757062147,0.25572405590246805,3137,"tags=23%, list=18%, signal=19%",Celsr2/Kdm4b/Il6st/Mlph/Sult2b1/Fkbp5/Mybbp1a/Endod1/Bcl11b/Hspb8/Slc7a5/Eeig1/Blvrb/Add3/Fkbp4/Aldh3b1/Slc39a6/Kazn/Pex11a/Fasn/Il17rb/Nav2/Pdlim3/Mast4/Cant1/Slc24a3/Slc1a1/Ugcg/Pdzk1/Tubb2b/Farp1/Olfm1/Slc1a4/Nxt1/Rhod/Cd44/Ablim1,FALSE,10,15
treatment_48h,48 h: isoflurane plus laparotomy minus source-labelled control,HALLMARK_P53_PATHWAY,HALLMARK_P53_PATHWAY,186,-0.24918741292190486,-1.2187278921961742,0.08125,0.2824858757062147,0.25572405590246805,2762,"tags=21%, list=16%, signal=18%",Fas/Foxo3/Notch1/Aen/Prkab1/Gls2/Ada/Osgin1/Plxnb2/Tchh/Pom121/Coq8a/Abcc5/Slc7a11/Slc35d1/Cgrrf1/Hras/Rad51c/Itgb4/Procr/Il1a/Ak1/Plk3/H2aj/Pvt1/Cdk5r1/Tm4sf1/Rb1/Zfp36l1/Klf4/Tprkb/Ier5/Bax/Txnip/Tnni1/Cebpa/Apaf1/Lif/Vdr,FALSE,45,16
treatment_48h,48 h: isoflurane plus laparotomy minus source-labelled control,HALLMARK_G2M_CHECKPOINT,HALLMARK_G2M_CHECKPOINT,193,0.24869663217708418,1.2101519006077461,0.07839388145315487,0.2824858757062147,0.25572405590246805,4236,"tags=32%, list=24%, signal=24%",Lbr/Kif23/Syncrip/G3bp1/Prc1/Exo1/Snrpd1/Kif15/Rad54l/Nusap1/Mki67/Nek2/Plk1/Mcm3/Ccnf/Slc7a5/Top2a/E2f1/Ccnb2/Stmn1/H2az2/Lig3/Dbf4/Nolc1/Hmga1b/Incenp/Foxn3/Plk4/Ss18/Hnrnpd/Top1/Lmnb1/Cdc20/Rbl1/Meis2/E2f4/Slc38a1/Troap/Cdc45/Rpa2/Cdk1/Efna5/Meis1/Tnpo2/Bub1/Bub3/Aurka/Polq/Prim2/Hira/Slc7a1/Smc1a/Ccna2/Amd1/Pola2/Kif4/Cul1/Bard1/Wrn/H2ax/Cks2,FALSE,11,17
treatment_48h,48 h: isoflurane plus laparotomy minus source-labelled control,HALLMARK_ESTROGEN_RESPONSE_LATE,HALLMARK_ESTROGEN_RESPONSE_LATE,161,0.2522642233018653,1.207461651562287,0.096045197740113,0.2824858757062147,0.25572405590246805,3088,"tags=24%, list=18%, signal=20%",Celsr2/Chst8/Homer2/Il6st/Sult2b1/Fkbp5/Cdh1/Hspb8/Ltf/Slc7a5/Top2a/Eeig1/Blvrb/Add3/Mocs2/Fkbp4/Kif20a/Aldh3b1/Llgl2/Perp/Th/Plk4/Il17rb/Pdlim3/Lamc2/Prlr/Cdc20/Slc24a3/Igsf1/Xrcc3/Mest/Pdzk1/Farp1/Cd9/Olfm1/Slc1a4/Nxt1/Cd44/Hprt1,FALSE,13,19
treatment_48h,48 h: isoflurane plus laparotomy minus source-labelled control,HALLMARK_HYPOXIA,HALLMARK_HYPOXIA,170,0.2519263755062404,1.2064631293257702,0.08812260536398467,0.2824858757062147,0.25572405590246805,3861,"tags=29%, list=22%, signal=23%",Tes/Map3k1/Gcnt2/Pim1/Sult2b1/Galk1/Errfi1/Rora/Slc6a6/Ddit4/Gaa/Lox/Kif5a/Hs3st1/Slc2a3/Vegfa/Angptl4/Pgm2/Gapdhs/Pgm1/Hmox1/Ero1a/Ets1/Gys1/Hexa/Rbpj/Glrx/Pgam2/Plaur/Tpd52/Dcn/Il6/Akap12/Slc2a5/Ncan/Pdk3/Tgfbi/Pfkp/Sdc3/Gck/Anxa2/Rragd/Plin2/Cav1/Phkg1/Bcan/Chst2/Egfr/Serpine1,FALSE,14,20
treatment_48h,48 h: isoflurane plus laparotomy minus source-labelled control,HALLMARK_MYC_TARGETS_V1,HALLMARK_MYC_TARGETS_V1,192,0.2466740951257239,1.2003235016831821,0.09423076923076923,0.2824858757062147,0.25572405590246805,4499,"tags=34%, list=26%, signal=26%",Snrpd3/Syncrip/G3bp1/Snrpd1/Etf1/Eif4h/Eef1b2/Orc2/Iars1/Nop16/Prdx3/Dhx15/Prdx4/Nolc1/Uba2/Mrpl23/Cad/Snrpg/Hnrnpr/Hnrnpd/Ppia/Psmd14/Canx/Nme1/Cdc20/Xpot/Impdh2/Sf3b3/C1qbp/Erh/Got2/Psma6/Cdc45/Pabpc1/Ube2e1/Hprt1/Vdac3/Bub3/Cct7/Hddc2/Acp1/Cct4/Txnl4a/Lsm2/Mrps18b/Slc25a3/Usp1/Ilf2/Cdk2/Snrpd2/Cox5a/Eif2s1/Prps2/Ccna2/Cul1/Cyc1/Psmb2/Pgk1/Rpl14/Rack1/Rsl1d1/Rrm1/Rad23b/Xpo1/Psmd8/Rplp0,FALSE,15,21
treatment_48h,48 h: isoflurane plus laparotomy minus source-labelled control,HALLMARK_MTORC1_SIGNALING,HALLMARK_MTORC1_SIGNALING,189,0.24588506222894382,1.191540964006782,0.10384615384615385,0.2884615384615385,0.2611336032388664,3518,"tags=28%, list=20%, signal=22%",Tes/Lta4h/Wars1/Fgl2/Etf1/Slc6a6/Plk1/Mllt11/Ddit4/Ccnf/Slc7a5/Atp2a2/Mthfd2/Hmgcr/Slc2a3/Add3/Nup205/Nampt/Atp6v1d/Psph/Idi1/Nupr1/Pgm1/Ero1a/Ssr1/Acsl3/Ccng1/Cyp51/Coro1a/Hmgcs1/M6pr/Rpn1/Ppia/Psmd14/Canx/Glrx/Ykt6/Rit1/Cd9/Psmd13/Dhfr/Slc1a4/Ung/Egln3/Bub1/Hprt1/Aurka/Tbk1/Skap2/Phgdh/Acaca/Sytl2,FALSE,16,22
treatment_48h,48 h: isoflurane plus laparotomy minus source-labelled control,HALLMARK_MYC_TARGETS_V2,HALLMARK_MYC_TARGETS_V2,58,0.31281925500016516,1.2420193352970108,0.12030075187969924,0.31658092599920856,0.2865890487992835,1642,"tags=19%, list=9%, signal=17%",Slc19a1/Mybbp1a/Utp20/Plk1/Map3k6/Nop16/Bysl/Nolc1/Pes1/Prmt3/Plk4,FALSE,7,11
treatment_48h,48 h: isoflurane plus laparotomy minus source-labelled control,HALLMARK_NOTCH_SIGNALING,HALLMARK_NOTCH_SIGNALING,29,-0.37357902277072763,-1.270193895130529,0.1475054229934924,0.3402547548420869,0.3080200938570471,3302,"tags=38%, list=19%, signal=31%",Dtx4/St3gal6/Ccnd1/Dll1/Wnt5a/Notch1/Dtx1/Kat2a/Fzd7/Psenen/Tcf7l2,FALSE,47,9
treatment_48h,48 h: isoflurane plus laparotomy minus source-labelled control,HALLMARK_MITOTIC_SPINDLE,HALLMARK_MITOTIC_SPINDLE,198,0.2380229805813406,1.1629652389901703,0.1450676982591876,0.3402547548420869,0.3080200938570471,3349,"tags=24%, list=19%, signal=20%",Kif23/Dlg1/Ckap5/Prc1/Tubgcp5/Hdac6/Kif15/Dock2/Net1/Nusap1/Rictor/Nek2/Cep57/Plk1/Gemin4/Dst/Vcl/Ssh2/Top2a/Pcm1/Ccnb2/Arhgef2/Cntrob/Pdlim5/Incenp/Actn4/Sass6/Itsn1/Clip2/Arhgdia/Lmnb1/Nedd9/Cdc42/Rabgap1/Farp1/Atg4b/Csnk1d/Bcl2l11/Myo1e/Tsc1/Kif1b/Cdk1/Bub1/Tbcd/Ezr/Aurka/Cpap/Rapgef6,FALSE,17,23
treatment_48h,48 h: isoflurane plus laparotomy minus source-labelled control,HALLMARK_GLYCOLYSIS,HALLMARK_GLYCOLYSIS,169,0.24060587011027407,1.1520289119968763,0.14971209213051823,0.3402547548420869,0.3080200938570471,3325,"tags=27%, list=19%, signal=22%",Qsox1/Copb2/Galk1/Alg1/Akr1a1/Ddit4/Il13ra1/Stmn1/Vegfa/Fkbp4/Paxip1/Angptl4/Kif20a/Pgm2/Gapdhs/B4galt7/Slc16a3/Galk2/Pcx/Ero1a/Abcb6/Mpi/Gys1/Ppia/Hs2st1/Glrx/Vcan/Pgam2/Got2/Dcn/Chpf/Lhpp/Rars1/Idua/Capn5/Egln3/Gusb/Pdk3/Tgfbi/Pfkp/Cdk1/Cd44/Sdc3/Aurka/Gnpda1/Rragd,FALSE,18,24
treatment_48h,48 h: isoflurane plus laparotomy minus source-labelled control,HALLMARK_PANCREAS_BETA_CELLS,HALLMARK_PANCREAS_BETA_CELLS,24,-0.3788355114760678,-1.2253212744175281,0.1986754966887417,0.41735537190082644,0.3778164419312745,1517,"tags=29%, list=9%, signal=27%",Pax6/Srp14/Mafb/Pcsk2/Akt3/Dpp4/Vdr,FALSE,46,14
treatment_48h,48 h: isoflurane plus laparotomy minus source-labelled control,HALLMARK_APICAL_SURFACE,HALLMARK_APICAL_SURFACE,35,0.34052410724829446,1.209843358179594,0.20038167938931298,0.41735537190082644,0.3778164419312745,5713,"tags=46%, list=32%, signal=31%",Adam10/Sulf2/Ncoa6/Plaur/Efna5/Akap7/Ghrl/Tmem8b/Rhcg/App/Ephb4/Scube1/Rtn4rl1/Flot2/Il2rg/Ntng1,FALSE,12,18
treatment_48h,48 h: isoflurane plus laparotomy minus source-labelled control,HALLMARK_ADIPOGENESIS,HALLMARK_ADIPOGENESIS,188,-0.2253314834991307,-1.1054025992436167,0.20867768595041322,0.41735537190082644,0.3778164419312745,3169,"tags=24%, list=18%, signal=20%",Tkt/Lpcat3/Ptger3/Pemt/Pex14/Vegfb/Tst/Gpam/Omd/Sorbs1/Dnajb9/Uqcr10/Pfkfb3/Pim3/Chuk/Suclg1/Rreb1/Slc1a5/Pfkl/Elmod3/G3bp2/Sqor/Mrpl15/Col4a1/Ptcd3/Abcb8/Arl4a/Gpx4/Rmdn3/Mdh2/Ywhag/Esyt1/Dhcr7/Aifm1/Ndufa5/Dld/Slc27a1/Esrra/Enpp2/Ccng2/Sod1/Elovl6/Idh1/Mylk/Lama4,FALSE,44,26
treatment_48h,48 h: isoflurane plus laparotomy minus source-labelled control,HALLMARK_ANDROGEN_RESPONSE,HALLMARK_ANDROGEN_RESPONSE,88,0.2586849100891822,1.1151578002002018,0.25660377358490566,0.4934687953555878,0.44671912000611114,1924,"tags=15%, list=11%, signal=13%",Homer2/Gpd1l/Hsd17b14/Fkbp5/Lifr/Sec24d/Gnai3/Hmgcr/B2m/Pdlim5/Idi1/Acsl3/Hmgcs1,FALSE,19,25
treatment_48h,48 h: isoflurane plus laparotomy minus source-labelled control,HALLMARK_WNT_BETA_CATENIN_SIGNALING,HALLMARK_WNT_BETA_CATENIN_SIGNALING,31,0.3047435011482096,1.0590168697144309,0.35435992578849723,0.6387362637362638,0.5782244071717756,2468,"tags=29%, list=14%, signal=25%",Frat1/Ncstn/Maml1/Jag2/Trp53/Rbpj/Ppard/Dkk1/Jag1,FALSE,20,27
treatment_48h,48 h: isoflurane plus laparotomy minus source-labelled control,HALLMARK_HEME_METABOLISM,HALLMARK_HEME_METABOLISM,171,0.21626135059149082,1.0361193415767773,0.3576923076923077,0.6387362637362638,0.5782244071717756,1905,"tags=18%, list=11%, signal=16%",Btrc/Agpat4/Dcaf11/Endod1/Mfhas1/Atp6v0a1/Alad/Tmcc2/Slc25a38/Blvrb/Kdm7a/Osbp2/Htatip2/Slc66a2/Sec14l1/Gde1/Usp15/Acsl6/Bmp2k/Nfe2/Bsg/Kel/Pcx/Dcun1d1/Dmtn/Ctsb/Lamp2/Riok3/Top1/Abcb6,FALSE,21,28
treatment_48h,48 h: isoflurane plus laparotomy minus source-labelled control,HALLMARK_INFLAMMATORY_RESPONSE,HALLMARK_INFLAMMATORY_RESPONSE,162,0.21091385848868538,1.0125371396034093,0.4200743494423792,0.715397509578544,0.647623008671103,4725,"tags=28%, list=27%, signal=21%",Axl/Lck/Tlr3/Nod2/Clec5a/Hrh1/Gnai3/Atp2a2/Il15ra/Emp3/Acvr2a/Nampt/Slc31a1/Sri/Tnfrsf1b/Ebi3/Eif2ak2/Csf1/Osmr/Cybb/Plaur/Lpar1/Tnfsf10/Il6/C3ar1/Kif1b/Rgs1/Sphk1/Adgre1/Irf7/Cd69/Tapbp/Chst2/Slc7a1/Serpine1/Pdpn/Ptger4/Best1/Il4ra/Il1r1/Cmklr1/Ifnar1/Itgb3/Ly6e/Icam1/Cxcl10,FALSE,22,29
treatment_48h,48 h: isoflurane plus laparotomy minus source-labelled control,HALLMARK_KRAS_SIGNALING_UP,HALLMARK_KRAS_SIGNALING_UP,160,-0.2111363170662398,-1.006701483586127,0.4364406779661017,0.715397509578544,0.647623008671103,2138,"tags=17%, list=12%, signal=15%",Sema3b/Tnfaip3/Abcb1a/Tfpi/Wdr33/Ptcd2/Car2/Tph1/Ano1/Flt4/Satb1/Etv1/Mafb/Yrdc/Kcnn4/Inhba/Zfp639/Akt2/Pcp4/Klf4/Btbd3/Ammecr1/Evi5/Tlr8/Birc3/Trib1/Lif,FALSE,43,30
treatment_48h,48 h: isoflurane plus laparotomy minus source-labelled control,HALLMARK_PEROXISOME,HALLMARK_PEROXISOME,92,0.23117212704397103,1.0036491986581892,0.4578544061302682,0.715397509578544,0.647623008671103,2466,"tags=21%, list=14%, signal=18%",Vps4b/Cacna1b/Acsl4/Sult2b1/Acsl5/Mvp/Top2a/Sod2/Pex5/Pex11a/Dlg4/Idi1/Cel/Crat/Fdps/Tspo/Eci2/Rxrg/Scp2,FALSE,23,31
treatment_48h,48 h: isoflurane plus laparotomy minus source-labelled control,HALLMARK_XENOBIOTIC_METABOLISM,HALLMARK_XENOBIOTIC_METABOLISM,154,0.21117823867786348,0.9997583241252461,0.4484732824427481,0.715397509578544,0.647623008671103,4048,"tags=28%, list=23%, signal=22%",Aldh2/Gcnt2/Gss/Spint2/Apoe/Hes6/Slc6a6/Tdo2/Alas1/Ssr3/Atp2a2/Blvrb/Pdlim5/Etfdh/Npc1/Hmox1/Pcx/Acsm1/Entpd5/Acp2/Cyp2s1/Slc12a4/Ppard/Bphl/Mccc2/Fbln1/Cyfip2/Pts/Pgd/Hprt1/Pros1/Tmbim6/Ptgds/Acp1/Cyp27a1/Abcc2/Aco2/Retsat/Cat/Serpine1/Fah/Pdk4/Nfs1,FALSE,24,32
treatment_48h,48 h: isoflurane plus laparotomy minus source-labelled control,HALLMARK_APOPTOSIS,HALLMARK_APOPTOSIS,146,-0.20759106304468825,-0.9813768791769687,0.4989429175475687,0.7543807543807545,0.6829131039657356,3738,"tags=23%, list=21%, signal=18%",Casp1/Ddit3/Crebbp/Ebp/Btg2/Rhot2/Jun/Plppr4/Timp2/Ccnd1/Fas/Rela/Wee1/Eno2/Dffa/Ctnnb1/Mcl1/Il18/Gna15/Gpx4/Satb1/Il1a/Cdc25b/Anxa1/Sc5d/Sptan1/Sod1/Bax/Txnip/Bcl2l2/Rhob/Casp2/Birc3/Smad7,FALSE,42,33
treatment_48h,48 h: isoflurane plus laparotomy minus source-labelled control,HALLMARK_EPITHELIAL_MESENCHYMAL_TRANSITION,HALLMARK_EPITHELIAL_MESENCHYMAL_TRANSITION,157,-0.20409991222228593,-0.9751783751060985,0.5280665280665281,0.7543807543807545,0.6829131039657356,4541,"tags=31%, list=26%, signal=23%",Cdh11/Lrp1/Bmp1/Nt5e/Postn/Timp3/Lama2/Wipf1/Col6a3/Lgals1/Thbs2/Gpc1/Pcolce2/Mfap5/Fgf2/Id2/Jun/Col5a1/Lamc1/Fas/Rgs4/Basp1/Eno2/Calu/Wnt5a/Igfbp4/Lrrc15/Sgcd/Tnfaip3/Col4a1/Il15/Col16a1/Fermt2/Itgb5/Spock1/Tnc/Inhba/Slc6a8/Sgcg/Col6a2/Gja1/Sfrp4/Igfbp2/Fn1/Rhob/Fap/Itgav/Mylk/Col7a1,FALSE,41,34
treatment_48h,48 h: isoflurane plus laparotomy minus source-labelled control,HALLMARK_TGF_BETA_SIGNALING,HALLMARK_TGF_BETA_SIGNALING,50,-0.2532571885225445,-0.9670993215316398,0.5277777777777778,0.7543807543807545,0.6829131039657356,4292,"tags=32%, list=24%, signal=24%",Tjp1/Smad1/Klf10/Id2/Ifngr2/Id1/Ltbp2/Fkbp1a/Ctnnb1/Junb/Map3k7/Hipk2/Ski/Arid4b/Ncor2/Smad7,FALSE,40,35
treatment_48h,48 h: isoflurane plus laparotomy minus source-labelled control,HALLMARK_UV_RESPONSE_DN,HALLMARK_UV_RESPONSE_DN,131,0.21043032815164556,0.9649321097229905,0.5540540540540541,0.7695195195195195,0.6966176703018808,1781,"tags=14%, list=10%, signal=12%",Bmpr1a/Map1b/Dlg1/Abcc1/Scaf8/Pik3cd/Mgmt/Acvr2a/Prkce/Add3/Pmp22/Pdlim5/Sri/Amph/Spop/Gcnt1/Arhgef9/Pten,FALSE,25,36
treatment_48h,48 h: isoflurane plus laparotomy minus source-labelled control,HALLMARK_UV_RESPONSE_UP,HALLMARK_UV_RESPONSE_UP,137,0.1982980493140799,0.9186615476517511,0.6608187134502924,0.8547008547008548,0.7737291947818262,4419,"tags=32%, list=25%, signal=24%",Il6st/Cdc5l/Sigmar1/Col2a1/Ctsl/Cdc34/Alas1/Sod2/Grina/Fkbp4/Dlg4/Creg1/Mrpl23/Bsg/Tars1/Hmox1/Cyb5r1/Cebpg/Pdlim3/Tap1/Rpn1/Ppt1/Atp6v1c1/Ykt6/Dgat1/Selenow/Olfm1/Bcl2l11/Il6/Eif5/Nup58/Tmbim6/Sult1a1/Klhdc3/Bid/Nptxr/Cdk2/Amd1/Cck/Stard3/H2ax/Nat2/Hspa2/Slc25a4,FALSE,26,37
treatment_48h,48 h: isoflurane plus laparotomy minus source-labelled control,HALLMARK_APICAL_JUNCTION,HALLMARK_APICAL_JUNCTION,161,0.1917553248273848,0.9178360616553778,0.6666666666666666,0.8547008547008548,0.7737291947818262,3191,"tags=21%, list=18%, signal=17%",Nfasc/Wnk4/Dlg1/Ikbkg/Baiap2/Ptprc/Cd34/Cdh1/Dsc3/Cldn15/Vcl/Ldlrap1/Nectin3/Cadm2/Negr1/Actn4/Sgce/Pten/Lamc2/Cadm3/Crat/Nlgn3/Vcan/Mmp9/Msn/Tspan4/Thbs3/Tsc1/Hadh/Icam2/Cdh3/Tgfbi/Sdc3/Arhgef6,FALSE,27,38
treatment_48h,48 h: isoflurane plus laparotomy minus source-labelled control,HALLMARK_FATTY_ACID_METABOLISM,HALLMARK_FATTY_ACID_METABOLISM,134,0.1970224422620961,0.9100086973913409,0.6621621621621622,0.8547008547008548,0.7737291947818262,2859,"tags=20%, list=16%, signal=17%",Sdha/Hsdl2/Acsl4/Acsl5/Alad/Tdo2/Etfdh/Gapdhs/Idi1/Fasn/Gpd2/Cel/Crat/Hmgcs1/Acadl/Reep6/Sdhd/D2hgdh/Sucla2/Ncaph2/Eci2/Hadhb/Acsm3/Bphl/Idh3g/Hadh/Pts,FALSE,28,39
treatment_48h,48 h: isoflurane plus laparotomy minus source-labelled control,HALLMARK_REACTIVE_OXYGEN_SPECIES_PATHWAY,HALLMARK_REACTIVE_OXYGEN_SPECIES_PATHWAY,44,0.23112256412995297,0.8647835424815944,0.6966292134831461,0.8707628059887156,0.7882694875266266,1218,"tags=14%, list=7%, signal=13%",Lsp1/Ercc2/Abcc1/Sod2/Sbno2/Prdx4,FALSE,29,42
treatment_48h,48 h: isoflurane plus laparotomy minus source-labelled control,HALLMARK_ANGIOGENESIS,HALLMARK_ANGIOGENESIS,24,0.25843880964286625,0.8364339106779446,0.7140255009107468,0.8707628059887156,0.7882694875266266,4388,"tags=38%, list=25%, signal=28%",Vegfa/Spp1/Jag2/Vcan/Jag1/Lrpap1/Ptk2/Fstl1/App,FALSE,30,43
treatment_48h,48 h: isoflurane plus laparotomy minus source-labelled control,HALLMARK_DNA_REPAIR,HALLMARK_DNA_REPAIR,144,-0.18540824920695137,-0.8803024955925779,0.7576374745417516,0.9019493744544661,0.8165015389798326,3238,"tags=21%, list=18%, signal=17%",Eif1b/Polr1h/Pde6g/Upf3b/Supt5/Cstf3/Polr2d/Polb/Ercc3/Ada/Taf9/Nt5c3/Pom121/Ssrp1/Cox17/Snapc4/Nelfe/Gpx4/Pole4/Rfc3/Dctn4/Nelfcd/Npr2/Ak1/Ncbp2/Surf1/Polr2a/Taf6/Rad52/Rnmt,FALSE,39,40
treatment_48h,48 h: isoflurane plus laparotomy minus source-labelled control,HALLMARK_IL2_STAT5_SIGNALING,HALLMARK_IL2_STAT5_SIGNALING,179,-0.1785040217378856,-0.8649825388225495,0.8115631691648822,0.9116809116809117,0.8253111411006148,2436,"tags=16%, list=14%, signal=14%",Traf1/Hk2/Snx9/Plpp1/Ahr/She/Eno3/Pus1/Abcb1a/Slc1a5/Huwe1/Hipk2/Dennd5a/Arl4a/Car2/Swap70/Gpx4/Tnfrsf9/Prkch/Alcam/Il3ra/Odc1/Cdc6/Pdcd2l/Bhlhe40/Rhob/Lif/Ahnak/Itgav,FALSE,38,41
treatment_48h,48 h: isoflurane plus laparotomy minus source-labelled control,HALLMARK_PI3K_AKT_MTOR_SIGNALING,HALLMARK_PI3K_AKT_MTOR_SIGNALING,95,0.18984056985371606,0.8266554332373586,0.8097087378640777,0.9116809116809117,0.8253111411006148,5225,"tags=36%, list=30%, signal=25%",Mapk8/Lck/Cltc/Ppp2r1b/E2f1/Traf2/Csnk2b/Pten/Akt1s1/Mknk2/Arhgdia/Prkag1/Rit1/Smad2/Nod1/Cdk1/Dusp3/Tbk1/Mknk1/Acaca/Cfl1/Egfr/Cdk2/Nfkbib/Gna14/Slc2a1/Pin1/Ralb/Rps6ka3/Hsp90b1/Stat2/Prkaa2/Pik3r3/Raf1,FALSE,31,44
treatment_48h,48 h: isoflurane plus laparotomy minus source-labelled control,HALLMARK_HEDGEHOG_SIGNALING,HALLMARK_HEDGEHOG_SIGNALING,28,-0.2311154923593034,-0.7800106811061351,0.8205128205128205,0.9116809116809117,0.8253111411006148,4054,"tags=29%, list=23%, signal=22%",Amot/Nf1/Unc5c/Ldb1/Ets2/Tle3/Cdk5r1/Cdk6,FALSE,35,49
treatment_48h,48 h: isoflurane plus laparotomy minus source-labelled control,HALLMARK_SPERMATOGENESIS,HALLMARK_SPERMATOGENESIS,88,-0.1897059276083323,-0.8223646888247806,0.8389830508474576,0.9119380987472365,0.8255439630764457,2479,"tags=15%, list=14%, signal=13%",Acrv1/Art3/She/Htr5a/Arl4a/Agfg1/Phf7/Mast2/Pebp1/Tulp2/Tktl1/Zc3h14/Nos1,FALSE,37,45
treatment_48h,48 h: isoflurane plus laparotomy minus source-labelled control,HALLMARK_KRAS_SIGNALING_DN,HALLMARK_KRAS_SIGNALING_DN,124,-0.17784130970231135,-0.8172816563495653,0.8886554621848739,0.9125914516750097,0.8261354194110614,3597,"tags=23%, list=20%, signal=18%",Tshb/P2rx6/Serpina10/Wnt16/Btg2/Gamt/Itgb1bp2/Ptprj/Chrng/Kmt2d/Tfcp2l1/Prkn/Tex15/Mfsd6/Tent5c/Copz2/Tgm1/Coq8a/Edn1/Arpp21/Tcf7l1/Igfbp2/Abcg4/Thrb/Ryr1/Myh7/Kcnq2/Nos1,FALSE,36,46
treatment_48h,48 h: isoflurane plus laparotomy minus source-labelled control,HALLMARK_COAGULATION,HALLMARK_COAGULATION,102,0.17725437145493445,0.7861455860957264,0.8939393939393939,0.9125914516750097,0.8261354194110614,4641,"tags=27%, list=26%, signal=20%",Lta4h/Ctsl/C1s1/Prep/Ctso/Gng12/Ctsh/Trf/Ctsb/Lamp2/C1qa/Capn2/Mmp9/Cd9/Tmprss6/Capn5/Usp11/Pros1/Wdr1/Casp9/Serpine1/Cfh/Sirt2/Clu/Lgmn/Gp9/Itgb3/C8g,FALSE,32,47
treatment_48h,48 h: isoflurane plus laparotomy minus source-labelled control,HALLMARK_BILE_ACID_METABOLISM,HALLMARK_BILE_ACID_METABOLISM,89,0.1808991615988966,0.7833555183969676,0.8943396226415095,0.9125914516750097,0.8261354194110614,3938,"tags=26%, list=22%, signal=20%",Lck/Sult2b1/Acsl5/Slc23a1/Abca6/Efhc1/Bmp6/Npc1/Pex11a/Idi1/Abca5/Rxrg/Pnpla8/Scp2/Amacr/Soat2/Ch25h/Abcd3/Cyp27a1/Atxn1/Retsat/Cat/Ephx2,FALSE,33,48
treatment_48h,48 h: isoflurane plus laparotomy minus source-labelled control,HALLMARK_UNFOLDED_PROTEIN_RESPONSE,HALLMARK_UNFOLDED_PROTEIN_RESPONSE,106,-0.16101837754236445,-0.7245706308136064,0.971252566735113,0.971252566735113,0.8792391656759971,4475,"tags=27%, list=25%, signal=21%",Eif4a1/Sec11a/Atf3/Bag3/Pdia6/Psat1/Eif4a3/Srpra/Sdad1/Tatdn2/Ddx10/Cnot6/Atf4/Exosc5/Hyou1/Dnajb9/Dctn1/Wfs1/Exosc1/Zbtb17/Aldh18a1/Exosc9/Fus/Pop4/Lsm1/Asns/Khsrp/Calr/Fkbp14,FALSE,34,50
time_by_treatment,(48 h exposure − 48 h control) − (6 h exposure − 6 h control),HALLMARK_INTERFERON_GAMMA_RESPONSE,HALLMARK_INTERFERON_GAMMA_RESPONSE,180,0.492424763410377,2.365226167247039,4.715520540825332e-13,2.357760270412666e-11,1.7869340996811784e-11,3511,"tags=41%, list=16%, signal=35%",Psmb9/Ifit3/Mx2/Lgals3bp/Pla2g4a/Mvp/Wars1/Mthfd2/Eif4e3/Il10ra/Ifit2/Ifitm3/B2m/Irf4/Samd9l/Slamf7/Tap1/Batf2/Nampt/Epsti1/Trim21/Ifih1/Fgl2/St3gal5/Ogfr/Icam1/Bank1/Ptgs2/Bst2/H2-DMa/Ifnar2/Irf9/Apol6/Dhx58/Il7/Ifi30/Cxcl10/Irf1/Rsad2/Hif1a/Tapbp/Ptpn2/Pim1/Pde4b/Ly6e/Rnf213/Stat1/Psme2/Rnf31/Tdrd7/Rapgef6/Ptpn6/Psmb2/Usp18/Cfh/Irf8/C1s1/Oas2/Trim14/Tor1b/Cdkn1a/Lap3/Rtp4/Psme1/Herc6/Irf7/Ifi35/Itgb7/Fcgr1/Oas3/Pml/Irf5/Rigi/Cd69,TRUE,2,2
time_by_treatment,(48 h exposure − 48 h control) − (6 h exposure − 6 h control),HALLMARK_INTERFERON_ALPHA_RESPONSE,HALLMARK_INTERFERON_ALPHA_RESPONSE,92,0.6033782211115082,2.624158343520711,2.9255319877419276e-12,7.313829969354819e-11,5.5431132399320733e-11,3053,"tags=48%, list=14%, signal=41%",Psmb9/Ifit3/Mx2/Lgals3bp/Wars1/Ifit2/Ifitm3/B2m/Samd9l/Tap1/Oas1a/Lpar6/Batf2/Epsti1/Trim21/Ifih1/Ogfr/Bst2/Irf9/Dhx58/Il7/Gmpr/Csf1/Ifi30/Cxcl10/Irf1/Rsad2/Parp9/Ly6e/Psme2/Rnf31/Tdrd7/Usp18/C1s1/Cd47/Trim14/Lap3/Rtp4/Nub1/Psme1/Cnp/Herc6/Irf7/Ifi35,TRUE,1,1
time_by_treatment,(48 h exposure − 48 h control) − (6 h exposure − 6 h control),HALLMARK_INFLAMMATORY_RESPONSE,HALLMARK_INFLAMMATORY_RESPONSE,179,0.3565581831122081,1.708914471375484,7.737301742926637e-5,0.001289550290487773,9.77343378053891e-4,3728,"tags=31%, list=17%, signal=26%",Csf3r/Il1r1/Ptafr/Axl/Ebi3/Lpar1/Tlr2/F3/Gna15/Il10ra/Nampt/Clec5a/Acvr2a/Rhog/Adgre1/Cd48/Gnai3/Icam1/Ptpre/Irak2/Bst2/Csf1/Abca1/Emp3/Mmp14/Cxcl10/Irf1/Hif1a/Tapbp/Pde4b/Ly6e/Ifnar1/Scn1b/Hrh1/Cd82/Cybb/Osmr/Nod2/Gpr183/Chst2/Sema4d/Hpn/Slc11a2/Cdkn1a/Rtp4/Has2/Marco/Best1/Irf7/Cd69/C3ar1/Osm/Slc28a2/P2rx4/Atp2b1,TRUE,5,5
time_by_treatment,(48 h exposure − 48 h control) − (6 h exposure − 6 h control),HALLMARK_MTORC1_SIGNALING,HALLMARK_MTORC1_SIGNALING,196,0.3428192769166374,1.666494033757315,1.0500718723079109e-4,0.0013125898403848885,9.94804931660126e-4,2467,"tags=27%, list=11%, signal=24%",Coro1a/Fads1/Actr3/Mllt11/Rpn1/Cd9/Ung/Wars1/Atp6v1d/Mthfd2/Pgm1/Idi1/Add3/Ctsc/Nampt/Sytl2/Cct6a/Fgl2/Hprt1/Canx/Itgb2/Ssr1/Nfkbib/Nupr1/Phgdh/Psmd14/Hmgcr/Ppia/Hsp90b1/Psmg1/Qdpr/Plk1/Ifi30/Ccnf/Acsl3/Me1/Hmbs/Lta4h/Arpc5l/Rrm2/Psph/Acly/Rab1a/M6pr/Tpi1/Gmps/Glrx/Actr2/Lgmn/Aldoa/Slc2a1/Egln3,TRUE,7,7
time_by_treatment,(48 h exposure − 48 h control) − (6 h exposure − 6 h control),HALLMARK_IL6_JAK_STAT3_SIGNALING,HALLMARK_IL6_JAK_STAT3_SIGNALING,81,0.43012220240678223,1.834062236139734,2.106328428134823e-4,0.0017593342823638666,0.0013333901929494568,3369,"tags=33%, list=16%, signal=28%",Il6st/Il13ra1/Csf3r/Il1r1/Ebi3/Cd9/Tlr2/Acvrl1/Ltb/Irf9/Il7/Csf1/Cxcl10/Irf1/Tnf/Ptpn2/Pim1/Tyk2/Stat1/Ifnar1/Il17rb/Osmr/Cxcl2/Cd36/Tnfrsf1a/A2m/Il2rg,TRUE,3,3
time_by_treatment,(48 h exposure − 48 h control) − (6 h exposure − 6 h control),HALLMARK_PROTEIN_SECRETION,HALLMARK_PROTEIN_SECRETION,94,0.4054675903979491,1.780549065700536,2.1112011388366397e-4,0.0017593342823638666,0.0013333901929494568,3397,"tags=37%, list=16%, signal=31%",Cltc/Bnip3/Ctsc/Copb2/Rab9/Yipf6/Atp6v1h/Scamp1/Golga4/Tpd52/Cope/Arfgef2/Arfgap3/Sec22b/Abca1/Cav2/Adam10/Rab22a/Anp32e/Gosr2/Tom1l1/M6pr/Lamp2/Ergic3/Lman1/Scrn1/Sec24d/Bet1/Ppt1/Sgms1/Stx7/Igf2r/Ap2b1/Ap2m1/Cog2,TRUE,4,4
time_by_treatment,(48 h exposure − 48 h control) − (6 h exposure − 6 h control),HALLMARK_COMPLEMENT,HALLMARK_COMPLEMENT,174,0.35098665379858895,1.679834185172243,3.0095055311189783e-4,0.0021496468079421275,0.0016292060018087704,3321,"tags=29%, list=15%, signal=24%",Psmb9/Cpm/Pla2g4a/Ctso/Ctsh/F3/Itgam/Ctsl/Zeb1/Gpd2/Gca/Calm1/Ctsc/Kcnip3/Ctss/Rhog/Gnai3/Usp15/Ctsb/Lipa/Mmp14/Irf1/Gmfb/Vcpip1/Me1/Pim1/Lta4h/S100a9/Lamp2/Cfh/Pdp1/Lgmn/Prep/C1qa/Ctsd/Ltf/C1s1/Plek/Cd36/Cr2/Dgkg/Lap3/Prkcd/Gp9/Msrb1/Prcp/Irf7/Hpcal4/Akap10/Fcer1g,TRUE,6,6
time_by_treatment,(48 h exposure − 48 h control) − (6 h exposure − 6 h control),HALLMARK_ALLOGRAFT_REJECTION,HALLMARK_ALLOGRAFT_REJECTION,172,0.34121783341391176,1.634826581507359,5.4283263740005e-4,0.0033927039837503125,0.0025713124929476056,3034,"tags=27%, list=14%, signal=23%",Tap2/Ptprc/Tlr2/Ccr5/Cd3g/Wars1/B2m/Irf4/Tap1/Ncf4/Acvr2a/Ctss/Ltb/Capg/Hcls1/Csk/Itgb2/Ikbkb/Tpd52/Icam1/H2-DMa/Ifnar2/Apbb1/Il7/Igsf6/Csf1/Tnf/Hif1a/Tapbp/Mtif2/Glmn/Stat1/Elf4/H2-Ob/Traf2/Ccnd2/Ptpn6/Flna/Irf8/H2-DMb2/Cd47/H2-Oa/Fgr/Cd247/Brca1/Irf7,TRUE,8,8
time_by_treatment,(48 h exposure − 48 h control) − (6 h exposure − 6 h control),HALLMARK_OXIDATIVE_PHOSPHORYLATION,HALLMARK_OXIDATIVE_PHOSPHORYLATION,193,0.32294269396515585,1.5617921609668655,0.0012641839928567821,0.007023244404759901,0.005322879969923294,4667,"tags=34%, list=22%, signal=27%",Ndufs8/Ndufab1/Nqo2/Atp6v1d/Tomm22/Idh3g/Slc25a3/Atp6v1h/Mfn2/Alas1/Por/Prdx3/Slc25a11/Ndufa4/Ndufa1/Atp6v0c/Cyb5r3/Mrps15/Oxa1l/Cs/Ogdh/Ndufs1/Uqcrc2/Sucla2/Pdha1/Cox6b1/Timm17a/Timm13/Ndufb6/Ndufa9/Atp6v1c1/Retsat/Hadha/Uqcrb/Pdp1/Oat/Cyc1/Tcirg1/Cox5b/Bckdha/Opa1/Mdh1/Htra2/Timm50/Fh1/Sdha/Vdac3/Ndufa3/Mrps22/Cox5a/Mtrr/Ndufs7/Atp6v1f/Acaa1a/Cox7a2l/Uqcrc1/Atp5f1a/Fxn/Atp5mf/Ech1/Atp5f1d/Glud1/Decr1/Ndufa6/Atp5pf/Mgst3,TRUE,9,9
time_by_treatment,(48 h exposure − 48 h control) − (6 h exposure − 6 h control),HALLMARK_COAGULATION,HALLMARK_COAGULATION,117,0.3259229315135995,1.4615348372810522,0.007799062234173999,0.03899531117086999,0.029554341097922526,4483,"tags=32%, list=21%, signal=26%",Sirt2/Ctso/Ctsh/Trf/Cd9/F3/Ctsl/Plau/Sparc/Wdr1/Thbs1/Ctsb/Arf4/Mmp14/Lta4h/Gng12/Lamp2/Cfh/Lgmn/Prep/C1qa/C1s1/Usp11/Plek/Hpn/Mmp2/Gp9/Msrb2/A2m/Capn5/Mmp9/Pros1/Pdgfb/Furin/Clu/Itga2/Mst1/Klk8,TRUE,10,10
time_by_treatment,(48 h exposure − 48 h control) − (6 h exposure − 6 h control),HALLMARK_IL2_STAT5_SIGNALING,HALLMARK_IL2_STAT5_SIGNALING,191,0.2931126515458677,1.4144664816148818,0.008811491562782181,0.04005223437628264,0.030355377632551056,3389,"tags=25%, list=16%, signal=21%",Cd83/Nrp1/Cst7/Itgae/Bmpr2/Capn3/Dcps/Ncs1/Pth1r/Cyfip1/Il10ra/Ifitm3/Ttc39b/Irf4/Ctsz/Phtf2/Ltb/Capg/Batf3/Fgl2/Cd48/Uck2/Csf1/Cd81/Cxcl10/Dhrs3/Snx14/Pim1/Myo1e/Ccnd2/Spp1/Lrrc8c/Irf8/Plec/Cdc42se2/Etv4/Icos/Igf2r/Hipk2/Spry4/Eno3/Rora/Syngr2/Cd79b/P4ha1/Ptrh2/Rragd,TRUE,12,12
time_by_treatment,(48 h exposure − 48 h control) − (6 h exposure − 6 h control),HALLMARK_KRAS_SIGNALING_UP,HALLMARK_KRAS_SIGNALING_UP,181,0.2827958338469334,1.356731397138449,0.022861865624185764,0.09525777343410735,0.07219536512900768,4712,"tags=30%, list=22%, signal=24%",St6gal1/Nrp1/Lcp1/Dock2/Eng/Plau/Il10ra/Cdadc1/Vwa5a/Ctss/Tmem176a/Trib2/Itgb2/Ephb2/Ptgs2/Strn/Arg1/Map3k1/Cxcl10/Prdm1/Laptm5/Lat2/Scn1b/Tmem176b/Ccnd2/Spp1/Wnt7a/Cfh/Glrx/Etv5/Irf8/Jup/Etv4/Tmem100/Aldh1a3/Ptbp2/Hsd11b1/Clec4a3/Fcer1g/Il2rg/C3ar1/Tnfaip3/Btc/Mmp9/Mtmr10/Cbr4/Ccser2/Itga2/Ush1c/Map7/Hoxd11/Akap12/Cd37/Tspan7/Tspan1,FALSE,13,13
time_by_treatment,(48 h exposure − 48 h control) − (6 h exposure − 6 h control),HALLMARK_TNFA_SIGNALING_VIA_NFKB,HALLMARK_TNFA_SIGNALING_VIA_NFKB,185,0.2789586666538124,1.3432884692591072,0.02952300822261043,0.11355003162542474,0.08605897133716402,3981,"tags=29%, list=19%, signal=24%",Il6st/Cd83/Smad3/Nfkbie/Slc16a6/Nfkb2/Tlr2/F3/Plau/Ifit2/Tap1/Nampt/Marcks/Relb/Pdlim5/Ifih1/Tubb2a/Litaf/Icam1/Ptpre/Ptgs2/Csf1/Abca1/Pmepa1/Cxcl10/Irf1/Tiparp/Tnf/Pde4b/Ccnd1/Cxcl2/Gpr183/Plek/Nfat5/Cdkn1a/Tgif1/Btg3/Tsc22d1/Sat1/Clcf1/Rigi/Cd69/Stat5a/Tnip2/Tnfaip3/Dram1/Plk2/Rel/Atp2b1/Slc2a6/Jag1/Tnfaip6/Bcl6,FALSE,15,16
time_by_treatment,(48 h exposure − 48 h control) − (6 h exposure − 6 h control),HALLMARK_PEROXISOME,HALLMARK_PEROXISOME,99,0.3057811176399902,1.350041677787954,0.03513378177683221,0.12547779206011506,0.09509895819292931,4215,"tags=33%, list=20%, signal=27%",Fdps/Fads1/Pex11a/Ehhadh/Acsl4/Mvp/Tspo/Idi1/Hsd17b4/Cel/Cat/Pex13/Dhrs3/Fis1/Retsat/Ywhah/Rxrg/Pex2/Slc23a2/Hsd3b7/Cln8/Abcd1/Abcc5/Sult2b1/Alb/Acaa1a/Slc25a19/Pex5/Cadm1/Pex14/Prdx1/Top2a/Esr2,FALSE,14,15
time_by_treatment,(48 h exposure − 48 h control) − (6 h exposure − 6 h control),HALLMARK_REACTIVE_OXYGEN_SPECIES_PATHWAY,HALLMARK_REACTIVE_OXYGEN_SPECIES_PATHWAY,48,0.368422087526209,1.4229779501868198,0.05401088442875604,0.18003628142918682,0.13644855013580476,4617,"tags=35%, list=21%, signal=28%",Ercc2/Hhex/Lsp1/Prdx4/Abcc1/Hmox2/Cat/Prdx2/Srxn1/Glrx/Stk25/Mpo/Mbp/Prdx1/Fes/Cdkn2d/Ndufa6,FALSE,11,11
time_by_treatment,(48 h exposure − 48 h control) − (6 h exposure − 6 h control),HALLMARK_APICAL_JUNCTION,HALLMARK_APICAL_JUNCTION,184,0.25581145560638874,1.2289725664983857,0.06601466992665037,0.2062958435207824,0.15635053403680352,2890,"tags=21%, list=13%, signal=19%",Tgfbi/Wnk4/Ptprc/Tsc1/Baiap2/Nfasc/Cd34/Rsu1/Ptk2/Actn4/Vcl/Ikbkg/Icam1/Nectin4/Sgce/Mapk14/Sdc3/Cap1/Dlg1/Arhgef6/Epb41l2/Evl/Cadm2/Cdh1/Layn/Sirpa/Hadh/Nlgn2/Map4k2/Ywhah/Itgb1/Krt31/Actn3/Jup/Atp1a3/Mapk11/Mmp2/Cd276/Negr1,FALSE,19,20
time_by_treatment,(48 h exposure − 48 h control) − (6 h exposure − 6 h control),HALLMARK_DNA_REPAIR,HALLMARK_DNA_REPAIR,146,0.2636175370710886,1.2302485340575884,0.07328605200945626,0.21554721179251843,0.16336209735854026,2884,"tags=21%, list=13%, signal=18%",Trp53/Pold1/Ercc2/Cant1/Ago4/Gmpr2/Ell/Hcls1/Hprt1/Ddb1/Polr2a/Mpc2/Aaas/Dguok/Nfx1/Clp1/Poll/Pde4b/Sec61a1/Rad51/Tarbp2/Nelfcd/Ercc8/Zfp707/Guk1/Usp11/Pold4/Rala/Polr2c/Cetn2,FALSE,18,19
time_by_treatment,(48 h exposure − 48 h control) − (6 h exposure − 6 h control),HALLMARK_UV_RESPONSE_UP,HALLMARK_UV_RESPONSE_UP,149,0.2615919007965113,1.2249690502956352,0.07801418439716312,0.21670606776989756,0.16424038820455394,2965,"tags=22%, list=14%, signal=19%",Il6st/Grina/Rpn1/Fkbp4/Ctsl/Cdc34/Tap1/Sigmar1/Bcl2l11/Alas1/Dgat1/Pole3/Icam1/Selenow/Mmp14/Tgfbrap1/Tmbim6/Irf1/Hnrnpu/Stard3/Atp6v1c1/Bid/Eif5/Cyb5r1/Aldoa/Hspa2/Olfm1/Stk25/Prkaca/Ppt1/Prkcd/Btg3/Cnp,FALSE,20,21
time_by_treatment,(48 h exposure − 48 h control) − (6 h exposure − 6 h control),HALLMARK_PANCREAS_BETA_CELLS,HALLMARK_PANCREAS_BETA_CELLS,28,-0.40656131995034095,-1.3561383262948061,0.09074733096085409,0.23880876568645815,0.18099190662552617,2452,"tags=29%, list=11%, signal=25%",Dcx/Hnf1a/Pklr/Akt3/Pax6/Vdr/Dpp4/Mafb,FALSE,50,14
time_by_treatment,(48 h exposure − 48 h control) − (6 h exposure − 6 h control),HALLMARK_PI3K_AKT_MTOR_SIGNALING,HALLMARK_PI3K_AKT_MTOR_SIGNALING,100,0.28116408312514113,1.240350883792693,0.09745762711864407,0.2436440677966102,0.18465655664585193,3505,"tags=23%, list=16%, signal=19%",Cltc/Actr3/Dusp3/Cfl1/Rps6ka1/Akt1s1/Smad2/Ppp2r1b/Ywhab/Nfkbib/Arhgdia/Hsp90b1/Ecsit/Traf2/Actr2/Slc2a1/Cdkn1a/Mknk1/Tnfrsf1a/Ap2m1/Il2rg/Map2k6/Mknk2,FALSE,17,18
time_by_treatment,(48 h exposure − 48 h control) − (6 h exposure − 6 h control),HALLMARK_TGF_BETA_SIGNALING,HALLMARK_TGF_BETA_SIGNALING,52,0.3224415977378328,1.2683838477499123,0.10851063829787234,0.246615087040619,0.1869082764939428,1873,"tags=19%, list=9%, signal=18%",Bmpr1a/Bmpr2/Smad3/Eng/Thbs1/Skil/Fnta/Pmepa1/Cdh1/Id3,FALSE,16,17
time_by_treatment,(48 h exposure − 48 h control) − (6 h exposure − 6 h control),HALLMARK_HEME_METABOLISM,HALLMARK_HEME_METABOLISM,181,0.24537623478877776,1.1772084380484253,0.10757946210268948,0.246615087040619,0.1869082764939428,2918,"tags=23%, list=14%, signal=20%",Sec14l1/Dcaf11/Riok3/Atp6v0a1/Endod1/Mpp1/E2f2/Blvrb/Kel/Alad/Usp15/Ctsb/Abcb6/Pdzk1ip1/Gde1/Ppox/Klf3/Cat/Slc22a4/Ctns/Hmbs/Nek7/Kat2b/Ncoa4/Nr3c1/Mark3/Htatip2/Prdx2/Lamp2/Gmps/Blvra/Tspo2/Nfe2l1/Sidt2/Slc2a1/Add2/Add1/Igsf3/Slc11a2/Rad23a/Dmtn,FALSE,22,23
time_by_treatment,(48 h exposure − 48 h control) − (6 h exposure − 6 h control),HALLMARK_ANDROGEN_RESPONSE,HALLMARK_ANDROGEN_RESPONSE,92,0.27360337248610944,1.1899312033540268,0.12095032397408208,0.2610565110565111,0.1978533557480926,3364,"tags=30%, list=16%, signal=26%",Fads1/B2m/Idi1/Pgm3/Pdlim5/Inpp4b/Hsd17b14/Tpd52/Gnai3/Hmgcr/Pmepa1/Acsl3/Xrcc6/Tmprss2/Ncoa4/Slc26a2/Selenop/Ccnd1/Hpgd/Lman1/Aldh1a3/Pa2g4/Hmgcs1/Sec24d/Tsc22d1/Srf/Sat1/Camkk2,FALSE,21,22
time_by_treatment,(48 h exposure − 48 h control) − (6 h exposure − 6 h control),HALLMARK_ESTROGEN_RESPONSE_EARLY,HALLMARK_ESTROGEN_RESPONSE_EARLY,182,0.24316409670159078,1.1662810413932654,0.12530712530712532,0.2610565110565111,0.1978533557480926,3044,"tags=21%, list=14%, signal=18%",Il6st/Kdm4b/Celsr2/Olfml3/Pex11a/Cant1/Fkbp4/Nav2/Pdzk1/Endod1/Add3/Blvrb/Bcl11b/Greb1/Slc22a5/Abca3/Aldh3b1/Mapt/Podxl/Syngr1/Dhrs3/Tiparp/Eeig1/Slc26a2/Mybbp1a/Il17rb/Ccnd1/Slc2a1/Olfm1/Svil/Fcmr/Rhod/Farp1/Mast4/Amfr/Tpd52l1/Cbfa2t3/Igfbp4,FALSE,23,24
time_by_treatment,(48 h exposure − 48 h control) − (6 h exposure − 6 h control),HALLMARK_XENOBIOTIC_METABOLISM,HALLMARK_XENOBIOTIC_METABOLISM,178,0.2401038564930921,1.1536260059881571,0.1323529411764706,0.2647058823529412,0.20061919504643963,3181,"tags=21%, list=15%, signal=18%",Gss/Abhd6/Acp2/Il1r1/Mccc2/Pgd/Aldh2/Bphl/Comt/Blvrb/Apoe/Cyp27a1/Pdlim5/Alas1/Spint2/Por/Hprt1/Npc1/Arg1/Pgrmc1/Cat/Sar1b/Tmbim6/Abcc2/Tmem176b/Retsat/Slc46a3/Ppard/Irf8/Ddt/Jup/Cd36/Slc6a6/Cyp17a1/Hsd11b1/Igfbp4/Tnfrsf1a/Pcx,FALSE,26,29
time_by_treatment,(48 h exposure − 48 h control) − (6 h exposure − 6 h control),HALLMARK_EPITHELIAL_MESENCHYMAL_TRANSITION,HALLMARK_EPITHELIAL_MESENCHYMAL_TRANSITION,176,-0.25041294923527074,-1.1641424919618124,0.1554054054054054,0.27750965250965254,0.21032310505994714,3105,"tags=19%, list=14%, signal=17%",Abi3bp/Eno2/Ecm1/Gpc1/Col6a3/Fn1/Inhba/Tgfb1/Adam12/Snai2/Gja1/Fbln1/Fbln2/Sgcd/Col6a2/Serpine1/Tnc/Cdh6/Rhob/Timp3/Col4a1/Sfrp4/Spock1/Postn/Col1a1/Mfap5/P3h1/Col5a1/Bmp1/Fap/Sgcg/Mylk/Dst/Col7a1,FALSE,49,25
time_by_treatment,(48 h exposure − 48 h control) − (6 h exposure − 6 h control),HALLMARK_MYOGENESIS,HALLMARK_MYOGENESIS,185,-0.24827512323723339,-1.1634039004805936,0.15280135823429541,0.27750965250965254,0.21032310505994714,5118,"tags=32%, list=24%, signal=25%",Smtn/Dmd/Akt2/Cacna1h/Wwtr1/Myl3/Slc6a8/Myh3/Mras/Col3a1/Sorbs3/Rb1/Acsl1/Tpm2/Myh8/Fgf2/Stc2/Mapk12/Bdkrb2/Psen2/Schip1/Itga7/Myl1/Chrng/Col6a3/Itgb4/Ifrd1/Tgfb1/Bhlhe40/Adam12/Cnn3/Sgcd/Sptan1/Col6a2/Pkia/Lpin1/Adcy9/Tcap/Atp2a1/Fxyd1/Tnnc1/Myoz1/Kcnh2/Sorbs1/Fst/Tnni1/Pdlim7/Tsc2/Fhl1/Col1a1/Myh7/Tnnt2/Ablim1/Sgcg/Actn2/Ryr1/Prnp/Nos1/Mylk,FALSE,48,26
time_by_treatment,(48 h exposure − 48 h control) − (6 h exposure − 6 h control),HALLMARK_UV_RESPONSE_DN,HALLMARK_UV_RESPONSE_DN,141,0.2489249033899471,1.1580337823781488,0.14849187935034802,0.27750965250965254,0.21032310505994714,2666,"tags=18%, list=12%, signal=16%",Bmpr1a/Nrp1/Map1b/Smad3/Cav1/Lpar1/F3/Add3/Pik3cd/Acvr2a/Pdlim5/Inpp4b/Prdm2/Abcc1/Apbb2/Ptprm/Spop/Mgmt/Mapk14/Dlg1/Nek7/Nr3c1/Dab2/Cacna1a/Pmp22/Sipa1l1,FALSE,24,27
time_by_treatment,(48 h exposure − 48 h control) − (6 h exposure − 6 h control),HALLMARK_E2F_TARGETS,HALLMARK_E2F_TARGETS,198,0.22939646462500704,1.1154058076670523,0.19174757281553398,0.3305992634750586,0.25055944179162337,4298,"tags=26%, list=20%, signal=21%",Trp53/Pold1/Melk/Nup153/Ung/Mthfd2/Mcm3/Rbbp7/Tubb5/Rad50/Pms2/Syncrip/Eed/Prdx4/Hells/Plk1/Chek1/Xrcc6/Prkdc/Ing3/Rrm2/Anp32e/Tk1/Smc1a/Spag5/Lsm8/Snrpb/Pa2g4/Gins4/Cks2/Cdkn1a/Brms1l/Hnrnpd/Mki67/Atad2/Brca1/Bub1b/Spc25/Ube2t/Nup107/Diaph3/Rad51ap1/Tbrg4/Ddx39a/Nme1/Dck/Pan2/Orc2/Top2a/Hus1/Ccp110/Cdc20,FALSE,27,31
time_by_treatment,(48 h exposure − 48 h control) − (6 h exposure − 6 h control),HALLMARK_P53_PATHWAY,HALLMARK_P53_PATHWAY,198,-0.23647126299442378,-1.1166473327168327,0.20847457627118643,0.3474576271186441,0.2633363068688671,4401,"tags=24%, list=20%, signal=19%",Slc35d1/Rb1/Hras/Hdac3/Sesn1/Cebpa/Cyfip2/Pmm1/H1f2/Ada/Pitpnc1/Fas/Serpinb5/Abhd4/Vamp8/Iscu/Inhbb/Tm4sf1/Gpx2/H2aj/S100a4/S100a10/Itgb4/Rad51c/Ppm1d/Tgfb1/Zfp36l1/Tprkb/Zfp365/Ier5/Tchh/Ercc5/Klf4/Tnni1/Coq8a/Aen/Hspa4l/Pvt1/St14/Foxo3/Ninj1/Txnip/Vdr/Ddit4/Slc7a11/Zbtb16/Lif/Ccnd3,FALSE,47,30
time_by_treatment,(48 h exposure − 48 h control) − (6 h exposure − 6 h control),HALLMARK_GLYCOLYSIS,HALLMARK_GLYCOLYSIS,189,0.22522439172374656,1.0862156993245764,0.22673031026252982,0.36569404881053197,0.27715759488798214,3473,"tags=21%, list=16%, signal=18%",Tgfbi/Il13ra1/Qsox1/Fkbp4/Slc16a3/Idua/B3gnt3/Copb2/Cenpa/Alg1/Akr1a1/Galk1/Mpi/B4galt4/Ppia/Abcb6/Chst1/Pkm/Sdc3/Me1/Gmppb/Hs2st1/Tpi1/Glrx/Pgm2/Aldoa/Egln3/Chst2/Dcn/Gys1/Mdh1/Gapdhs/Pkp2/Pcx/P4ha1/Rragd/Capn5/Cog2/Mif/Lhpp,FALSE,29,34
time_by_treatment,(48 h exposure − 48 h control) − (6 h exposure − 6 h control),HALLMARK_ANGIOGENESIS,HALLMARK_ANGIOGENESIS,31,0.33138671853484136,1.1538137916425069,0.23917995444191345,0.3715034965034965,0.28156054471843944,2104,"tags=16%, list=10%, signal=15%",Nrp1/Ptk2/Lrpap1/Ccnd2/Spp1,FALSE,25,28
time_by_treatment,(48 h exposure − 48 h control) − (6 h exposure − 6 h control),HALLMARK_ADIPOGENESIS,HALLMARK_ADIPOGENESIS,194,0.22448737687416376,1.0883413640100645,0.24519230769230768,0.3715034965034965,0.28156054471843944,2904,"tags=21%, list=13%, signal=18%",Ndufab1/Samm50/Aldh2/Riok3/Pgm1/Gpd2/Bcl2l13/Apoe/Cd151/Idh3g/Miga2/Por/Dgat1/Prdx3/Slc19a1/Nkiras1/Cd302/Cs/Stom/Sowahc/Qdpr/Abca1/Cat/Ghitm/Me1/Dnajc15/Hadh/Reep5/Acly/Retsat/Acadl/Cyc1/Aldoa/Ddt/Atp1b3/Cd36/Bckdha/Ccng2/Rab34/Reep6/Atl2,FALSE,28,33
time_by_treatment,(48 h exposure − 48 h control) − (6 h exposure − 6 h control),HALLMARK_KRAS_SIGNALING_DN,HALLMARK_KRAS_SIGNALING_DN,155,-0.23998773508701174,-1.0925907913999242,0.27806563039723664,0.40892004470181864,0.3099183496687467,5167,"tags=32%, list=24%, signal=24%",Pnmt/Gprc5c/Kcnq2/Copz2/Kcnmb1/Tshb/Grid2/Thrb/Cdh16/Itih3/Pkp1/Cyp39a1/Slc25a23/Atp6v1b1/Bmpr1b/Serpina10/Klhdc8a/Ptgfr/Gpr3/Prkn/Brdt/Mefv/Cpb1/Slc38a3/Ryr2/Abcb11/P2rx6/Chrng/Ptprj/P2ry4/Hnf1a/Dtnb/Tfcp2l1/Sox10/Htr1b/Slc30a3/Sidt1/Slc5a5/Tgfb2/Arpp21/Coq8a/Myh7/Tgm1/Ryr1/Abcg4/Nos1/Zbtb16/Synpo/Tex15,FALSE,46,32
time_by_treatment,(48 h exposure − 48 h control) − (6 h exposure − 6 h control),HALLMARK_G2M_CHECKPOINT,HALLMARK_G2M_CHECKPOINT,193,0.21867864975738527,1.0575579114935876,0.29256594724220625,0.4179513532031518,0.31676313084870455,5214,"tags=31%, list=24%, signal=24%",Slc12a2/Nusap1/Smad3/G3bp1/Ss18/Mcm3/Snrpd1/E2f2/Chaf1a/Marcks/Cenpa/Syncrip/Incenp/Uck2/Mapk14/Plk1/Chek1/E2f4/Kif23/Ccnf/Rad54l/Cdc45/Hnrnpu/Hif1a/Dr1/Katna1/Smc1a/Pbk/Ccna2/Ccnd1/Lig3/Rbl1/Cks2/Hnrnpd/Mki67/Cbx1/Pml/Tnpo2/Bub1/Ddx39a/Egf/Pafah1b1/Orc5/Top2a/Hus1/Cdc20/Hira/Dbf4/Knl1/Ewsr1/Ccnb2/Srsf1/Rpa2/Slc7a1/Fancc/H2az1/Hmga1b/Chmp1a/Polq/Cdkn2c,FALSE,30,37
time_by_treatment,(48 h exposure − 48 h control) − (6 h exposure − 6 h control),HALLMARK_NOTCH_SIGNALING,HALLMARK_NOTCH_SIGNALING,32,-0.31548416112363037,-1.085477515188352,0.32167832167832167,0.42326094957673904,0.32078724599500225,4942,"tags=31%, list=23%, signal=24%",Psenen/Fzd5/Dtx1/Dll1/Hes1/Cul1/Psen2/Notch3/Aph1a/Tcf7l2,FALSE,45,35
time_by_treatment,(48 h exposure − 48 h control) − (6 h exposure − 6 h control),HALLMARK_FATTY_ACID_METABOLISM,HALLMARK_FATTY_ACID_METABOLISM,146,-0.23483455630998654,-1.059841414324179,0.3160621761658031,0.42326094957673904,0.32078724599500225,4790,"tags=29%, list=22%, signal=23%",Echs1/Hsd17b10/Acot8/Hmgcs2/Eci2/Acsl1/Bmpr1b/Aldh1a1/Elovl5/Auh/Ltc4s/Cpox/Kmt5a/Gstz1/Aco2/Rdh11/Eno2/Hsp90aa1/Fasn/Mlycd/S100a10/Hao2/Prdx6/Idh1/Maoa/Etfdh/Mdh2/Acadm/Idh3b/Xist/Rdh1/Hmgcl/Hsd17b11/Dhcr24/Pts/Cpt2/Acadvl/Bckdhb/Hibch/Grhpr/Gpd1/Aqp7/Glul,FALSE,44,36
time_by_treatment,(48 h exposure − 48 h control) − (6 h exposure − 6 h control),HALLMARK_ESTROGEN_RESPONSE_LATE,HALLMARK_ESTROGEN_RESPONSE_LATE,178,0.2199901164391703,1.056985602361165,0.3137254901960784,0.42326094957673904,0.32078724599500225,3044,"tags=17%, list=14%, signal=15%",Il6st/Celsr2/Ckb/Cav1/Cd9/Fkbp4/Pdzk1/Add3/Blvrb/Slc22a5/Abca3/Aldh3b1/Hprt1/Chst8/Mapt/Cdh1/Eeig1/Slc26a2/S100a9/Ptpn6/Il17rb/Ccnd1/Olfm1/Ltf/Farp1/Igsf1/Amfr/Tpd52l1/Btg3/Igfbp4,FALSE,31,38
time_by_treatment,(48 h exposure − 48 h control) − (6 h exposure − 6 h control),HALLMARK_APICAL_SURFACE,HALLMARK_APICAL_SURFACE,41,0.2808647706313113,1.0483497093871936,0.3774403470715835,0.4718004338394794,0.3575750656467634,1647,"tags=12%, list=8%, signal=11%",Sulf2/Rtn4rl1/Ncoa6/Flot2/Adam10,FALSE,32,39
time_by_treatment,(48 h exposure − 48 h control) − (6 h exposure − 6 h control),HALLMARK_WNT_BETA_CATENIN_SIGNALING,HALLMARK_WNT_BETA_CATENIN_SIGNALING,36,0.28709329184662424,1.0425634544434985,0.37727272727272726,0.4718004338394794,0.3575750656467634,4803,"tags=31%, list=22%, signal=24%",Trp53/Frat1/Ccnd2/Numb/Ppard/Ncstn/Skp2/Notch1/Jag1/Ptch1/Hdac5,FALSE,33,40
time_by_treatment,(48 h exposure − 48 h control) − (6 h exposure − 6 h control),HALLMARK_MYC_TARGETS_V1,HALLMARK_MYC_TARGETS_V1,192,0.21178559573220568,1.0224677332811911,0.3927710843373494,0.47898912724067,0.36302333854029734,3308,"tags=19%, list=15%, signal=16%",G3bp1/Ndufab1/Snrpd1/Syncrip/Slc25a3/Prdx4/Prdx3/Hprt1/Canx/Pole3/Psmd14/Snrpd3/Dhx15/Eef1b2/Ppia/Sf3b3/Txnl4a/Ddx18/Psma1/Cdc45/Xrcc6/Hnrnpu/Rps3/Uba2/Psmb2/Ccna2/Ncbp1/Cyc1/Pa2g4/Lsm2/Snrpd2/Hnrnpc/Hnrnpd/Psma4/Hnrnpa2b1/Ilf2/Vdac3,FALSE,34,41
time_by_treatment,(48 h exposure − 48 h control) − (6 h exposure − 6 h control),HALLMARK_MITOTIC_SPINDLE,HALLMARK_MITOTIC_SPINDLE,199,0.20539803192745895,0.9990147328163891,0.4951219512195122,0.5894308943089431,0.4467265725288832,4732,"tags=28%, list=22%, signal=22%",Hdac6/Nusap1/Tubgcp5/Tsc1/Dock2/Map1s/Ckap5/Clip2/Actn4/Marcks/Vcl/Prex1/Arhgap4/Pdlim5/Bcl2l11/Cdc42/Arhgdia/Incenp/Arl8a/Plk1/Arhgef2/Kif23/Dlg1/Epb41l2/Myo1e/Katna1/Smc1a/Rapgef6/Flna/Net1/Katnb1/Farp1/Clip1/Trio/Ophn1/Rabgap1/Itsn1/Capzb/Bcr/Bub1/Sos1/Bin1/Pafah1b1/Arhgap5/Als2/Fscn1/Top2a/Csnk1d/Ranbp9/Rhof/Lats1/Mapre1/Tbcd/Apc/Ccnb2,FALSE,35,42
time_by_treatment,(48 h exposure − 48 h control) − (6 h exposure − 6 h control),HALLMARK_APOPTOSIS,HALLMARK_APOPTOSIS,156,0.2076608456512693,0.9828380033750242,0.513953488372093,0.5976203353163873,0.45293330676610394,4237,"tags=24%, list=20%, signal=19%",Dpyd/Cav1/Gna15/Tspo/Ifitm3/Ptk2/Tap1/Bcl2l11/Mgmt/Irf1/Tnf/Nefh/Ppp3r1/Ccnd2/Pak1/Retsat/Bid/Ccnd1/Plcb2/Madd/Add1/Ppt1/Mmp2/Dcn/Cdkn1a/Igf2r/Btg3/Brca1/Sat1/Cd69/Hmox1/Erbb3/Erbb2/Top2a/Bcl2l1/Lgals3/Clu,FALSE,36,43
time_by_treatment,(48 h exposure − 48 h control) − (6 h exposure − 6 h control),HALLMARK_UNFOLDED_PROTEIN_RESPONSE,HALLMARK_UNFOLDED_PROTEIN_RESPONSE,109,-0.22137857506318306,-0.9617994214353799,0.5567765567765568,0.6327006327006328,0.47952047952047955,4974,"tags=27%, list=23%, signal=21%",Sec31a/Rrp9/Eif4e/Rps14/Eif4a1/Hyou1/Arfgap1/Stc2/Calr/Iars1/Psat1/Lsm1/Eif4ebp1/Exosc9/Dcp2/Eif4a3/Wfs1/Dnajb9/Slc30a5/Khsrp/Xbp1/Exosc2/Tatdn2/Asns/Nabp1/Ddx10/Fkbp14/Zbtb17/Ddit4,FALSE,43,44
time_by_treatment,(48 h exposure − 48 h control) − (6 h exposure − 6 h control),HALLMARK_BILE_ACID_METABOLISM,HALLMARK_BILE_ACID_METABOLISM,104,0.2153027992769734,0.9512235006570882,0.5789473684210527,0.6432748538011697,0.4875346260387812,3262,"tags=21%, list=15%, signal=18%",Fads1/Pex11a/Bmp6/Idi1/Cyp27a1/Abca3/Npc1/Hsd17b4/Cyp7a1/Abca1/Cat/Pnpla8/Pex13/Retsat/Pfkm/Abca2/Rxrg/Abca6/Slc23a2/Ch25h/Hsd3b7/Pxmp2,FALSE,37,45
time_by_treatment,(48 h exposure − 48 h control) − (6 h exposure − 6 h control),HALLMARK_HEDGEHOG_SIGNALING,HALLMARK_HEDGEHOG_SIGNALING,32,-0.25729533777123337,-0.885268860784488,0.6416083916083916,0.6974004256612951,0.5285561120801395,1465,"tags=16%, list=7%, signal=15%",Nrcam/Ldb1/Tle3/Cdk6/Celsr1,FALSE,42,46
time_by_treatment,(48 h exposure − 48 h control) − (6 h exposure − 6 h control),HALLMARK_MYC_TARGETS_V2,HALLMARK_MYC_TARGETS_V2,58,-0.2198582324725462,-0.8562947319997822,0.7242647058823529,0.7704943679599499,0.5839536262433305,5128,"tags=33%, list=24%, signal=25%",Slc29a2/Rrp9/Tmem97/Myc/Noc4l/Srm/Bysl/Grwd1/Rcl1/Ipo4/Hspe1/Pus1/Dctpp1/Rrp12/Tcof1/Mphosph10/Phb1/Mrto4/Aimp2,FALSE,41,48
time_by_treatment,(48 h exposure − 48 h control) − (6 h exposure − 6 h control),HALLMARK_CHOLESTEROL_HOMEOSTASIS,HALLMARK_CHOLESTEROL_HOMEOSTASIS,67,-0.21152826741300151,-0.8487437921818087,0.7587476979742173,0.7903621853898097,0.5990113405059609,3321,"tags=21%, list=15%, signal=18%",Cpeb2/Stard4/Fasn/Mvd/Aldoc/Atf5/Gldc/Ldlr/Antxr2/Srebf2/Acss2/Trp53inp1/Chka/Lss,FALSE,40,49
time_by_treatment,(48 h exposure − 48 h control) − (6 h exposure − 6 h control),HALLMARK_HYPOXIA,HALLMARK_HYPOXIA,185,0.1819597930894402,0.8762032556928898,0.8111380145278451,0.8276918515590256,0.6273032980236825,3638,"tags=20%, list=17%, signal=17%",Tgfbi/Lox/Cav1/Gaa/F3/Pgm1/Errfi1/Galk1/Slc2a5/Tpd52/Hexa/Wsb1/Sdc3/Map3k1/Tiparp/Pim1/Nr3c1/Tpi1/Glrx/Pgm2/Aldoa/Slc2a1/Chst2/Hs3st1/Dcn/Cdkn1a/Ccng2/Gys1/Slc6a6/Eno3/Rora/Gapdhs/P4ha1/Rragd/Mif/Tnfaip3/Hmox1,FALSE,38,47
time_by_treatment,(48 h exposure − 48 h control) − (6 h exposure − 6 h control),HALLMARK_SPERMATOGENESIS,HALLMARK_SPERMATOGENESIS,110,0.17798163729498073,0.7872701718162828,0.9330357142857143,0.9330357142857143,0.7071428571428572,5363,"tags=26%, list=25%, signal=20%",Tsn/Slc12a2/Coil/Slc2a5/Psmg1/Hspa1l/Nefh/Tnni3/Acrbp/Hspa2/Sirt1/Septin4/Gmcl1/Gapdhs/Vdac3/Rad17/Bub1/Tle4/Map7/Dbf4/Zc2hc1c/Ift88/Mlf1/Ccnb2/Jam3/Dmc1/Zc3h14/Ldhc/Hoxb1,FALSE,39,50
