outcome_type,outcome,metric,dropped_animal,dropped_source_group,n_exposed,n_control,exposed_mean,control_mean,cohens_d_point_estimate,mean_difference,welch_se,welch_df,ci_level,mean_difference_ci_low,mean_difference_ci_high,sign_matches_full
gene,Irf7,pseudobulk_log2cpm,C1,Control,3,2,3.675359940742555,2.537893846407953,0.9277180675203801,1.1374660943346018,0.8710111644437213,2.055816116607379,0.95,-2.5143550777479016,4.789287266417105,True
gene,Irf7,pseudobulk_log2cpm,C2,Control,3,2,3.675359940742555,2.4846871285103536,0.9728585614751509,1.1906728122322012,0.8663591075960074,2.012999138177146,0.95,-2.5139966996549727,4.895342324119375,True
gene,Irf7,pseudobulk_log2cpm,C3,Control,3,2,3.675359940742555,2.5872427881311486,0.8889855293319656,1.0881171526114062,0.8665874105332859,2.0151068370228966,0.95,-2.6138483599742877,4.7900826651971,True
gene,Irf7,pseudobulk_log2cpm,S1,Surgery,2,3,3.7935146970174394,2.536607921016485,1.0347875294432796,1.2569067760009545,1.485279185164342,1.0031862510212173,0.95,-17.4742959579911,19.988109509993006,True
gene,Irf7,pseudobulk_log2cpm,S2,Surgery,2,3,4.358331536141382,2.536607921016485,2.412085141412604,1.8217236151248968,0.9211868956996346,1.0083096512054655,0.95,-9.657560606685562,13.301007836935357,True
gene,Irf7,pseudobulk_log2cpm,S3,Surgery,2,3,2.8742335890688437,2.536607921016485,0.7203218113382841,0.33762566805235883,0.5679133764364876,1.022048720161846,0.95,-6.520727648567341,7.19597898467206,True
gene,Ifitm3,pseudobulk_log2cpm,C1,Control,3,2,5.352391577871177,4.780651072287444,0.3833433910311976,0.5717405055837324,1.07608080195069,2.242006579417512,0.95,-3.610819401485311,4.754300412652776,True
gene,Ifitm3,pseudobulk_log2cpm,C2,Control,3,2,5.352391577871177,4.163706322658675,0.7902194399792861,1.1886852552125013,1.102460389137373,2.4247175474569755,0.95,-2.841166083012679,5.2185365934376815,True
gene,Ifitm3,pseudobulk_log2cpm,C3,Control,3,2,5.352391577871177,4.425603199971324,0.5942334510614672,0.9267883778998529,1.212427623437881,2.927080741807771,0.95,-2.986649999819606,4.840226755619312,True
gene,Ifitm3,pseudobulk_log2cpm,S1,Surgery,2,3,5.681122114387488,4.456653531639148,0.8221303143666483,1.2244685827483401,1.7526340713781206,1.0877097337459254,0.95,-17.21902758427445,19.66796474977113,True
gene,Ifitm3,pseudobulk_log2cpm,S2,Surgery,2,3,6.045914480796664,4.456653531639148,1.309710584809803,1.5892609491575156,1.3974961303788176,1.1421882014439808,0.95,-11.708651755602524,14.887173653917554,True
gene,Ifitm3,pseudobulk_log2cpm,S3,Surgery,2,3,4.330138138429377,4.456653531639148,-0.21558443597942273,-0.1265153932097709,0.5107946766740913,2.630417468495576,0.95,-1.8892610343802745,1.6362302479607327,False
gene,Isg15,pseudobulk_log2cpm,C1,Control,3,2,5.0141974053752465,4.632853790005088,0.41799362145547575,0.3813436153701586,0.6452396509880503,2.0024655004589067,0.95,-2.3916254702909088,3.154312701031226,True
gene,Isg15,pseudobulk_log2cpm,C2,Control,3,2,5.0141974053752465,4.296057560956786,0.7506979735789867,0.7181398444184603,0.7352242722748181,2.8631604570801428,0.95,-1.6862247912197543,3.122504480056675,True
gene,Isg15,pseudobulk_log2cpm,C3,Control,3,2,5.0141974053752465,4.280040719758496,0.7705472902450394,0.7341566856167505,0.727673943402102,2.8199582787135364,0.95,-1.6675588242573456,3.1358721954908466,True
gene,Isg15,pseudobulk_log2cpm,S1,Surgery,2,3,5.280672612139375,4.402984023573457,0.9837552261918556,0.8776885885659178,1.0431354270382787,1.1034231460127957,0.95,-9.773005242011099,11.528382419142932,True
gene,Isg15,pseudobulk_log2cpm,S2,Surgery,2,3,5.3896851445297225,4.402984023573457,1.218219629805316,0.9867011209562655,0.9371155210731851,1.1300531478897673,0.95,-8.12394822777898,10.097350469691511,True
gene,Isg15,pseudobulk_log2cpm,S3,Surgery,2,3,4.372234459456644,4.402984023573457,-0.09116286373505819,-0.030749564116812955,0.2545768151360469,2.724281005983782,0.95,-0.8893481831626807,0.8278490549290548,False
gene,Mx1,pseudobulk_log2cpm,C1,Control,3,2,1.9623693807156488,0.5763736786070291,2.0123643546804026,1.3859957021086196,0.6366831654917914,2.1804411547334683,0.95,-1.1472534406058492,3.9192448448230883,True
gene,Mx1,pseudobulk_log2cpm,C2,Control,3,2,1.9623693807156488,0.8586890613196807,1.8971751541579789,1.1036803193959681,0.44885384269768464,2.887156957183164,0.95,-0.3568826770797917,2.564243315871728,True
gene,Mx1,pseudobulk_log2cpm,C3,Control,3,2,1.9623693807156488,0.35641806618759053,2.679142156190292,1.6059513145280584,0.4824844826373782,2.9988966922446454,0.95,0.07015072415636059,3.141751904899756,True
gene,Mx1,pseudobulk_log2cpm,S1,Surgery,2,3,2.0165101073376586,0.5971602687047668,2.071735772718573,1.4193498386328918,0.7314358347454294,1.3860743793165897,0.95,-3.525522315192318,6.364221992458101,True
gene,Mx1,pseudobulk_log2cpm,S2,Surgery,2,3,2.2708859089735505,0.5971602687047668,3.13593485062335,1.6737256402687837,0.5081778139217555,1.975951139720723,0.95,-0.5384876809875851,3.8859389615251523,True
gene,Mx1,pseudobulk_log2cpm,S3,Surgery,2,3,1.5997121258357367,0.5971602687047668,2.1764474079634266,1.00255185713097,0.38630451930584603,2.870146567834523,0.95,-0.25891452336723164,2.2640182376291715,True
gene,Ifit1,pseudobulk_log2cpm,C1,Control,3,2,1.7759765557320073,0.3782668661134348,1.0147961182295777,1.3977096896185726,1.1886879140951454,2.6910359911197954,0.95,-2.6432080464531094,5.438627425690255,True
gene,Ifit1,pseudobulk_log2cpm,C2,Control,3,2,1.7759765557320073,0.8000702236774941,0.784823294743189,0.9759063320545132,0.9416773890837078,2.7533331551019695,0.95,-2.1786940350500092,4.130506699159036,True
gene,Ifit1,pseudobulk_log2cpm,C3,Control,3,2,1.7759765557320073,-0.03460867565978157,1.45373806716819,1.810585231391789,0.9456258057864619,2.7745813825492003,0.95,-1.3419763413670331,4.963146804150611,True
gene,Ifit1,pseudobulk_log2cpm,S1,Surgery,2,3,1.7369208698621965,0.38124280471038247,0.9850671643018831,1.355678065151814,1.5416006987645956,1.2211784491726374,0.95,-11.55219810949652,14.263554239800147,True
gene,Ifit1,pseudobulk_log2cpm,S2,Surgery,2,3,2.527674842715746,0.38124280471038247,2.4509348820803636,2.146432038005363,0.8282257000751143,2.0209636700365166,0.95,-1.3819453760730078,5.674809452083734,True
gene,Ifit1,pseudobulk_log2cpm,S3,Surgery,2,3,1.0633339546180798,0.38124280471038247,0.726559391647634,0.6820911499076974,0.926029331857528,1.7594102270721819,0.95,-3.87278208350902,5.236964383324415,True
gene,Ifit2,pseudobulk_log2cpm,C1,Control,3,2,2.3317347607777896,0.9339474205872867,4.687770216411213,1.397787340190503,0.22161013183580602,2.576497844884573,0.95,0.6221846085702034,2.1733900718108026,True
gene,Ifit2,pseudobulk_log2cpm,C2,Control,3,2,2.3317347607777896,1.1014024749048015,3.462453222987254,1.2303322858729882,0.3242549374120716,2.275490464481306,0.95,-0.014828346047958574,2.475492917793935,True
gene,Ifit2,pseudobulk_log2cpm,C3,Control,3,2,2.3317347607777896,1.1849742094260862,3.574080176580244,1.1467605513517034,0.26489245164381164,2.941816123985653,0.95,0.2942432463049941,1.9992778563984128,True
gene,Ifit2,pseudobulk_log2cpm,S1,Surgery,2,3,2.242725431398691,1.0734413683060582,3.4941916108626345,1.1692840630926329,0.35270257262327587,1.4373219006605764,0.95,-1.0873827501519966,3.4259508763372626,True
gene,Ifit2,pseudobulk_log2cpm,S2,Surgery,2,3,2.5364053277488567,1.0734413683060582,6.970698575487077,1.4629639594427986,0.1499898794314246,2.1280164830898802,0.95,0.8534222513692329,2.0725056675163644,True
gene,Ifit2,pseudobulk_log2cpm,S3,Surgery,2,3,2.2160735231858206,1.0734413683060582,3.5941094395544773,1.1426321548797624,0.32868605270183004,1.5205078681200979,0.95,-0.7980344685840386,3.0832987783435635,True
gene,Ifit3,pseudobulk_log2cpm,C1,Control,3,2,3.5099211177739513,2.5377153833886252,0.9845630619627017,0.9722057343853261,0.7350658760828422,2.59297080455625,0.95,-1.5892065201874823,3.5336179889581345,True
gene,Ifit3,pseudobulk_log2cpm,C2,Control,3,2,3.5099211177739513,2.912614633315167,0.6200156072378127,0.5973064844587843,0.6854713468018575,2.0750443223332398,0.95,-2.252145348285834,3.4467583172034026,True
gene,Ifit3,pseudobulk_log2cpm,C3,Control,3,2,3.5099211177739513,2.63120526462223,0.8717861702260316,0.8787158531517214,0.7756803832692707,2.8714596375456853,0.95,-1.6535530211862266,3.4109847274896694,True
gene,Ifit3,pseudobulk_log2cpm,S1,Surgery,2,3,3.8329138199469392,2.693845093775341,1.2616199784298272,1.1390687261715984,1.05886379448459,1.0958838078941207,0.95,-9.82865373043142,12.106791182774614,True
gene,Ifit3,pseudobulk_log2cpm,S2,Surgery,2,3,3.8657300371054215,2.693845093775341,1.334959568889595,1.1718849433300806,1.0268229793951063,1.1023324953661093,0.95,-9.333920247390719,11.67769013405088,True
gene,Ifit3,pseudobulk_log2cpm,S3,Surgery,2,3,2.831119496269493,2.693845093775341,0.4292654295254613,0.13727440249415235,0.2277069787469958,2.0838645713188466,0.95,-0.8056379428007913,1.0801867477890958,True
gene,Fos,pseudobulk_log2cpm,C1,Control,3,2,12.024664361061694,11.611714804536888,4.093129812767125,0.412949556524806,0.07173718405367394,2.0669501297454054,0.95,0.11367491824102621,0.7122241948085859,True
gene,Fos,pseudobulk_log2cpm,C2,Control,3,2,12.024664361061694,11.69989372508213,2.532241428175693,0.32477063597956324,0.12063257209966048,2.0581173863193403,0.95,-0.18047394361754165,0.8300152155766681,True
gene,Fos,pseudobulk_log2cpm,C3,Control,3,2,12.024664361061694,11.709138972340902,2.550439931797388,0.3155253887207916,0.1132972683148146,2.24897773295025,0.95,-0.12371981244247288,0.7547705898840561,True
gene,Fos,pseudobulk_log2cpm,S1,Surgery,2,3,12.09557377971263,11.673582500653305,4.785043441531977,0.4219912790593252,0.0628801505407581,2.1000444144276322,0.95,0.1634234090976851,0.6805591490209653,True
gene,Fos,pseudobulk_log2cpm,S2,Surgery,2,3,11.99415459807018,11.673582500653305,2.53656435849641,0.32057209741687487,0.1274590655029111,1.6399091303865,0.95,-0.3610598529501533,1.002204047783903,True
gene,Fos,pseudobulk_log2cpm,S3,Surgery,2,3,11.984264705402268,11.673582500653305,2.573919405376999,0.3106822047489626,0.11891994685530984,1.7662165567079944,0.95,-0.27170002702262186,0.893064436520547,True
gene,Fosb,pseudobulk_log2cpm,C1,Control,3,2,8.950262726248832,9.4584410124666,-1.2719135299437803,-0.5081782862177686,0.31030135564803524,2.9225631942044528,0.95,-1.5106643338946029,0.49430776145906563,True
gene,Fosb,pseudobulk_log2cpm,C2,Control,3,2,8.950262726248832,9.626559680005201,-1.7869259728284619,-0.6762969537563688,0.26776719156891793,2.006674469816414,0.95,-1.824741731063983,0.4721478235512455,True
gene,Fosb,pseudobulk_log2cpm,C3,Control,3,2,8.950262726248832,9.46937443227201,-1.2897352451588955,-0.5191117060231782,0.3159804038022273,2.966292289517393,0.95,-1.5311979448717659,0.4929745328254094,True
gene,Fosb,pseudobulk_log2cpm,S1,Surgery,2,3,8.937317308152135,9.51812504158127,-1.4237360040628746,-0.5808077334291344,0.47543070310344926,1.1114865041986317,0.95,-5.362240977459064,4.200625510600795,True
gene,Fosb,pseudobulk_log2cpm,S2,Surgery,2,3,8.725307025153192,9.51812504158127,-3.096729009979211,-0.7928180164280771,0.2733530732152856,1.3857856481515096,0.95,-2.6414197639962476,1.0557837311400935,True
gene,Fosb,pseudobulk_log2cpm,S3,Surgery,2,3,9.18816384544117,9.51812504158127,-1.425728648054956,-0.3299611961400988,0.23821477171584968,1.5407733351032378,0.95,-1.7112879012505653,1.0513655089703677,True
gene,Jun,pseudobulk_log2cpm,C1,Control,3,2,12.563433593272942,11.916547763717972,2.5958309224354648,0.6468858295549698,0.25623930386422605,1.5455592678933527,0.95,-0.8327547257334789,2.1265263848434186,True
gene,Jun,pseudobulk_log2cpm,C2,Control,3,2,12.563433593272942,12.203364901875144,2.0853842764392696,0.36006869139779774,0.1312440962182611,2.78368463650738,0.95,-0.07658428589456501,0.7967216686901605,True
gene,Jun,pseudobulk_log2cpm,C3,Control,3,2,12.563433593272942,11.975523498057559,2.0488719143695624,0.5879100952153831,0.30985633169571525,1.3433812765926298,0.95,-1.6134083889522421,2.7892285793830083,True
gene,Jun,pseudobulk_log2cpm,S1,Surgery,2,3,12.475890471146691,12.031812054550224,1.6397302959897881,0.44407841659646685,0.22099545349285926,2.9782040514429635,0.95,-0.26214857750974363,1.1503054107026773,True
gene,Jun,pseudobulk_log2cpm,S2,Surgery,2,3,12.539660295244257,12.031812054550224,1.7164194075453076,0.5078482406940328,0.26482990024139513,2.4210966356031336,0.95,-0.4612698898976759,1.4769663712857415,True
gene,Jun,pseudobulk_log2cpm,S3,Surgery,2,3,12.674750013427877,12.031812054550224,2.5436108035396594,0.6429379588776527,0.18616215773088637,2.47946542245399,0.95,-0.026487235749442117,1.3123631535047475,True
gene,Junb,pseudobulk_log2cpm,C1,Control,3,2,12.687600363412303,12.316706060697042,1.8899760856202703,0.3708943027152607,0.1799396382314044,2.239920056691204,0.95,-0.32904087909853197,1.0708294845290534,True
gene,Junb,pseudobulk_log2cpm,C2,Control,3,2,12.687600363412303,12.456433317648564,1.4507900260454438,0.2311670457637387,0.11267046817508028,2.000103204237211,0.95,-0.25359088131608976,0.7159249728435672,True
gene,Junb,pseudobulk_log2cpm,C3,Control,3,2,12.687600363412303,12.316133757639108,1.8955235468114964,0.371466605773195,0.1794937692601015,2.2479810931394835,0.95,-0.32467105089181236,1.0676042624382025,True
gene,Junb,pseudobulk_log2cpm,S1,Surgery,2,3,12.574948337392076,12.363091045328238,1.6045451749833217,0.2118572920638382,0.09340435045259587,2.00526856106495,0.95,-0.1890190251347184,0.6127336092623947,True
gene,Junb,pseudobulk_log2cpm,S2,Surgery,2,3,12.742231995663898,12.363091045328238,1.9751972115340002,0.3791409503356604,0.1945301104082246,1.615429768387744,0.95,-0.6810425807655163,1.439324481436837,True
gene,Junb,pseudobulk_log2cpm,S3,Surgery,2,3,12.745620757180934,12.363091045328238,2.0138258968829432,0.3825297118526958,0.191563856986792,1.64015116323387,0.95,-0.6417368063349229,1.4067962300403145,True
gene,Jund,pseudobulk_log2cpm,C1,Control,3,2,11.860347909785856,11.996794933878501,-1.098898960319983,-0.13644702409264475,0.15020860277759676,1.0253711420921485,0.95,-1.936969767010452,1.6640757188251625,True
gene,Jund,pseudobulk_log2cpm,C2,Control,3,2,11.860347909785856,12.142231310911974,-11.772355545030281,-0.28188340112611776,0.01721789935116914,2.2018551485105458,0.95,-0.34982367235227485,-0.21394312989996067,True
gene,Jund,pseudobulk_log2cpm,C3,Control,3,2,11.860347909785856,11.992963607258437,-1.0951109902831295,-0.1326156974725805,0.1464019014870363,1.0267297489526244,0.95,-1.8822001422368735,1.6169687472917125,True
gene,Jund,pseudobulk_log2cpm,S1,Surgery,2,3,11.877066670689358,12.04399661734964,-1.2011395368486413,-0.16692994666028227,0.09829408998132222,2.002807968478916,0.95,-0.5892875720781809,0.2554276787576164,True
gene,Jund,pseudobulk_log2cpm,S2,Surgery,2,3,11.853290459127413,12.04399661734964,-1.3561860288542438,-0.19070615822222692,0.10173915762533366,2.2750630397716773,0.95,-0.581450700650038,0.20003838420558417,True
gene,Jund,pseudobulk_log2cpm,S3,Surgery,2,3,11.850686599540799,12.04399661734964,-1.3777396162933355,-0.19331001780884094,0.10109528315776073,2.225799905673991,0.95,-0.5886211916744559,0.202001156056774,True
gene,Egr1,pseudobulk_log2cpm,C1,Control,3,2,11.652116153648741,11.184340612234799,2.504716921631494,0.4677755414139426,0.1825824524980214,1.8109813205569882,0.95,-0.4018650060134249,1.33741608884131,True
gene,Egr1,pseudobulk_log2cpm,C2,Control,3,2,11.652116153648741,11.389407404481465,1.8263302567898567,0.2627087491672757,0.1097986888342565,2.815807234702339,0.95,-0.10001336280193107,0.6254308611364825,True
gene,Egr1,pseudobulk_log2cpm,C3,Control,3,2,11.652116153648741,11.234987011791489,1.9237393981849624,0.41712914185725225,0.22703101894675812,1.4649998572940919,0.95,-0.9954939858995371,1.8297522696140416,True
gene,Egr1,pseudobulk_log2cpm,S1,Surgery,2,3,11.611265216463984,11.269578342835919,1.591880748780531,0.34168687362806516,0.1966715762786187,2.2451733524955113,0.95,-0.4218566492147007,1.105230396470831,True
gene,Egr1,pseudobulk_log2cpm,S2,Surgery,2,3,11.595949054653953,11.269578342835919,1.5720733300956027,0.32637071181803456,0.18499155952114293,2.455050109560501,0.95,-0.3436537000352359,0.996395123671305,True
gene,Egr1,pseudobulk_log2cpm,S3,Surgery,2,3,11.749134189828286,11.269578342835919,2.742135740709015,0.4795558469923673,0.12429242973781109,2.0611713675256365,0.95,-0.04030615390992831,0.9994178478946629,True
gene,Atf3,pseudobulk_log2cpm,C1,Control,3,2,11.565864604578069,11.538820866151848,0.10192433248414143,0.027043738426220543,0.20548675355387563,2.908106149450382,0.95,-0.6387539218993085,0.6928413987517495,True
gene,Atf3,pseudobulk_log2cpm,C2,Control,3,2,11.565864604578069,11.616631861774609,-0.20100892228745806,-0.05076725719654007,0.1797361482557992,2.0770514868733403,0.95,-0.7972578931532355,0.6957233787601553,False
gene,Atf3,pseudobulk_log2cpm,C3,Control,3,2,11.565864604578069,11.513983940306469,0.1998178975697598,0.051880664271600097,0.19427496273114306,2.644216731120293,0.95,-0.6162219652637143,0.7199832938069145,True
gene,Atf3,pseudobulk_log2cpm,S1,Surgery,2,3,11.499426927855456,11.556478889410975,-0.22876396255266093,-0.05705196155551917,0.29265464292845206,1.0944593928609512,0.95,-3.096687575783184,2.9825836526721456,False
gene,Atf3,pseudobulk_log2cpm,S2,Surgery,2,3,11.456060074526858,11.556478889410975,-0.46363980215960915,-0.10041881488411697,0.2504346825684761,1.131692019065681,0.95,-2.528024879067265,2.327187249299031,False
gene,Atf3,pseudobulk_log2cpm,S3,Surgery,2,3,11.742106811351892,11.556478889410975,1.967453304638232,0.1856279219409167,0.07552938730688744,2.999819176270018,0.95,-0.0547484945562742,0.4260043384381076,True
gene,Ier2,pseudobulk_log2cpm,C1,Control,3,2,11.139494234084284,10.406759290948875,4.345059514828198,0.7327349431354087,0.12794525805023946,2.7687203089916625,0.95,0.30562127147013807,1.1598486148006792,True
gene,Ier2,pseudobulk_log2cpm,C2,Control,3,2,11.139494234084284,10.435338152900396,4.299848706000824,0.7041560811838874,0.11806837258220765,2.233332216857646,0.95,0.24376927671999188,1.1645428856477829,True
gene,Ier2,pseudobulk_log2cpm,C3,Control,3,2,11.139494234084284,10.378537434080965,4.645525082940828,0.7609568000033189,0.11815421596194696,2.2389926419551847,0.95,0.30119937293619936,1.2207142270704385,True
gene,Ier2,pseudobulk_log2cpm,S1,Surgery,2,3,11.063100530194133,10.406878292643412,5.067957886555844,0.6562222375507201,0.15165244122482952,1.099195853462378,0.95,-0.9046699251353714,2.2171144002368113,True
gene,Ier2,pseudobulk_log2cpm,S2,Surgery,2,3,11.251723187538175,10.406878292643412,14.825107164170701,0.8448448948947629,0.0521578654811768,2.253398763500337,0.95,0.6429581786809142,1.0467316111086116,True
gene,Ier2,pseudobulk_log2cpm,S3,Surgery,2,3,11.103658984520546,10.406878292643412,4.332101416775055,0.6967806918771338,0.19145224359545437,1.0608843435601396,0.95,-1.4295190350843803,2.823080418838648,True
gene,Dusp1,pseudobulk_log2cpm,C1,Control,3,2,10.337414718894138,10.383528027142994,-0.20790698561645568,-0.046113308248855844,0.2362069766701838,1.3957791818044694,0.95,-1.6258544734219342,1.5336278569242225,True
gene,Dusp1,pseudobulk_log2cpm,C2,Control,3,2,10.337414718894138,10.264578696346302,0.4670653783817563,0.07283602254783617,0.1359416330745636,2.6192916225822978,0.95,-0.3976342399271295,0.5433062850228019,False
gene,Dusp1,pseudobulk_log2cpm,C3,Control,3,2,10.337414718894138,10.480900012225035,-0.8663478308859132,-0.14348529333089743,0.15214390366078878,2.226253333875353,0.95,-0.7383101481827496,0.4513395615209548,True
gene,Dusp1,pseudobulk_log2cpm,S1,Surgery,2,3,10.400452760234675,10.376335578571444,0.11860093651838483,0.024117181663230625,0.17528583405956452,2.6993965871026697,0.95,-0.5705644617530409,0.6187988250795021,False
gene,Dusp1,pseudobulk_log2cpm,S2,Surgery,2,3,10.36728602401779,10.376335578571444,-0.04151646682773292,-0.00904955455365375,0.1999240430281943,2.237794472751309,0.95,-0.7873310173139353,0.7692319082066278,True
gene,Dusp1,pseudobulk_log2cpm,S3,Surgery,2,3,10.244505372429952,10.376335578571444,-0.7365686677832856,-0.1318302061414922,0.12942205225116607,2.2686222777795355,0.95,-0.630038646906586,0.36637823462360153,True
gene,Zfp36,pseudobulk_log2cpm,C1,Control,3,2,11.402236619398861,11.283698512073347,0.9528825881900272,0.11853810732551473,0.1010550154697751,2.9877927736734384,0.95,-0.2038086732946175,0.44088488794564695,True
gene,Zfp36,pseudobulk_log2cpm,C2,Control,3,2,11.402236619398861,11.302716696740852,0.7574847984800566,0.09951992265800946,0.11353915704012899,2.681671538525818,0.95,-0.2873319372819654,0.4863717825979843,True
gene,Zfp36,pseudobulk_log2cpm,C3,Control,3,2,11.402236619398861,11.363640825995379,0.3354018576384289,0.038595793403482404,0.08283753964369978,2.215043197165505,0.95,-0.2866357764293372,0.363827363236302,True
gene,Zfp36,pseudobulk_log2cpm,S1,Surgery,2,3,11.332760962085992,11.316685344936525,0.17975601660076182,0.01607561714946648,0.0857081092167379,1.9334889396528816,0.95,-0.36512387633370785,0.3972751106326408,True
gene,Zfp36,pseudobulk_log2cpm,S2,Surgery,2,3,11.401546708212914,11.316685344936525,0.638750077420557,0.0848613632763886,0.14773304616889146,1.2438810531252409,0.95,-1.1115533254308212,1.2812760519835984,True
gene,Zfp36,pseudobulk_log2cpm,S3,Surgery,2,3,11.472402187897675,11.316685344936525,1.7625720415528674,0.15571684296114974,0.08400511802496356,1.98477874350782,0.95,-0.20839735111298863,0.5198310370352881,True
gene,Hspa1a,pseudobulk_log2cpm,C1,Control,3,2,8.676792813009042,8.676278088237654,0.0010219082107942848,0.0005147247713885861,0.3805678122631142,2.733749257497048,0.95,-1.2801662132390175,1.2811956627817946,True
gene,Hspa1a,pseudobulk_log2cpm,C2,Control,3,2,8.676792813009042,8.491204694270426,0.3820165384762549,0.18558811873861636,0.3439422376981859,2.0147222497876673,0.95,-1.2839612089274772,1.65513744640471,True
gene,Hspa1a,pseudobulk_log2cpm,C3,Control,3,2,8.676792813009042,8.65543077968822,0.04201104956421692,0.02136203332082154,0.3900177095384633,2.849970592228856,0.95,-1.2576441609286537,1.3003682275702968,True
gene,Hspa1a,pseudobulk_log2cpm,S1,Surgery,2,3,8.34811674105891,8.607637854065432,-1.1961850019087286,-0.2595211130065227,0.20785241824581907,1.935808098924935,0.95,-1.1828666451462118,0.6638244191331665,False
gene,Hspa1a,pseudobulk_log2cpm,S2,Surgery,2,3,8.927010236760708,8.607637854065432,0.8600055011994988,0.3193723826952759,0.4236274674068969,1.1681610723890723,0.95,-3.537212746801093,4.175957512191645,True
gene,Hspa1a,pseudobulk_log2cpm,S3,Surgery,2,3,8.75525146120751,8.607637854065432,0.29474723323238755,0.1476136071420786,0.5906092025671026,1.0825384146730808,0.95,-6.130990071372237,6.426217285656394,True
gene,Hspa1b,pseudobulk_log2cpm,C1,Control,3,2,6.837041086339858,7.5967577976650595,-0.8899080927778361,-0.7597167113252015,0.649068784213098,2.7855745080515804,0.95,-2.9182757490137936,1.3988423263633907,True
gene,Hspa1b,pseudobulk_log2cpm,C2,Control,3,2,6.837041086339858,7.257831207569087,-0.5127841627571865,-0.42079012122922865,0.5815086737738603,2.0260060517431224,0.95,-2.8922937829239572,2.0507135404655,True
gene,Hspa1b,pseudobulk_log2cpm,C3,Control,3,2,6.837041086339858,7.549943405646625,-0.8240118387403886,-0.7129023193067665,0.6714402310319674,2.9189839925846885,0.95,-2.8836711263647117,1.4578664877511787,True
gene,Hspa1b,pseudobulk_log2cpm,S1,Surgery,2,3,6.258111532852336,7.46817747029359,-3.999157130283719,-1.2100659374412537,0.21766958161611533,2.2069036532378363,0.95,-2.0673132950869615,-0.3528185797955461,True
gene,Hspa1b,pseudobulk_log2cpm,S2,Surgery,2,3,7.101990727867032,7.46817747029359,-0.4645046592301271,-0.36618674242655747,0.9177490903447333,1.1142321291079005,0.95,-9.54916655841263,8.816793073559513,True
gene,Hspa1b,pseudobulk_log2cpm,S3,Surgery,2,3,7.151020998300206,7.46817747029359,-0.42204818328059646,-0.3171564719933837,0.8701196326487729,1.128052877364144,0.95,-8.80688769652487,8.172574752538102,True
gene,Socs3,pseudobulk_log2cpm,C1,Control,3,2,10.188879693431595,9.790734327318294,0.7830692472751694,0.398145366113301,0.5013367948923393,1.7615699696669818,0.95,-2.0643588441440373,2.860649576370639,True
gene,Socs3,pseudobulk_log2cpm,C2,Control,3,2,10.188879693431595,9.494941534392815,1.8033716063490042,0.6939381590387796,0.2927039297350106,2.789358266853358,0.95,-0.27866425610779144,1.6665405741853507,True
gene,Socs3,pseudobulk_log2cpm,C3,Control,3,2,10.188879693431595,9.922870094236126,0.6027635830865656,0.26600959919546874,0.3945999314875867,2.428957207421807,0.95,-1.1745088486159576,1.706528047006895,True
gene,Socs3,pseudobulk_log2cpm,S1,Surgery,2,3,9.976935795604026,9.736181985315746,0.5761295516767659,0.2407538102882807,0.3659282034300171,2.5861226568198634,0.95,-1.036667478856753,1.5181750994333143,True
gene,Socs3,pseudobulk_log2cpm,S2,Surgery,2,3,10.162671328691044,9.736181985315746,0.8314856509719768,0.4264893433752981,0.5163365785971656,1.649495387569322,0.95,-2.314908007354442,3.167886694105038,True
gene,Socs3,pseudobulk_log2cpm,S3,Surgery,2,3,10.427031955999714,9.736181985315746,1.7776606511716069,0.6908499706839688,0.3138703506953223,2.9961741558348627,0.95,-0.3087475176071358,1.6904474589750733,True
panel,author_selected_isg7,pseudobulk_log2cpm,C1,Control,3,2,3.3745643912840535,2.339671722485266,1.1125603910747328,1.0348926687987876,0.6721424951959621,2.259963196573466,0.95,-1.5605787999738783,3.6303641375714535,True
panel,author_selected_isg7,pseudobulk_log2cpm,C2,Control,3,2,3.3745643912840535,2.3738896293347085,1.080122224128887,1.000674761949345,0.6643402570503204,2.1686145952122136,0.95,-1.654987026458055,3.656336550356745,True
panel,author_selected_isg7,pseudobulk_log2cpm,C3,Control,3,2,3.3745643912840535,2.204410796062442,1.2715414562772425,1.1701535952216116,0.6513242848766522,2.011055148684957,0.95,-1.6175573572651971,3.95786454770842,True
panel,author_selected_isg7,pseudobulk_log2cpm,S1,Surgery,2,3,3.512054236012827,2.3059907159608053,1.3240536089319455,1.2060635200520218,1.1059637304458765,1.0177030349195118,0.95,-12.281846398457137,14.69397343856118,True
panel,author_selected_isg7,pseudobulk_log2cpm,S2,Surgery,2,3,3.8563753254301916,2.3059907159608053,2.4415084774612774,1.5503846094693863,0.763832976824164,1.0375636234509291,0.95,-7.362840706509182,10.463609925447955,True
panel,author_selected_isg7,pseudobulk_log2cpm,S3,Surgery,2,3,2.7552636124091423,2.3059907159608053,1.4175006327489892,0.449272896448337,0.35953550746368734,1.1839806501319918,0.95,-2.7402701835982857,3.6388159764949597,True
panel,exploratory_ieg13,pseudobulk_log2cpm,C1,Control,3,2,10.760472990551248,10.627778622851528,0.7899557715634093,0.13269436769972032,0.11932819979602358,2.0555971031441773,0.95,-0.36765301635817416,0.6330417517576148,True
panel,exploratory_ieg13,pseudobulk_log2cpm,C2,Control,3,2,10.760472990551248,10.644702552615305,0.6830901424598094,0.115770437935943,0.12247561271829478,2.2610656316809217,0.95,-0.356979758194403,0.588520634066289,True
panel,exploratory_ieg13,pseudobulk_log2cpm,C3,Control,3,2,10.760472990551248,10.658725213195256,0.6050831554628461,0.1017477773559925,0.11970381637804407,2.080686783718138,0.95,-0.3946219511176474,0.5981175058296324,True
panel,exploratory_ieg13,pseudobulk_log2cpm,S1,Surgery,2,3,10.650074387187878,10.643735462887363,0.09611276753413572,0.006338924300514748,0.07670960594270783,1.1165431607566019,0.95,-0.7579504295688086,0.7706282781698381,True
panel,exploratory_ieg13,pseudobulk_log2cpm,S2,Surgery,2,3,10.778375516579032,10.643735462887363,0.8034168477345729,0.13464005369166898,0.20368214748255967,1.015584540600386,0.95,-2.361398898430068,2.630679005813406,True
panel,exploratory_ieg13,pseudobulk_log2cpm,S3,Surgery,2,3,10.852969067886832,10.643735462887363,1.94147627581743,0.20923360499946853,0.12954283287863513,1.0390812439245949,0.95,-1.2974403739920564,1.7159075839909934,True
