selection,n_cells,n_genes,panel,panel_genes,sweep,seed,ctrl_size,n_bins,mean_difference,mean_difference_ci_low,mean_difference_ci_high,welch_df,cohens_d,exact_perm_p,mean_difference_without_s3,cohens_d_without_s3,sign_preserved_without_s3,surgery_values,control_values
predicted_doublet_false,7371,27933,core_isg7,Irf7;Ifitm3;Isg15;Mx1;Ifit1;Ifit2;Ifit3,seed_sweep,0,50,25,0.04619793297993832,-0.17734837643210435,0.269744242391981,2.0636402821043642,0.7049760268397434,0.8,-0.006691210832801976,-0.5840275296336588,False,S1:-0.040560292;S2:-0.05635329;S3:0.11021064,C1:-0.053253122;C2:-0.030057976;C3:-0.041985642
predicted_doublet_false,7371,27933,core_isg7,Irf7;Ifitm3;Isg15;Mx1;Ifit1;Ifit2;Ifit3,seed_sweep,1,50,25,0.04728129989005701,-0.17637743436827413,0.2709400341483882,2.05663573515202,0.7234087412375049,0.7,-0.005457646019978828,-0.4733344741717787,False,S1:-0.037863276;S2:-0.055764731;S3:0.11140283,C1:-0.05171159;C2:-0.029943361;C3:-0.042414121
predicted_doublet_false,7371,27933,core_isg7,Irf7;Ifitm3;Isg15;Mx1;Ifit1;Ifit2;Ifit3,seed_sweep,2,50,25,0.046226628243265296,-0.17837289950989235,0.27082615599642296,2.0531179589275355,0.7054254183668545,0.8,-0.006708824136640874,-0.6092006922836433,False,S1:-0.039268044;S2:-0.055921973;S3:0.11121135,C1:-0.051419653;C2:-0.030201054;C3:-0.041037845
predicted_doublet_false,7371,27933,core_isg7,Irf7;Ifitm3;Isg15;Mx1;Ifit1;Ifit2;Ifit3,seed_sweep,3,50,25,0.0471435515448164,-0.17736774569373492,0.2716548487833677,2.0484493642481283,0.7212211998981818,0.8,-0.005678692485895143,-0.5258433096735879,False,S1:-0.03983553;S2:-0.056882786;S3:0.11010757,C1:-0.052204109;C2:-0.032065667;C3:-0.043771619
predicted_doublet_false,7371,27933,core_isg7,Irf7;Ifitm3;Isg15;Mx1;Ifit1;Ifit2;Ifit3,seed_sweep,4,50,25,0.045437473682028884,-0.17726718450262136,0.2681421318666791,2.0525298151190015,0.6994679432137569,0.8,-0.007015671758202217,-0.6306718316846475,False,S1:-0.038718187;S2:-0.056177207;S3:0.10991174,C1:-0.050378842;C2:-0.029524774;C3:-0.041392461
predicted_doublet_false,7371,27933,core_isg7,Irf7;Ifitm3;Isg15;Mx1;Ifit1;Ifit2;Ifit3,seed_sweep,5,50,25,0.04680087639266777,-0.17927445422619226,0.2728762070115278,2.0543963278922437,0.7091177811789902,0.8,-0.006508142288565728,-0.5842732125236728,False,S1:-0.040374705;S2:-0.057013102;S3:0.11123315,C1:-0.052522758;C2:-0.030954063;C3:-0.043080462
predicted_doublet_false,7371,27933,core_isg7,Irf7;Ifitm3;Isg15;Mx1;Ifit1;Ifit2;Ifit3,seed_sweep,6,50,25,0.04666900654943024,-0.1798241202965525,0.273162133395413,2.053643843606606,0.7060546238610128,0.8,-0.006740413303003366,-0.614850545372394,False,S1:-0.041050747;S2:-0.057127611;S3:0.11113908,C1:-0.05271306;C2:-0.031242905;C3:-0.043090333
predicted_doublet_false,7371,27933,core_isg7,Irf7;Ifitm3;Isg15;Mx1;Ifit1;Ifit2;Ifit3,seed_sweep,7,50,25,0.045878398580638205,-0.18216553279899966,0.27392232996027605,2.052091394607291,0.6898562515462773,0.8,-0.0078091046582370385,-0.6786737290602907,False,S1:-0.039524824;S2:-0.057949041;S3:0.11232558,C1:-0.050831908;C2:-0.029638162;C3:-0.042313413
predicted_doublet_false,7371,27933,core_isg7,Irf7;Ifitm3;Isg15;Mx1;Ifit1;Ifit2;Ifit3,seed_sweep,8,50,25,0.046393373670858606,-0.18006646605246723,0.27285321339418445,2.0565096901908095,0.7010831895891791,0.8,-0.007015556005588661,-0.6069348734192419,False,S1:-0.039574815;S2:-0.057282182;S3:0.11179829,C1:-0.052072361;C2:-0.030016078;C3:-0.042150389
predicted_doublet_false,7371,27933,core_isg7,Irf7;Ifitm3;Isg15;Mx1;Ifit1;Ifit2;Ifit3,seed_sweep,9,50,25,0.04565658839333206,-0.17910529865401895,0.2704184754406831,2.0491214483406868,0.6974818552793054,0.8,-0.007241177334545039,-0.6698538587385927,False,S1:-0.040087769;S2:-0.056976557;S3:0.11016113,C1:-0.051384955;C2:-0.030993957;C3:-0.041494046
predicted_doublet_false,7371,27933,core_isg7,Irf7;Ifitm3;Isg15;Mx1;Ifit1;Ifit2;Ifit3,seed_sweep,10,50,25,0.04768956753304143,-0.17868191730836241,0.2740610523744453,2.0516768290420546,0.7225232642009937,0.8,-0.005666408286734127,-0.5283532542756785,False,S1:-0.039297955;S2:-0.05496683;S3:0.11293553,C1:-0.051394964;C2:-0.030401448;C3:-0.042601541
predicted_doublet_false,7371,27933,core_isg7,Irf7;Ifitm3;Isg15;Mx1;Ifit1;Ifit2;Ifit3,seed_sweep,11,50,25,0.04549238378966468,-0.1804959607361487,0.2714807283154781,2.055920152525432,0.6890845208716218,0.8,-0.007810045984564563,-0.6877079978680536,False,S1:-0.039081035;S2:-0.056198733;S3:0.11226741,C1:-0.050850898;C2:-0.028924136;C3:-0.039714479
predicted_doublet_false,7371,27933,core_isg7,Irf7;Ifitm3;Isg15;Mx1;Ifit1;Ifit2;Ifit3,seed_sweep,12,50,25,0.04681116248112749,-0.18033067365508323,0.27395299861733824,2.051268401067116,0.7069400652139312,0.8,-0.006583259498337858,-0.5481211923112811,False,S1:-0.036646182;S2:-0.057178025;S3:0.11327116,C1:-0.049996893;C2:-0.029100374;C3:-0.041889264
predicted_doublet_false,7371,27933,core_isg7,Irf7;Ifitm3;Isg15;Mx1;Ifit1;Ifit2;Ifit3,seed_sweep,13,50,25,0.04726062448139552,-0.18228309123270792,0.276804340195499,2.050530482029807,0.7064952045158914,0.8,-0.006739023545924351,-0.58092855883809,False,S1:-0.038541659;S2:-0.057535262;S3:0.11396048,C1:-0.051461674;C2:-0.030369167;C3:-0.042067469
predicted_doublet_false,7371,27933,core_isg7,Irf7;Ifitm3;Isg15;Mx1;Ifit1;Ifit2;Ifit3,seed_sweep,14,50,25,0.04723230693081518,-0.1825382565349139,0.27700287039654425,2.0511340865607433,0.705182343630285,0.8,-0.006880471974982427,-0.6149886183719221,False,S1:-0.041324976;S2:-0.058586183;S3:0.11238276,C1:-0.053207172;C2:-0.031986242;C3:-0.044031908
predicted_doublet_false,7371,27933,core_isg7,Irf7;Ifitm3;Isg15;Mx1;Ifit1;Ifit2;Ifit3,seed_sweep,15,50,25,0.0453283829510803,-0.18013853628344434,0.27079530218560494,2.0535283329687717,0.6889294923844074,0.8,-0.007805518531441104,-0.6964188783181401,False,S1:-0.03919146;S2:-0.056405225;S3:0.11160336,C1:-0.05015337;C2:-0.028835904;C3:-0.040989198
predicted_doublet_false,7371,27933,core_isg7,Irf7;Ifitm3;Isg15;Mx1;Ifit1;Ifit2;Ifit3,seed_sweep,16,50,25,0.0443867621047195,-0.17947897105621421,0.2682524952656532,2.0429872790424275,0.6826983468074233,0.8,-0.008221497638220901,-0.8182219656383406,False,S1:-0.040967921;S2:-0.056657686;S3:0.10901198,C1:-0.049796802;C2:-0.030855768;C3:-0.041121346
predicted_doublet_false,7371,27933,core_isg7,Irf7;Ifitm3;Isg15;Mx1;Ifit1;Ifit2;Ifit3,seed_sweep,17,50,25,0.04647102924259869,-0.17512319953658842,0.2680652580217858,2.052669064605647,0.7189182371631483,0.8,-0.005762414622469236,-0.5385720344891847,False,S1:-0.038956303;S2:-0.054842537;S3:0.10980091,C1:-0.050775261;C2:-0.03007675;C3:-0.042559007
predicted_doublet_false,7371,27933,core_isg7,Irf7;Ifitm3;Isg15;Mx1;Ifit1;Ifit2;Ifit3,seed_sweep,18,50,25,0.046696732273887265,-0.18043507375990941,0.27382853830768394,2.055821348258738,0.7037974128838307,0.8,-0.006829783441694291,-0.5781918950741491,False,S1:-0.040536845;S2:-0.059308453;S3:0.1106569,C1:-0.053668984;C2:-0.031696445;C3:-0.043913167
predicted_doublet_false,7371,27933,core_isg7,Irf7;Ifitm3;Isg15;Mx1;Ifit1;Ifit2;Ifit3,seed_sweep,19,50,25,0.04636509812614854,-0.1816100474056518,0.2743402436579489,2.0470362036265133,0.6989828040849855,0.8,-0.007205585498087967,-0.6394278375251591,False,S1:-0.040049335;S2:-0.058831099;S3:0.11127183,C1:-0.051862557;C2:-0.031696382;C3:-0.043144955
predicted_doublet_false,7371,27933,core_isg7,Irf7;Ifitm3;Isg15;Mx1;Ifit1;Ifit2;Ifit3,control_size_sweep,42,25,25,0.04597365729160293,-0.1749457339043227,0.26689304848752854,2.0552601294675417,0.7125641178703418,0.8,-0.006125615656991983,-0.5556459165462003,False,S1:-0.039163724;S2:-0.055757075;S3:0.10883742,C1:-0.051745653;C2:-0.030456711;C3:-0.041801987
predicted_doublet_false,7371,27933,core_isg7,Irf7;Ifitm3;Isg15;Mx1;Ifit1;Ifit2;Ifit3,control_size_sweep,42,50,25,0.04649471117813342,-0.1766248419246236,0.2696142642808904,2.0546913450620976,0.7137166150596257,0.8,-0.00608966251040171,-0.5378878025588492,False,S1:-0.039026709;S2:-0.05666268;S3:0.10990843,C1:-0.052213813;C2:-0.030827752;C3:-0.042223531
predicted_doublet_false,7371,27933,core_isg7,Irf7;Ifitm3;Isg15;Mx1;Ifit1;Ifit2;Ifit3,control_size_sweep,42,100,25,0.0452833505630018,-0.18052462474361758,0.27109132586962115,2.057173084706516,0.6860799110147299,0.8,-0.007986732271061739,-0.6922013096246661,False,S1:-0.040816959;S2:-0.058354305;S3:0.11022462,C1:-0.052239027;C2:-0.030122945;C3:-0.042434727
predicted_doublet_false,7371,27933,core_isg7,Irf7;Ifitm3;Isg15;Mx1;Ifit1;Ifit2;Ifit3,control_size_sweep,42,200,25,0.04572232857860981,-0.18011092582451235,0.271555582981732,2.054980517982276,0.6933360990343246,0.8,-0.007514357246254301,-0.6587854778431135,False,S1:-0.040929491;S2:-0.05850307;S3:0.10999378,C1:-0.052561978;C2:-0.030902049;C3:-0.043141741
predicted_doublet_false,7371,27933,core_isg7,Irf7;Ifitm3;Isg15;Mx1;Ifit1;Ifit2;Ifit3,bin_sweep,42,50,10,0.04665080080002649,-0.1798990580188508,0.2732006596189038,2.0518929353829427,0.7061599688126831,0.8,-0.006702187017960631,-0.5971979681205886,False,S1:-0.029862766;S2:-0.047426184;S3:0.12141449,C1:-0.041963888;C2:-0.020891498;C3:-0.032971476
predicted_doublet_false,7371,27933,core_isg7,Irf7;Ifitm3;Isg15;Mx1;Ifit1;Ifit2;Ifit3,bin_sweep,42,50,25,0.04649471117813342,-0.1766248419246236,0.2696142642808904,2.0546913450620976,0.7137166150596257,0.8,-0.00608966251040171,-0.5378878025588492,False,S1:-0.039026709;S2:-0.05666268;S3:0.10990843,C1:-0.052213813;C2:-0.030827752;C3:-0.042223531
predicted_doublet_false,7371,27933,core_isg7,Irf7;Ifitm3;Isg15;Mx1;Ifit1;Ifit2;Ifit3,bin_sweep,42,50,50,0.045882810716542946,-0.18052307742264678,0.27228869885573265,2.0599787572909114,0.6924551642739312,0.8,-0.007538744604951082,-0.6232461030392791,False,S1:-0.038768817;S2:-0.057712387;S3:0.11202406,C1:-0.051429416;C2:-0.028746994;C3:-0.041929162
predicted_doublet_false,7371,27933,ieg13,Fos;Fosb;Jun;Junb;Jund;Egr1;Atf3;Ier2;Dusp1;Zfp36;Hspa1a;Hspa1b;Socs3,seed_sweep,0,50,25,0.13979903132295046,-0.08297104707963049,0.3625691097255314,2.521504059305182,1.8204940300258146,0.2,0.1918101200395088,3.8733034863124534,True,S1:1.8823278;S2:1.7864723;S3:1.6783668,C1:1.6854194;C2:1.6235547;C3:1.6187956
predicted_doublet_false,7371,27933,ieg13,Fos;Fosb;Jun;Junb;Jund;Egr1;Atf3;Ier2;Dusp1;Zfp36;Hspa1a;Hspa1b;Socs3,seed_sweep,1,50,25,0.12975968588356057,-0.08972823455754272,0.3492476063246639,2.4659566500252548,1.7426738111393312,0.2,0.17852774329603416,3.4773823901618868,True,S1:1.8463633;S2:1.7408687;S3:1.6473118,C1:1.6545423;C2:1.5933859;C3:1.5973366
predicted_doublet_false,7371,27933,ieg13,Fos;Fosb;Jun;Junb;Jund;Egr1;Atf3;Ier2;Dusp1;Zfp36;Hspa1a;Hspa1b;Socs3,seed_sweep,2,50,25,0.13306965234717727,-0.09055732859182533,0.35669663328617984,2.5806939139317264,1.6985298647710514,0.2,0.18112194332390685,3.0331970127293597,True,S1:1.9941343;S2:1.8714559;S3:1.7886382,C1:1.7971513;C2:1.7230346;C3:1.7348335
predicted_doublet_false,7371,27933,ieg13,Fos;Fosb;Jun;Junb;Jund;Egr1;Atf3;Ier2;Dusp1;Zfp36;Hspa1a;Hspa1b;Socs3,seed_sweep,3,50,25,0.14742311483451687,-0.06590908318025063,0.36075531284928436,2.62172108837724,1.951516502842182,0.1,0.19359374146814257,3.3470346704154865,True,S1:1.957219;S2:1.839758;S3:1.7599766,C1:1.7506126;C2:1.6808512;C3:1.6832205
predicted_doublet_false,7371,27933,ieg13,Fos;Fosb;Jun;Junb;Jund;Egr1;Atf3;Ier2;Dusp1;Zfp36;Hspa1a;Hspa1b;Socs3,seed_sweep,4,50,25,0.1345472110123498,-0.07111448327170142,0.340208905296401,2.9701953334696447,1.7096434500957676,0.2,0.18231191985260664,2.999173529360109,True,S1:1.8503944;S2:1.7409225;S3:1.6523643,C1:1.6683414;C2:1.5691666;C3:1.6025315
predicted_doublet_false,7371,27933,ieg13,Fos;Fosb;Jun;Junb;Jund;Egr1;Atf3;Ier2;Dusp1;Zfp36;Hspa1a;Hspa1b;Socs3,seed_sweep,5,50,25,0.14648010061800587,-0.07601113312490343,0.36897133436091517,2.6836079154623254,1.8306883162158734,0.2,0.19765043865656184,3.4409423901059544,True,S1:1.8972435;S2:1.7871356;S3:1.6886785,C1:1.6936354;C2:1.609484;C3:1.6304978
predicted_doublet_false,7371,27933,ieg13,Fos;Fosb;Jun;Junb;Jund;Egr1;Atf3;Ier2;Dusp1;Zfp36;Hspa1a;Hspa1b;Socs3,seed_sweep,6,50,25,0.1420294564507838,-0.06251494626265805,0.3465738591642257,2.838905805534668,1.8636168557201098,0.2,0.1914026011083143,3.5734773885438234,True,S1:1.8542341;S2:1.760221;S3:1.6591081,C1:1.6680227;C2:1.5826368;C3:1.5968152
predicted_doublet_false,7371,27933,ieg13,Fos;Fosb;Jun;Junb;Jund;Egr1;Atf3;Ier2;Dusp1;Zfp36;Hspa1a;Hspa1b;Socs3,seed_sweep,7,50,25,0.1507570671735019,-0.12036224595985978,0.4218763803068636,2.3629910804886536,1.6922985375441655,0.2,0.2077328027076979,3.2486584692473786,True,S1:1.9550272;S2:1.816425;S3:1.7147989,C1:1.7190614;C2:1.6493534;C3:1.6655652
predicted_doublet_false,7371,27933,ieg13,Fos;Fosb;Jun;Junb;Jund;Egr1;Atf3;Ier2;Dusp1;Zfp36;Hspa1a;Hspa1b;Socs3,seed_sweep,8,50,25,0.13756720814005918,-0.1309266751832916,0.40606109146340996,2.502912602559981,1.4941957364616678,0.2,0.20191062749898836,3.6730429249337555,True,S1:2.011743;S2:1.9095298;S3:1.7676062,C1:1.8072529;C2:1.722026;C3:1.7468985
predicted_doublet_false,7371,27933,ieg13,Fos;Fosb;Jun;Junb;Jund;Egr1;Atf3;Ier2;Dusp1;Zfp36;Hspa1a;Hspa1b;Socs3,seed_sweep,9,50,25,0.13478770238527193,-0.0774998477891918,0.3470752525597357,2.4454988514595164,1.8830510621985757,0.1,0.1805440686554709,3.511046168149827,True,S1:1.9028942;S2:1.7946789;S3:1.7115174,C1:1.705242;C2:1.6531967;C3:1.6462888
predicted_doublet_false,7371,27933,ieg13,Fos;Fosb;Jun;Junb;Jund;Egr1;Atf3;Ier2;Dusp1;Zfp36;Hspa1a;Hspa1b;Socs3,seed_sweep,10,50,25,0.15319175203531987,-0.07806299524645799,0.38444649931709773,2.5660117518645493,1.898325254672191,0.1,0.2035133116360266,3.3832299355378104,True,S1:1.852934;S2:1.7299104;S3:1.6404575,C1:1.6344669;C2:1.5603594;C3:1.5689003
predicted_doublet_false,7371,27933,ieg13,Fos;Fosb;Jun;Junb;Jund;Egr1;Atf3;Ier2;Dusp1;Zfp36;Hspa1a;Hspa1b;Socs3,seed_sweep,11,50,25,0.14428697237358734,-0.08432572648087719,0.3728996712280519,2.672742612358245,1.759658974673751,0.2,0.19751229763168054,3.4388555637764022,True,S1:1.8715817;S2:1.7627196;S3:1.6574747,C1:1.6696332;C2:1.5841101;C3:1.6051717
predicted_doublet_false,7371,27933,ieg13,Fos;Fosb;Jun;Junb;Jund;Egr1;Atf3;Ier2;Dusp1;Zfp36;Hspa1a;Hspa1b;Socs3,seed_sweep,12,50,25,0.14604409552662778,-0.08038191402836328,0.3724701050816188,2.568928945528265,1.8468964076244445,0.2,0.19663953365938291,3.4666995668339182,True,S1:1.9671094;S2:1.8532635;S3:1.7584001,C1:1.7588996;C2:1.6842924;C3:1.6974487
predicted_doublet_false,7371,27933,ieg13,Fos;Fosb;Jun;Junb;Jund;Egr1;Atf3;Ier2;Dusp1;Zfp36;Hspa1a;Hspa1b;Socs3,seed_sweep,13,50,25,0.14236906153812545,-0.09135487186063099,0.37609299493688186,2.5631076854874455,1.7469430161663793,0.2,0.19516138458669485,3.4069233415358697,True,S1:1.8398995;S2:1.7258233;S3:1.6244844,C1:1.6342065;C2:1.557616;C3:1.5712776
predicted_doublet_false,7371,27933,ieg13,Fos;Fosb;Jun;Junb;Jund;Egr1;Atf3;Ier2;Dusp1;Zfp36;Hspa1a;Hspa1b;Socs3,seed_sweep,14,50,25,0.1415294570845964,-0.07310120024251526,0.3561601144117081,2.7487079960138545,1.8055654939676469,0.2,0.19308029588726505,3.5995118634722343,True,S1:1.8857161;S2:1.7894392;S3:1.6829252,C1:1.695237;C2:1.6108939;C3:1.6273612
predicted_doublet_false,7371,27933,ieg13,Fos;Fosb;Jun;Junb;Jund;Egr1;Atf3;Ier2;Dusp1;Zfp36;Hspa1a;Hspa1b;Socs3,seed_sweep,15,50,25,0.14820657874245158,-0.07106280880082316,0.3674759662857263,2.649908861573161,1.895176833197293,0.2,0.19995593351600705,3.7801118800530937,True,S1:1.9020403;S2:1.8031113;S3:1.6973277,C1:1.6998099;C2:1.6200693;C3:1.6379804
predicted_doublet_false,7371,27933,ieg13,Fos;Fosb;Jun;Junb;Jund;Egr1;Atf3;Ier2;Dusp1;Zfp36;Hspa1a;Hspa1b;Socs3,seed_sweep,16,50,25,0.13191594578060717,-0.10558571385039717,0.3694176054116115,2.550729276047812,1.5982984898296728,0.2,0.18269964614766887,2.916283514105329,True,S1:1.912521;S2:1.7827537;S3:1.6952862,C1:1.7117076;C2:1.6354931;C3:1.6476123
predicted_doublet_false,7371,27933,ieg13,Fos;Fosb;Jun;Junb;Jund;Egr1;Atf3;Ier2;Dusp1;Zfp36;Hspa1a;Hspa1b;Socs3,seed_sweep,17,50,25,0.1423941393814394,-0.0772241054161946,0.36201238417907344,2.6161528002153522,1.8336175681523188,0.1,0.18949664231693197,3.156689372577661,True,S1:1.952867;S2:1.8302153;S3:1.7502336,C1:1.7473669;C2:1.6691859;C3:1.6895807
predicted_doublet_false,7371,27933,ieg13,Fos;Fosb;Jun;Junb;Jund;Egr1;Atf3;Ier2;Dusp1;Zfp36;Hspa1a;Hspa1b;Socs3,seed_sweep,18,50,25,0.135068956429103,-0.12768482652176882,0.3978227393799748,2.5435631100726193,1.4821325681064321,0.2,0.19620004381063905,3.2703431781571783,True,S1:1.9973806;S2:1.8811346;S3:1.7558643,C1:1.7935306;C2:1.707336;C3:1.7283061
predicted_doublet_false,7371,27933,ieg13,Fos;Fosb;Jun;Junb;Jund;Egr1;Atf3;Ier2;Dusp1;Zfp36;Hspa1a;Hspa1b;Socs3,seed_sweep,19,50,25,0.14655576773782086,-0.07476114694861372,0.3678726824242554,2.515499341351815,1.9242612641333048,0.1,0.19342094361259643,3.346037565827157,True,S1:1.9209156;S2:1.7997919;S3:1.7197582,C1:1.7092038;C2:1.6436936;C3:1.647901
predicted_doublet_false,7371,27933,ieg13,Fos;Fosb;Jun;Junb;Jund;Egr1;Atf3;Ier2;Dusp1;Zfp36;Hspa1a;Hspa1b;Socs3,control_size_sweep,42,25,25,0.1461739085427629,-0.10686768523494822,0.39921550232047404,2.8117695104399347,1.5595234025858766,0.2,0.21013317226316697,3.535701843885997,True,S1:2.014132;S2:1.9198138;S3:1.7750951,C1:1.8188999;C2:1.7121851;C3:1.739434
predicted_doublet_false,7371,27933,ieg13,Fos;Fosb;Jun;Junb;Jund;Egr1;Atf3;Ier2;Dusp1;Zfp36;Hspa1a;Hspa1b;Socs3,control_size_sweep,42,50,25,0.1471180473012097,-0.10453632484539238,0.3987724194478118,2.7469167675254087,1.6013964916963443,0.2,0.20927543556049422,3.5243159706668554,True,S1:1.9765762;S2:1.8755898;S3:1.7396108,C1:1.7751541;C2:1.6739869;C3:1.7012815
predicted_doublet_false,7371,27933,ieg13,Fos;Fosb;Jun;Junb;Jund;Egr1;Atf3;Ier2;Dusp1;Zfp36;Hspa1a;Hspa1b;Socs3,control_size_sweep,42,100,25,0.1437122452099009,-0.11592288693314712,0.4033473773529489,2.607652510397095,1.5688115851584128,0.2,0.20580692988266835,3.4900927459520505,True,S1:1.9634313;S2:1.8546881;S3:1.7227757,C1:1.7565843;C2:1.6653381;C3:1.687836
predicted_doublet_false,7371,27933,ieg13,Fos;Fosb;Jun;Junb;Jund;Egr1;Atf3;Ier2;Dusp1;Zfp36;Hspa1a;Hspa1b;Socs3,control_size_sweep,42,200,25,0.14326902505054862,-0.11003395188268433,0.39657200198378156,2.567658130553376,1.6201130527452063,0.2,0.20191232822097227,3.3894104263307607,True,S1:1.9635499;S2:1.8478992;S3:1.7297946,C1:1.754049;C2:1.669389;C3:1.6879987
predicted_doublet_false,7371,27933,ieg13,Fos;Fosb;Jun;Junb;Jund;Egr1;Atf3;Ier2;Dusp1;Zfp36;Hspa1a;Hspa1b;Socs3,bin_sweep,42,50,10,0.12485902752250899,-0.09225147433136813,0.34196952937638614,2.7029282872468685,1.5917090106689502,0.2,0.1773527226171998,3.4173923042153276,True,S1:2.1875528;S2:2.0948334;S3:1.983712,C1:2.0130172;C2:1.9304789;C3:1.948025
predicted_doublet_false,7371,27933,ieg13,Fos;Fosb;Jun;Junb;Jund;Egr1;Atf3;Ier2;Dusp1;Zfp36;Hspa1a;Hspa1b;Socs3,bin_sweep,42,50,25,0.1471180473012097,-0.10453632484539238,0.3987724194478118,2.7469167675254087,1.6013964916963443,0.2,0.20927543556049422,3.5243159706668554,True,S1:1.9765762;S2:1.8755898;S3:1.7396108,C1:1.7751541;C2:1.6739869;C3:1.7012815
predicted_doublet_false,7371,27933,ieg13,Fos;Fosb;Jun;Junb;Jund;Egr1;Atf3;Ier2;Dusp1;Zfp36;Hspa1a;Hspa1b;Socs3,bin_sweep,42,50,50,0.13719777116325504,-0.08096797280147047,0.3553635151279806,2.5464009913647736,1.8117673443440003,0.1,0.183176780194507,3.133287458806846,True,S1:1.7886138;S2:1.6665515;S3:1.5896456,C1:1.5873746;C2:1.518788;C3:1.527055
