control_gene_order,control_gene,matrix_feature_index_1based,expression_bin,mean_log1p_normalized_expression,fixed_configuration,interpretation_limit
1,1700037C18Rik,23762,17,0.05067750431113061,Scanpy 1.11.5; seed=42; ctrl_size=50; n_bins=25; use_raw=False; ctrl_as_ref=True; full gene pool,Algorithmic matched-control gene; not a validated neutral biological background
2,1700037H04Rik,3302,16,0.030937150316829677,Scanpy 1.11.5; seed=42; ctrl_size=50; n_bins=25; use_raw=False; ctrl_as_ref=True; full gene pool,Algorithmic matched-control gene; not a validated neutral biological background
3,1700049G17Rik,12220,15,0.021976630863349614,Scanpy 1.11.5; seed=42; ctrl_size=50; n_bins=25; use_raw=False; ctrl_as_ref=True; full gene pool,Algorithmic matched-control gene; not a validated neutral biological background
4,2700049A03Rik,22397,17,0.055012809681999134,Scanpy 1.11.5; seed=42; ctrl_size=50; n_bins=25; use_raw=False; ctrl_as_ref=True; full gene pool,Algorithmic matched-control gene; not a validated neutral biological background
5,4930430F08Rik,14954,17,0.057972642140122606,Scanpy 1.11.5; seed=42; ctrl_size=50; n_bins=25; use_raw=False; ctrl_as_ref=True; full gene pool,Algorithmic matched-control gene; not a validated neutral biological background
6,9130023H24Rik,13805,16,0.02581253020706146,Scanpy 1.11.5; seed=42; ctrl_size=50; n_bins=25; use_raw=False; ctrl_as_ref=True; full gene pool,Algorithmic matched-control gene; not a validated neutral biological background
7,9330020H09Rik,23573,15,0.0180055822450842,Scanpy 1.11.5; seed=42; ctrl_size=50; n_bins=25; use_raw=False; ctrl_as_ref=True; full gene pool,Algorithmic matched-control gene; not a validated neutral biological background
8,A430005L14Rik,8196,20,0.18268697508606363,Scanpy 1.11.5; seed=42; ctrl_size=50; n_bins=25; use_raw=False; ctrl_as_ref=True; full gene pool,Algorithmic matched-control gene; not a validated neutral biological background
9,AI606181,27640,16,0.031039225426025555,Scanpy 1.11.5; seed=42; ctrl_size=50; n_bins=25; use_raw=False; ctrl_as_ref=True; full gene pool,Algorithmic matched-control gene; not a validated neutral biological background
10,Aasdhppt,17588,19,0.13888965897022537,Scanpy 1.11.5; seed=42; ctrl_size=50; n_bins=25; use_raw=False; ctrl_as_ref=True; full gene pool,Algorithmic matched-control gene; not a validated neutral biological background
11,Alad,7053,17,0.06333467294364105,Scanpy 1.11.5; seed=42; ctrl_size=50; n_bins=25; use_raw=False; ctrl_as_ref=True; full gene pool,Algorithmic matched-control gene; not a validated neutral biological background
12,Ap1g1,16302,20,0.17930926585711743,Scanpy 1.11.5; seed=42; ctrl_size=50; n_bins=25; use_raw=False; ctrl_as_ref=True; full gene pool,Algorithmic matched-control gene; not a validated neutral biological background
13,Ap2a1,12616,19,0.1570289579729684,Scanpy 1.11.5; seed=42; ctrl_size=50; n_bins=25; use_raw=False; ctrl_as_ref=True; full gene pool,Algorithmic matched-control gene; not a validated neutral biological background
14,Ap3d1,14724,20,0.19096134171817766,Scanpy 1.11.5; seed=42; ctrl_size=50; n_bins=25; use_raw=False; ctrl_as_ref=True; full gene pool,Algorithmic matched-control gene; not a validated neutral biological background
15,Ap3s1,26819,20,0.20973975026709402,Scanpy 1.11.5; seed=42; ctrl_size=50; n_bins=25; use_raw=False; ctrl_as_ref=True; full gene pool,Algorithmic matched-control gene; not a validated neutral biological background
16,Ap5z1,9906,17,0.0712915135115656,Scanpy 1.11.5; seed=42; ctrl_size=50; n_bins=25; use_raw=False; ctrl_as_ref=True; full gene pool,Algorithmic matched-control gene; not a validated neutral biological background
17,Apba3,14758,17,0.0720538609129104,Scanpy 1.11.5; seed=42; ctrl_size=50; n_bins=25; use_raw=False; ctrl_as_ref=True; full gene pool,Algorithmic matched-control gene; not a validated neutral biological background
18,Ate1,13828,19,0.15630768157623626,Scanpy 1.11.5; seed=42; ctrl_size=50; n_bins=25; use_raw=False; ctrl_as_ref=True; full gene pool,Algorithmic matched-control gene; not a validated neutral biological background
19,BC026585,1234,19,0.1122146459467423,Scanpy 1.11.5; seed=42; ctrl_size=50; n_bins=25; use_raw=False; ctrl_as_ref=True; full gene pool,Algorithmic matched-control gene; not a validated neutral biological background
20,BC029214,1928,19,0.1527072449517111,Scanpy 1.11.5; seed=42; ctrl_size=50; n_bins=25; use_raw=False; ctrl_as_ref=True; full gene pool,Algorithmic matched-control gene; not a validated neutral biological background
21,BC029722,3610,19,0.11784343540935338,Scanpy 1.11.5; seed=42; ctrl_size=50; n_bins=25; use_raw=False; ctrl_as_ref=True; full gene pool,Algorithmic matched-control gene; not a validated neutral biological background
22,BC030336,13629,19,0.1356324384888838,Scanpy 1.11.5; seed=42; ctrl_size=50; n_bins=25; use_raw=False; ctrl_as_ref=True; full gene pool,Algorithmic matched-control gene; not a validated neutral biological background
23,Bahcc1,20984,15,0.02465249168842105,Scanpy 1.11.5; seed=42; ctrl_size=50; n_bins=25; use_raw=False; ctrl_as_ref=True; full gene pool,Algorithmic matched-control gene; not a validated neutral biological background
24,Bbs7,5336,16,0.03845073662171644,Scanpy 1.11.5; seed=42; ctrl_size=50; n_bins=25; use_raw=False; ctrl_as_ref=True; full gene pool,Algorithmic matched-control gene; not a validated neutral biological background
25,Bcl2,847,17,0.06913351789450423,Scanpy 1.11.5; seed=42; ctrl_size=50; n_bins=25; use_raw=False; ctrl_as_ref=True; full gene pool,Algorithmic matched-control gene; not a validated neutral biological background
26,Bivm,280,16,0.02602614290338086,Scanpy 1.11.5; seed=42; ctrl_size=50; n_bins=25; use_raw=False; ctrl_as_ref=True; full gene pool,Algorithmic matched-control gene; not a validated neutral biological background
27,Bloc1s6os,3176,15,0.012848767767184108,Scanpy 1.11.5; seed=42; ctrl_size=50; n_bins=25; use_raw=False; ctrl_as_ref=True; full gene pool,Algorithmic matched-control gene; not a validated neutral biological background
28,Borcs5,11439,17,0.053890262945845625,Scanpy 1.11.5; seed=42; ctrl_size=50; n_bins=25; use_raw=False; ctrl_as_ref=True; full gene pool,Algorithmic matched-control gene; not a validated neutral biological background
29,C030034I22Rik,25579,16,0.027239422609906007,Scanpy 1.11.5; seed=42; ctrl_size=50; n_bins=25; use_raw=False; ctrl_as_ref=True; full gene pool,Algorithmic matched-control gene; not a validated neutral biological background
30,Ccdc181,1307,16,0.03326629858103654,Scanpy 1.11.5; seed=42; ctrl_size=50; n_bins=25; use_raw=False; ctrl_as_ref=True; full gene pool,Algorithmic matched-control gene; not a validated neutral biological background
31,Ccdc28b,7707,20,0.18097032301947666,Scanpy 1.11.5; seed=42; ctrl_size=50; n_bins=25; use_raw=False; ctrl_as_ref=True; full gene pool,Algorithmic matched-control gene; not a validated neutral biological background
32,Ccdc93,919,20,0.22391959741406356,Scanpy 1.11.5; seed=42; ctrl_size=50; n_bins=25; use_raw=False; ctrl_as_ref=True; full gene pool,Algorithmic matched-control gene; not a validated neutral biological background
33,Ccnk,22759,19,0.12450745432109364,Scanpy 1.11.5; seed=42; ctrl_size=50; n_bins=25; use_raw=False; ctrl_as_ref=True; full gene pool,Algorithmic matched-control gene; not a validated neutral biological background
34,Cdca4,22836,19,0.117700846155436,Scanpy 1.11.5; seed=42; ctrl_size=50; n_bins=25; use_raw=False; ctrl_as_ref=True; full gene pool,Algorithmic matched-control gene; not a validated neutral biological background
35,Cep350,1214,20,0.17326117952745557,Scanpy 1.11.5; seed=42; ctrl_size=50; n_bins=25; use_raw=False; ctrl_as_ref=True; full gene pool,Algorithmic matched-control gene; not a validated neutral biological background
36,Cep57,17631,19,0.12746244685941951,Scanpy 1.11.5; seed=42; ctrl_size=50; n_bins=25; use_raw=False; ctrl_as_ref=True; full gene pool,Algorithmic matched-control gene; not a validated neutral biological background
37,Chchd5,3256,19,0.13401911808894232,Scanpy 1.11.5; seed=42; ctrl_size=50; n_bins=25; use_raw=False; ctrl_as_ref=True; full gene pool,Algorithmic matched-control gene; not a validated neutral biological background
38,Chd6,3695,20,0.2242961257853836,Scanpy 1.11.5; seed=42; ctrl_size=50; n_bins=25; use_raw=False; ctrl_as_ref=True; full gene pool,Algorithmic matched-control gene; not a validated neutral biological background
39,Ciart,5933,15,0.02441264447388308,Scanpy 1.11.5; seed=42; ctrl_size=50; n_bins=25; use_raw=False; ctrl_as_ref=True; full gene pool,Algorithmic matched-control gene; not a validated neutral biological background
40,Cisd3,20414,16,0.044591290674868146,Scanpy 1.11.5; seed=42; ctrl_size=50; n_bins=25; use_raw=False; ctrl_as_ref=True; full gene pool,Algorithmic matched-control gene; not a validated neutral biological background
41,Clasrp,11958,19,0.12036405239123338,Scanpy 1.11.5; seed=42; ctrl_size=50; n_bins=25; use_raw=False; ctrl_as_ref=True; full gene pool,Algorithmic matched-control gene; not a validated neutral biological background
42,Clic4,7839,19,0.1402828520341541,Scanpy 1.11.5; seed=42; ctrl_size=50; n_bins=25; use_raw=False; ctrl_as_ref=True; full gene pool,Algorithmic matched-control gene; not a validated neutral biological background
43,Cntrl,2181,20,0.2140254599157594,Scanpy 1.11.5; seed=42; ctrl_size=50; n_bins=25; use_raw=False; ctrl_as_ref=True; full gene pool,Algorithmic matched-control gene; not a validated neutral biological background
44,Cog8,16278,20,0.2023662463115588,Scanpy 1.11.5; seed=42; ctrl_size=50; n_bins=25; use_raw=False; ctrl_as_ref=True; full gene pool,Algorithmic matched-control gene; not a validated neutral biological background
45,Copg1,10886,20,0.181453884416124,Scanpy 1.11.5; seed=42; ctrl_size=50; n_bins=25; use_raw=False; ctrl_as_ref=True; full gene pool,Algorithmic matched-control gene; not a validated neutral biological background
46,Coq4,2046,17,0.052357254576899756,Scanpy 1.11.5; seed=42; ctrl_size=50; n_bins=25; use_raw=False; ctrl_as_ref=True; full gene pool,Algorithmic matched-control gene; not a validated neutral biological background
47,Cpd,20039,19,0.1187608672553334,Scanpy 1.11.5; seed=42; ctrl_size=50; n_bins=25; use_raw=False; ctrl_as_ref=True; full gene pool,Algorithmic matched-control gene; not a validated neutral biological background
48,Creb3l1,2839,15,0.015209205760963573,Scanpy 1.11.5; seed=42; ctrl_size=50; n_bins=25; use_raw=False; ctrl_as_ref=True; full gene pool,Algorithmic matched-control gene; not a validated neutral biological background
49,Ctdspl2,3158,19,0.11920284425981041,Scanpy 1.11.5; seed=42; ctrl_size=50; n_bins=25; use_raw=False; ctrl_as_ref=True; full gene pool,Algorithmic matched-control gene; not a validated neutral biological background
50,Cwc25,20419,20,0.178914901408391,Scanpy 1.11.5; seed=42; ctrl_size=50; n_bins=25; use_raw=False; ctrl_as_ref=True; full gene pool,Algorithmic matched-control gene; not a validated neutral biological background
51,Cxcl14,21598,15,0.018853764733891686,Scanpy 1.11.5; seed=42; ctrl_size=50; n_bins=25; use_raw=False; ctrl_as_ref=True; full gene pool,Algorithmic matched-control gene; not a validated neutral biological background
52,Cyb5b,16282,19,0.14065524018323497,Scanpy 1.11.5; seed=42; ctrl_size=50; n_bins=25; use_raw=False; ctrl_as_ref=True; full gene pool,Algorithmic matched-control gene; not a validated neutral biological background
53,Cyp4f16,25006,17,0.054499082626117135,Scanpy 1.11.5; seed=42; ctrl_size=50; n_bins=25; use_raw=False; ctrl_as_ref=True; full gene pool,Algorithmic matched-control gene; not a validated neutral biological background
54,D830044I16Rik,13728,15,0.014762346399411016,Scanpy 1.11.5; seed=42; ctrl_size=50; n_bins=25; use_raw=False; ctrl_as_ref=True; full gene pool,Algorithmic matched-control gene; not a validated neutral biological background
55,Dcp2,26803,19,0.127245093472307,Scanpy 1.11.5; seed=42; ctrl_size=50; n_bins=25; use_raw=False; ctrl_as_ref=True; full gene pool,Algorithmic matched-control gene; not a validated neutral biological background
56,Ddx39,15977,20,0.18164367220356803,Scanpy 1.11.5; seed=42; ctrl_size=50; n_bins=25; use_raw=False; ctrl_as_ref=True; full gene pool,Algorithmic matched-control gene; not a validated neutral biological background
57,Ddx46,21586,20,0.1714363186124254,Scanpy 1.11.5; seed=42; ctrl_size=50; n_bins=25; use_raw=False; ctrl_as_ref=True; full gene pool,Algorithmic matched-control gene; not a validated neutral biological background
58,Ddx56,19117,19,0.12393059715650862,Scanpy 1.11.5; seed=42; ctrl_size=50; n_bins=25; use_raw=False; ctrl_as_ref=True; full gene pool,Algorithmic matched-control gene; not a validated neutral biological background
59,Depdc7,2924,19,0.126307184087132,Scanpy 1.11.5; seed=42; ctrl_size=50; n_bins=25; use_raw=False; ctrl_as_ref=True; full gene pool,Algorithmic matched-control gene; not a validated neutral biological background
60,Dgat2,13163,15,0.020591161384008065,Scanpy 1.11.5; seed=42; ctrl_size=50; n_bins=25; use_raw=False; ctrl_as_ref=True; full gene pool,Algorithmic matched-control gene; not a validated neutral biological background
61,Dlc1,15624,16,0.033088324917752,Scanpy 1.11.5; seed=42; ctrl_size=50; n_bins=25; use_raw=False; ctrl_as_ref=True; full gene pool,Algorithmic matched-control gene; not a validated neutral biological background
62,Dnajc25,7005,19,0.1481758710762617,Scanpy 1.11.5; seed=42; ctrl_size=50; n_bins=25; use_raw=False; ctrl_as_ref=True; full gene pool,Algorithmic matched-control gene; not a validated neutral biological background
63,Dus4l,22224,15,0.017393214394353717,Scanpy 1.11.5; seed=42; ctrl_size=50; n_bins=25; use_raw=False; ctrl_as_ref=True; full gene pool,Algorithmic matched-control gene; not a validated neutral biological background
64,Dusp28,777,15,0.023585968369497015,Scanpy 1.11.5; seed=42; ctrl_size=50; n_bins=25; use_raw=False; ctrl_as_ref=True; full gene pool,Algorithmic matched-control gene; not a validated neutral biological background
65,E2f6,22149,15,0.021106316816562585,Scanpy 1.11.5; seed=42; ctrl_size=50; n_bins=25; use_raw=False; ctrl_as_ref=True; full gene pool,Algorithmic matched-control gene; not a validated neutral biological background
66,Eif2b3,7464,19,0.11031732286208197,Scanpy 1.11.5; seed=42; ctrl_size=50; n_bins=25; use_raw=False; ctrl_as_ref=True; full gene pool,Algorithmic matched-control gene; not a validated neutral biological background
67,Eif2d,975,17,0.06610343414542633,Scanpy 1.11.5; seed=42; ctrl_size=50; n_bins=25; use_raw=False; ctrl_as_ref=True; full gene pool,Algorithmic matched-control gene; not a validated neutral biological background
68,Elk1,4210,15,0.018919101581048196,Scanpy 1.11.5; seed=42; ctrl_size=50; n_bins=25; use_raw=False; ctrl_as_ref=True; full gene pool,Algorithmic matched-control gene; not a validated neutral biological background
69,Eml6,19259,16,0.027731351395698725,Scanpy 1.11.5; seed=42; ctrl_size=50; n_bins=25; use_raw=False; ctrl_as_ref=True; full gene pool,Algorithmic matched-control gene; not a validated neutral biological background
70,Endov,20970,16,0.04533585168147343,Scanpy 1.11.5; seed=42; ctrl_size=50; n_bins=25; use_raw=False; ctrl_as_ref=True; full gene pool,Algorithmic matched-control gene; not a validated neutral biological background
71,Epb41l4aos,26615,20,0.16957179436834385,Scanpy 1.11.5; seed=42; ctrl_size=50; n_bins=25; use_raw=False; ctrl_as_ref=True; full gene pool,Algorithmic matched-control gene; not a validated neutral biological background
72,Exoc1,8917,19,0.12499019595373762,Scanpy 1.11.5; seed=42; ctrl_size=50; n_bins=25; use_raw=False; ctrl_as_ref=True; full gene pool,Algorithmic matched-control gene; not a validated neutral biological background
73,Exosc2,2100,17,0.050282672017291155,Scanpy 1.11.5; seed=42; ctrl_size=50; n_bins=25; use_raw=False; ctrl_as_ref=True; full gene pool,Algorithmic matched-control gene; not a validated neutral biological background
74,Exosc9,5334,19,0.11011774758926451,Scanpy 1.11.5; seed=42; ctrl_size=50; n_bins=25; use_raw=False; ctrl_as_ref=True; full gene pool,Algorithmic matched-control gene; not a validated neutral biological background
75,Eya4,14206,15,0.024823228243231497,Scanpy 1.11.5; seed=42; ctrl_size=50; n_bins=25; use_raw=False; ctrl_as_ref=True; full gene pool,Algorithmic matched-control gene; not a validated neutral biological background
76,Fam206a,6981,16,0.039865897704846276,Scanpy 1.11.5; seed=42; ctrl_size=50; n_bins=25; use_raw=False; ctrl_as_ref=True; full gene pool,Algorithmic matched-control gene; not a validated neutral biological background
77,Fam219b,18230,19,0.13946333644413073,Scanpy 1.11.5; seed=42; ctrl_size=50; n_bins=25; use_raw=False; ctrl_as_ref=True; full gene pool,Algorithmic matched-control gene; not a validated neutral biological background
78,Fbxo7,14836,19,0.12170276841093898,Scanpy 1.11.5; seed=42; ctrl_size=50; n_bins=25; use_raw=False; ctrl_as_ref=True; full gene pool,Algorithmic matched-control gene; not a validated neutral biological background
79,Fem1c,26813,20,0.17025526225558776,Scanpy 1.11.5; seed=42; ctrl_size=50; n_bins=25; use_raw=False; ctrl_as_ref=True; full gene pool,Algorithmic matched-control gene; not a validated neutral biological background
80,Fkbp14,10557,16,0.03044992482350067,Scanpy 1.11.5; seed=42; ctrl_size=50; n_bins=25; use_raw=False; ctrl_as_ref=True; full gene pool,Algorithmic matched-control gene; not a validated neutral biological background
81,Flt1,10018,15,0.01543633421278278,Scanpy 1.11.5; seed=42; ctrl_size=50; n_bins=25; use_raw=False; ctrl_as_ref=True; full gene pool,Algorithmic matched-control gene; not a validated neutral biological background
82,Flt3l,12633,15,0.01660878511769625,Scanpy 1.11.5; seed=42; ctrl_size=50; n_bins=25; use_raw=False; ctrl_as_ref=True; full gene pool,Algorithmic matched-control gene; not a validated neutral biological background
83,Foxo3,14335,20,0.20528424182395535,Scanpy 1.11.5; seed=42; ctrl_size=50; n_bins=25; use_raw=False; ctrl_as_ref=True; full gene pool,Algorithmic matched-control gene; not a validated neutral biological background
84,Fpgt,6555,16,0.03338862558731537,Scanpy 1.11.5; seed=42; ctrl_size=50; n_bins=25; use_raw=False; ctrl_as_ref=True; full gene pool,Algorithmic matched-control gene; not a validated neutral biological background
85,Gab3,4585,15,0.02151716763024543,Scanpy 1.11.5; seed=42; ctrl_size=50; n_bins=25; use_raw=False; ctrl_as_ref=True; full gene pool,Algorithmic matched-control gene; not a validated neutral biological background
86,Gabpb2,5904,19,0.11052106319847205,Scanpy 1.11.5; seed=42; ctrl_size=50; n_bins=25; use_raw=False; ctrl_as_ref=True; full gene pool,Algorithmic matched-control gene; not a validated neutral biological background
87,Ggct,10563,16,0.04012430139546025,Scanpy 1.11.5; seed=42; ctrl_size=50; n_bins=25; use_raw=False; ctrl_as_ref=True; full gene pool,Algorithmic matched-control gene; not a validated neutral biological background
88,Gimap9,10470,17,0.0636534659158357,Scanpy 1.11.5; seed=42; ctrl_size=50; n_bins=25; use_raw=False; ctrl_as_ref=True; full gene pool,Algorithmic matched-control gene; not a validated neutral biological background
89,Gm14698,4488,19,0.1296720420662478,Scanpy 1.11.5; seed=42; ctrl_size=50; n_bins=25; use_raw=False; ctrl_as_ref=True; full gene pool,Algorithmic matched-control gene; not a validated neutral biological background
90,Gm15706,11550,16,0.025819115230532874,Scanpy 1.11.5; seed=42; ctrl_size=50; n_bins=25; use_raw=False; ctrl_as_ref=True; full gene pool,Algorithmic matched-control gene; not a validated neutral biological background
91,Gm16124,18168,15,0.014789485556188845,Scanpy 1.11.5; seed=42; ctrl_size=50; n_bins=25; use_raw=False; ctrl_as_ref=True; full gene pool,Algorithmic matched-control gene; not a validated neutral biological background
92,Gm26698,22580,15,0.016129153827009458,Scanpy 1.11.5; seed=42; ctrl_size=50; n_bins=25; use_raw=False; ctrl_as_ref=True; full gene pool,Algorithmic matched-control gene; not a validated neutral biological background
93,Gm26759,16526,16,0.03556936965546992,Scanpy 1.11.5; seed=42; ctrl_size=50; n_bins=25; use_raw=False; ctrl_as_ref=True; full gene pool,Algorithmic matched-control gene; not a validated neutral biological background
94,Gm26802,11938,15,0.013487037883298462,Scanpy 1.11.5; seed=42; ctrl_size=50; n_bins=25; use_raw=False; ctrl_as_ref=True; full gene pool,Algorithmic matched-control gene; not a validated neutral biological background
95,Gm3636,16618,17,0.06723471261028227,Scanpy 1.11.5; seed=42; ctrl_size=50; n_bins=25; use_raw=False; ctrl_as_ref=True; full gene pool,Algorithmic matched-control gene; not a validated neutral biological background
96,Gm43672,5234,15,0.02302813759621214,Scanpy 1.11.5; seed=42; ctrl_size=50; n_bins=25; use_raw=False; ctrl_as_ref=True; full gene pool,Algorithmic matched-control gene; not a validated neutral biological background
97,Gm8186,24862,17,0.06211300928708155,Scanpy 1.11.5; seed=42; ctrl_size=50; n_bins=25; use_raw=False; ctrl_as_ref=True; full gene pool,Algorithmic matched-control gene; not a validated neutral biological background
98,Gm9949,26908,15,0.01647913095310963,Scanpy 1.11.5; seed=42; ctrl_size=50; n_bins=25; use_raw=False; ctrl_as_ref=True; full gene pool,Algorithmic matched-control gene; not a validated neutral biological background
99,Gpm6a,15710,16,0.034531724386664166,Scanpy 1.11.5; seed=42; ctrl_size=50; n_bins=25; use_raw=False; ctrl_as_ref=True; full gene pool,Algorithmic matched-control gene; not a validated neutral biological background
100,Gpr19,11443,15,0.014421299732680755,Scanpy 1.11.5; seed=42; ctrl_size=50; n_bins=25; use_raw=False; ctrl_as_ref=True; full gene pool,Algorithmic matched-control gene; not a validated neutral biological background
101,Gpt,23246,15,0.021858901573867395,Scanpy 1.11.5; seed=42; ctrl_size=50; n_bins=25; use_raw=False; ctrl_as_ref=True; full gene pool,Algorithmic matched-control gene; not a validated neutral biological background
102,Gramd3,26852,15,0.013984624282781022,Scanpy 1.11.5; seed=42; ctrl_size=50; n_bins=25; use_raw=False; ctrl_as_ref=True; full gene pool,Algorithmic matched-control gene; not a validated neutral biological background
103,Hat1,2417,19,0.1569621016642501,Scanpy 1.11.5; seed=42; ctrl_size=50; n_bins=25; use_raw=False; ctrl_as_ref=True; full gene pool,Algorithmic matched-control gene; not a validated neutral biological background
104,Hba-a2,19287,15,0.019240709904365504,Scanpy 1.11.5; seed=42; ctrl_size=50; n_bins=25; use_raw=False; ctrl_as_ref=True; full gene pool,Algorithmic matched-control gene; not a validated neutral biological background
105,Heatr3,16074,17,0.06536550991507047,Scanpy 1.11.5; seed=42; ctrl_size=50; n_bins=25; use_raw=False; ctrl_as_ref=True; full gene pool,Algorithmic matched-control gene; not a validated neutral biological background
106,Hist2h2aa1,5954,16,0.029759068709670922,Scanpy 1.11.5; seed=42; ctrl_size=50; n_bins=25; use_raw=False; ctrl_as_ref=True; full gene pool,Algorithmic matched-control gene; not a validated neutral biological background
107,Irf9,17179,20,0.21793333288287714,Scanpy 1.11.5; seed=42; ctrl_size=50; n_bins=25; use_raw=False; ctrl_as_ref=True; full gene pool,Algorithmic matched-control gene; not a validated neutral biological background
108,Jade3,4199,15,0.019834539910020054,Scanpy 1.11.5; seed=42; ctrl_size=50; n_bins=25; use_raw=False; ctrl_as_ref=True; full gene pool,Algorithmic matched-control gene; not a validated neutral biological background
109,Josd2,12590,20,0.20477342120408526,Scanpy 1.11.5; seed=42; ctrl_size=50; n_bins=25; use_raw=False; ctrl_as_ref=True; full gene pool,Algorithmic matched-control gene; not a validated neutral biological background
110,Kbtbd4,2811,16,0.03802638040308939,Scanpy 1.11.5; seed=42; ctrl_size=50; n_bins=25; use_raw=False; ctrl_as_ref=True; full gene pool,Algorithmic matched-control gene; not a validated neutral biological background
111,Kitl,14942,19,0.11145801205208758,Scanpy 1.11.5; seed=42; ctrl_size=50; n_bins=25; use_raw=False; ctrl_as_ref=True; full gene pool,Algorithmic matched-control gene; not a validated neutral biological background
112,L3hypdh,22402,15,0.015660392689811634,Scanpy 1.11.5; seed=42; ctrl_size=50; n_bins=25; use_raw=False; ctrl_as_ref=True; full gene pool,Algorithmic matched-control gene; not a validated neutral biological background
113,Lrrn1,11033,15,0.014195448539422334,Scanpy 1.11.5; seed=42; ctrl_size=50; n_bins=25; use_raw=False; ctrl_as_ref=True; full gene pool,Algorithmic matched-control gene; not a validated neutral biological background
114,Lsm7,14733,19,0.12667670720242336,Scanpy 1.11.5; seed=42; ctrl_size=50; n_bins=25; use_raw=False; ctrl_as_ref=True; full gene pool,Algorithmic matched-control gene; not a validated neutral biological background
115,Manba,6381,19,0.11000686415725479,Scanpy 1.11.5; seed=42; ctrl_size=50; n_bins=25; use_raw=False; ctrl_as_ref=True; full gene pool,Algorithmic matched-control gene; not a validated neutral biological background
116,Map10,16517,16,0.030277037423236966,Scanpy 1.11.5; seed=42; ctrl_size=50; n_bins=25; use_raw=False; ctrl_as_ref=True; full gene pool,Algorithmic matched-control gene; not a validated neutral biological background
117,Mccc2,21936,17,0.05586473907193308,Scanpy 1.11.5; seed=42; ctrl_size=50; n_bins=25; use_raw=False; ctrl_as_ref=True; full gene pool,Algorithmic matched-control gene; not a validated neutral biological background
118,Mcm3,95,20,0.18164133711822514,Scanpy 1.11.5; seed=42; ctrl_size=50; n_bins=25; use_raw=False; ctrl_as_ref=True; full gene pool,Algorithmic matched-control gene; not a validated neutral biological background
119,Mfap1a,3152,20,0.18692036888651473,Scanpy 1.11.5; seed=42; ctrl_size=50; n_bins=25; use_raw=False; ctrl_as_ref=True; full gene pool,Algorithmic matched-control gene; not a validated neutral biological background
120,Mical3,11184,17,0.05751426157513397,Scanpy 1.11.5; seed=42; ctrl_size=50; n_bins=25; use_raw=False; ctrl_as_ref=True; full gene pool,Algorithmic matched-control gene; not a validated neutral biological background
121,Mink1,19885,19,0.12464296379498202,Scanpy 1.11.5; seed=42; ctrl_size=50; n_bins=25; use_raw=False; ctrl_as_ref=True; full gene pool,Algorithmic matched-control gene; not a validated neutral biological background
122,Mks1,20254,17,0.047817645799416636,Scanpy 1.11.5; seed=42; ctrl_size=50; n_bins=25; use_raw=False; ctrl_as_ref=True; full gene pool,Algorithmic matched-control gene; not a validated neutral biological background
123,Mmadhc,2279,20,0.1877226777129121,Scanpy 1.11.5; seed=42; ctrl_size=50; n_bins=25; use_raw=False; ctrl_as_ref=True; full gene pool,Algorithmic matched-control gene; not a validated neutral biological background
124,Mmp28,20177,15,0.012766311101068588,Scanpy 1.11.5; seed=42; ctrl_size=50; n_bins=25; use_raw=False; ctrl_as_ref=True; full gene pool,Algorithmic matched-control gene; not a validated neutral biological background
125,Mplkip,21130,20,0.2223213391426282,Scanpy 1.11.5; seed=42; ctrl_size=50; n_bins=25; use_raw=False; ctrl_as_ref=True; full gene pool,Algorithmic matched-control gene; not a validated neutral biological background
126,Mrpl2,25383,20,0.2009455207697395,Scanpy 1.11.5; seed=42; ctrl_size=50; n_bins=25; use_raw=False; ctrl_as_ref=True; full gene pool,Algorithmic matched-control gene; not a validated neutral biological background
127,Mrpl35,10692,20,0.16971108800535883,Scanpy 1.11.5; seed=42; ctrl_size=50; n_bins=25; use_raw=False; ctrl_as_ref=True; full gene pool,Algorithmic matched-control gene; not a validated neutral biological background
128,Mrpl47,5293,17,0.05204932968808294,Scanpy 1.11.5; seed=42; ctrl_size=50; n_bins=25; use_raw=False; ctrl_as_ref=True; full gene pool,Algorithmic matched-control gene; not a validated neutral biological background
129,Msra,17321,17,0.06332178029158823,Scanpy 1.11.5; seed=42; ctrl_size=50; n_bins=25; use_raw=False; ctrl_as_ref=True; full gene pool,Algorithmic matched-control gene; not a validated neutral biological background
130,Mtap,7194,19,0.11534428133956129,Scanpy 1.11.5; seed=42; ctrl_size=50; n_bins=25; use_raw=False; ctrl_as_ref=True; full gene pool,Algorithmic matched-control gene; not a validated neutral biological background
131,Mtx3,21859,16,0.030787005157325794,Scanpy 1.11.5; seed=42; ctrl_size=50; n_bins=25; use_raw=False; ctrl_as_ref=True; full gene pool,Algorithmic matched-control gene; not a validated neutral biological background
132,N4bp3,19475,16,0.025835876920268196,Scanpy 1.11.5; seed=42; ctrl_size=50; n_bins=25; use_raw=False; ctrl_as_ref=True; full gene pool,Algorithmic matched-control gene; not a validated neutral biological background
133,Nagk,10802,20,0.1836208104925553,Scanpy 1.11.5; seed=42; ctrl_size=50; n_bins=25; use_raw=False; ctrl_as_ref=True; full gene pool,Algorithmic matched-control gene; not a validated neutral biological background
134,Nbea,5451,19,0.11147742141394486,Scanpy 1.11.5; seed=42; ctrl_size=50; n_bins=25; use_raw=False; ctrl_as_ref=True; full gene pool,Algorithmic matched-control gene; not a validated neutral biological background
135,Ncbp2,24072,20,0.16076628690560982,Scanpy 1.11.5; seed=42; ctrl_size=50; n_bins=25; use_raw=False; ctrl_as_ref=True; full gene pool,Algorithmic matched-control gene; not a validated neutral biological background
136,Ncoa4,16830,16,0.030725243392072818,Scanpy 1.11.5; seed=42; ctrl_size=50; n_bins=25; use_raw=False; ctrl_as_ref=True; full gene pool,Algorithmic matched-control gene; not a validated neutral biological background
137,Nelfe,25109,20,0.1778607345827398,Scanpy 1.11.5; seed=42; ctrl_size=50; n_bins=25; use_raw=False; ctrl_as_ref=True; full gene pool,Algorithmic matched-control gene; not a validated neutral biological background
138,Nexn,6529,15,0.012106864783256385,Scanpy 1.11.5; seed=42; ctrl_size=50; n_bins=25; use_raw=False; ctrl_as_ref=True; full gene pool,Algorithmic matched-control gene; not a validated neutral biological background
139,Nfs1,3625,19,0.1306317952639567,Scanpy 1.11.5; seed=42; ctrl_size=50; n_bins=25; use_raw=False; ctrl_as_ref=True; full gene pool,Algorithmic matched-control gene; not a validated neutral biological background
140,Nipsnap1,19087,15,0.023554829758036137,Scanpy 1.11.5; seed=42; ctrl_size=50; n_bins=25; use_raw=False; ctrl_as_ref=True; full gene pool,Algorithmic matched-control gene; not a validated neutral biological background
141,Nmrk1,27453,16,0.03374274707587696,Scanpy 1.11.5; seed=42; ctrl_size=50; n_bins=25; use_raw=False; ctrl_as_ref=True; full gene pool,Algorithmic matched-control gene; not a validated neutral biological background
142,Nudt5,1757,19,0.14017003925858093,Scanpy 1.11.5; seed=42; ctrl_size=50; n_bins=25; use_raw=False; ctrl_as_ref=True; full gene pool,Algorithmic matched-control gene; not a validated neutral biological background
143,Nup85,20855,17,0.0638464292537372,Scanpy 1.11.5; seed=42; ctrl_size=50; n_bins=25; use_raw=False; ctrl_as_ref=True; full gene pool,Algorithmic matched-control gene; not a validated neutral biological background
144,Opa3,11933,19,0.14596017318185286,Scanpy 1.11.5; seed=42; ctrl_size=50; n_bins=25; use_raw=False; ctrl_as_ref=True; full gene pool,Algorithmic matched-control gene; not a validated neutral biological background
145,Opalin,27634,16,0.029423275984962183,Scanpy 1.11.5; seed=42; ctrl_size=50; n_bins=25; use_raw=False; ctrl_as_ref=True; full gene pool,Algorithmic matched-control gene; not a validated neutral biological background
146,Osbpl3,10500,16,0.03204695551904211,Scanpy 1.11.5; seed=42; ctrl_size=50; n_bins=25; use_raw=False; ctrl_as_ref=True; full gene pool,Algorithmic matched-control gene; not a validated neutral biological background
147,Osgepl1,327,17,0.05025270922894621,Scanpy 1.11.5; seed=42; ctrl_size=50; n_bins=25; use_raw=False; ctrl_as_ref=True; full gene pool,Algorithmic matched-control gene; not a validated neutral biological background
148,Otud5,4100,20,0.22423398933001798,Scanpy 1.11.5; seed=42; ctrl_size=50; n_bins=25; use_raw=False; ctrl_as_ref=True; full gene pool,Algorithmic matched-control gene; not a validated neutral biological background
149,Oxsm,16677,16,0.04039928253591991,Scanpy 1.11.5; seed=42; ctrl_size=50; n_bins=25; use_raw=False; ctrl_as_ref=True; full gene pool,Algorithmic matched-control gene; not a validated neutral biological background
150,Oxsr1,18953,17,0.06348733949848859,Scanpy 1.11.5; seed=42; ctrl_size=50; n_bins=25; use_raw=False; ctrl_as_ref=True; full gene pool,Algorithmic matched-control gene; not a validated neutral biological background
151,Pacs1,27139,19,0.14584946363917717,Scanpy 1.11.5; seed=42; ctrl_size=50; n_bins=25; use_raw=False; ctrl_as_ref=True; full gene pool,Algorithmic matched-control gene; not a validated neutral biological background
152,Pcgf6,27748,16,0.04255403221874576,Scanpy 1.11.5; seed=42; ctrl_size=50; n_bins=25; use_raw=False; ctrl_as_ref=True; full gene pool,Algorithmic matched-control gene; not a validated neutral biological background
153,Pdxdc1,23859,20,0.1664619575182726,Scanpy 1.11.5; seed=42; ctrl_size=50; n_bins=25; use_raw=False; ctrl_as_ref=True; full gene pool,Algorithmic matched-control gene; not a validated neutral biological background
154,Pecam1,20734,17,0.059773758880611094,Scanpy 1.11.5; seed=42; ctrl_size=50; n_bins=25; use_raw=False; ctrl_as_ref=True; full gene pool,Algorithmic matched-control gene; not a validated neutral biological background
155,Peo1,27700,17,0.07041946678177147,Scanpy 1.11.5; seed=42; ctrl_size=50; n_bins=25; use_raw=False; ctrl_as_ref=True; full gene pool,Algorithmic matched-control gene; not a validated neutral biological background
156,Per2,748,16,0.02598698261133157,Scanpy 1.11.5; seed=42; ctrl_size=50; n_bins=25; use_raw=False; ctrl_as_ref=True; full gene pool,Algorithmic matched-control gene; not a validated neutral biological background
157,Phf7,16814,17,0.048788747346283155,Scanpy 1.11.5; seed=42; ctrl_size=50; n_bins=25; use_raw=False; ctrl_as_ref=True; full gene pool,Algorithmic matched-control gene; not a validated neutral biological background
158,Pitpnb,9316,20,0.20450950687767094,Scanpy 1.11.5; seed=42; ctrl_size=50; n_bins=25; use_raw=False; ctrl_as_ref=True; full gene pool,Algorithmic matched-control gene; not a validated neutral biological background
159,Plpp6,27511,17,0.049578126258627564,Scanpy 1.11.5; seed=42; ctrl_size=50; n_bins=25; use_raw=False; ctrl_as_ref=True; full gene pool,Algorithmic matched-control gene; not a validated neutral biological background
160,Plrg1,5611,19,0.13341139142734196,Scanpy 1.11.5; seed=42; ctrl_size=50; n_bins=25; use_raw=False; ctrl_as_ref=True; full gene pool,Algorithmic matched-control gene; not a validated neutral biological background
161,Pnkp,12612,20,0.20369457865388854,Scanpy 1.11.5; seed=42; ctrl_size=50; n_bins=25; use_raw=False; ctrl_as_ref=True; full gene pool,Algorithmic matched-control gene; not a validated neutral biological background
162,Pold1,12596,16,0.03796804467173933,Scanpy 1.11.5; seed=42; ctrl_size=50; n_bins=25; use_raw=False; ctrl_as_ref=True; full gene pool,Algorithmic matched-control gene; not a validated neutral biological background
163,Ppp1r14a,12287,17,0.051198220062152355,Scanpy 1.11.5; seed=42; ctrl_size=50; n_bins=25; use_raw=False; ctrl_as_ref=True; full gene pool,Algorithmic matched-control gene; not a validated neutral biological background
164,Psme4,19265,20,0.16190261230137531,Scanpy 1.11.5; seed=42; ctrl_size=50; n_bins=25; use_raw=False; ctrl_as_ref=True; full gene pool,Algorithmic matched-control gene; not a validated neutral biological background
165,Pus1,9310,19,0.15527900195868946,Scanpy 1.11.5; seed=42; ctrl_size=50; n_bins=25; use_raw=False; ctrl_as_ref=True; full gene pool,Algorithmic matched-control gene; not a validated neutral biological background
166,Pxdc1,21390,19,0.15699487566349546,Scanpy 1.11.5; seed=42; ctrl_size=50; n_bins=25; use_raw=False; ctrl_as_ref=True; full gene pool,Algorithmic matched-control gene; not a validated neutral biological background
167,Pyroxd2,27664,16,0.030120454218151158,Scanpy 1.11.5; seed=42; ctrl_size=50; n_bins=25; use_raw=False; ctrl_as_ref=True; full gene pool,Algorithmic matched-control gene; not a validated neutral biological background
168,Rc3h1,1256,20,0.21438552676345646,Scanpy 1.11.5; seed=42; ctrl_size=50; n_bins=25; use_raw=False; ctrl_as_ref=True; full gene pool,Algorithmic matched-control gene; not a validated neutral biological background
169,Rev3l,14299,17,0.06095603246278702,Scanpy 1.11.5; seed=42; ctrl_size=50; n_bins=25; use_raw=False; ctrl_as_ref=True; full gene pool,Algorithmic matched-control gene; not a validated neutral biological background
170,Rfx1,15992,17,0.05848171558620777,Scanpy 1.11.5; seed=42; ctrl_size=50; n_bins=25; use_raw=False; ctrl_as_ref=True; full gene pool,Algorithmic matched-control gene; not a validated neutral biological background
171,Rhot1,20127,20,0.2101697537488553,Scanpy 1.11.5; seed=42; ctrl_size=50; n_bins=25; use_raw=False; ctrl_as_ref=True; full gene pool,Algorithmic matched-control gene; not a validated neutral biological background
172,Rnase10,17060,15,0.011630679192528151,Scanpy 1.11.5; seed=42; ctrl_size=50; n_bins=25; use_raw=False; ctrl_as_ref=True; full gene pool,Algorithmic matched-control gene; not a validated neutral biological background
173,Rnf219,17511,16,0.043276749412817124,Scanpy 1.11.5; seed=42; ctrl_size=50; n_bins=25; use_raw=False; ctrl_as_ref=True; full gene pool,Algorithmic matched-control gene; not a validated neutral biological background
174,Rps6ka3,5067,20,0.17816437848176128,Scanpy 1.11.5; seed=42; ctrl_size=50; n_bins=25; use_raw=False; ctrl_as_ref=True; full gene pool,Algorithmic matched-control gene; not a validated neutral biological background
175,Sbsn,12358,15,0.012433904043095937,Scanpy 1.11.5; seed=42; ctrl_size=50; n_bins=25; use_raw=False; ctrl_as_ref=True; full gene pool,Algorithmic matched-control gene; not a validated neutral biological background
176,Sc5d,18010,17,0.055462802156731196,Scanpy 1.11.5; seed=42; ctrl_size=50; n_bins=25; use_raw=False; ctrl_as_ref=True; full gene pool,Algorithmic matched-control gene; not a validated neutral biological background
177,Scly,740,17,0.06540624970190399,Scanpy 1.11.5; seed=42; ctrl_size=50; n_bins=25; use_raw=False; ctrl_as_ref=True; full gene pool,Algorithmic matched-control gene; not a validated neutral biological background
178,Sdk1,9902,16,0.043581618817621424,Scanpy 1.11.5; seed=42; ctrl_size=50; n_bins=25; use_raw=False; ctrl_as_ref=True; full gene pool,Algorithmic matched-control gene; not a validated neutral biological background
179,Sec24d,6281,16,0.04710154882070572,Scanpy 1.11.5; seed=42; ctrl_size=50; n_bins=25; use_raw=False; ctrl_as_ref=True; full gene pool,Algorithmic matched-control gene; not a validated neutral biological background
180,Setd1a,13780,17,0.07116112963280932,Scanpy 1.11.5; seed=42; ctrl_size=50; n_bins=25; use_raw=False; ctrl_as_ref=True; full gene pool,Algorithmic matched-control gene; not a validated neutral biological background
181,Setdb2,17258,15,0.018438883413859,Scanpy 1.11.5; seed=42; ctrl_size=50; n_bins=25; use_raw=False; ctrl_as_ref=True; full gene pool,Algorithmic matched-control gene; not a validated neutral biological background
182,Sfxn5,10817,16,0.02847805496731278,Scanpy 1.11.5; seed=42; ctrl_size=50; n_bins=25; use_raw=False; ctrl_as_ref=True; full gene pool,Algorithmic matched-control gene; not a validated neutral biological background
183,Sgsm2,19994,16,0.0450182883552838,Scanpy 1.11.5; seed=42; ctrl_size=50; n_bins=25; use_raw=False; ctrl_as_ref=True; full gene pool,Algorithmic matched-control gene; not a validated neutral biological background
184,Sh2d1b1,1378,15,0.015654239284508653,Scanpy 1.11.5; seed=42; ctrl_size=50; n_bins=25; use_raw=False; ctrl_as_ref=True; full gene pool,Algorithmic matched-control gene; not a validated neutral biological background
185,Sidt2,18089,20,0.2102341921677859,Scanpy 1.11.5; seed=42; ctrl_size=50; n_bins=25; use_raw=False; ctrl_as_ref=True; full gene pool,Algorithmic matched-control gene; not a validated neutral biological background
186,Slamf1,1426,17,0.05759175411478471,Scanpy 1.11.5; seed=42; ctrl_size=50; n_bins=25; use_raw=False; ctrl_as_ref=True; full gene pool,Algorithmic matched-control gene; not a validated neutral biological background
187,Slc22a21,19522,15,0.013492785546822005,Scanpy 1.11.5; seed=42; ctrl_size=50; n_bins=25; use_raw=False; ctrl_as_ref=True; full gene pool,Algorithmic matched-control gene; not a validated neutral biological background
188,Slc25a16,14476,17,0.05358931847172407,Scanpy 1.11.5; seed=42; ctrl_size=50; n_bins=25; use_raw=False; ctrl_as_ref=True; full gene pool,Algorithmic matched-control gene; not a validated neutral biological background
189,Slc2a12,14203,17,0.07356198654619879,Scanpy 1.11.5; seed=42; ctrl_size=50; n_bins=25; use_raw=False; ctrl_as_ref=True; full gene pool,Algorithmic matched-control gene; not a validated neutral biological background
190,Smim8,6735,19,0.11661893984078228,Scanpy 1.11.5; seed=42; ctrl_size=50; n_bins=25; use_raw=False; ctrl_as_ref=True; full gene pool,Algorithmic matched-control gene; not a validated neutral biological background
191,Sorl1,18008,19,0.12058634092325499,Scanpy 1.11.5; seed=42; ctrl_size=50; n_bins=25; use_raw=False; ctrl_as_ref=True; full gene pool,Algorithmic matched-control gene; not a validated neutral biological background
192,Sp100,642,19,0.11158855325928893,Scanpy 1.11.5; seed=42; ctrl_size=50; n_bins=25; use_raw=False; ctrl_as_ref=True; full gene pool,Algorithmic matched-control gene; not a validated neutral biological background
193,Spen,7983,20,0.18690564625623218,Scanpy 1.11.5; seed=42; ctrl_size=50; n_bins=25; use_raw=False; ctrl_as_ref=True; full gene pool,Algorithmic matched-control gene; not a validated neutral biological background
194,Sptbn1,19261,16,0.043919614140561405,Scanpy 1.11.5; seed=42; ctrl_size=50; n_bins=25; use_raw=False; ctrl_as_ref=True; full gene pool,Algorithmic matched-control gene; not a validated neutral biological background
195,Srbd1,25686,17,0.06674534662205561,Scanpy 1.11.5; seed=42; ctrl_size=50; n_bins=25; use_raw=False; ctrl_as_ref=True; full gene pool,Algorithmic matched-control gene; not a validated neutral biological background
196,St3gal1,23141,15,0.019220683649394586,Scanpy 1.11.5; seed=42; ctrl_size=50; n_bins=25; use_raw=False; ctrl_as_ref=True; full gene pool,Algorithmic matched-control gene; not a validated neutral biological background
197,Sufu,27737,17,0.07252283216638686,Scanpy 1.11.5; seed=42; ctrl_size=50; n_bins=25; use_raw=False; ctrl_as_ref=True; full gene pool,Algorithmic matched-control gene; not a validated neutral biological background
198,Tango6,16270,15,0.017949306274298138,Scanpy 1.11.5; seed=42; ctrl_size=50; n_bins=25; use_raw=False; ctrl_as_ref=True; full gene pool,Algorithmic matched-control gene; not a validated neutral biological background
199,Tapbpl,11283,20,0.21594340958761532,Scanpy 1.11.5; seed=42; ctrl_size=50; n_bins=25; use_raw=False; ctrl_as_ref=True; full gene pool,Algorithmic matched-control gene; not a validated neutral biological background
200,Tbx6,13714,15,0.01664637316035021,Scanpy 1.11.5; seed=42; ctrl_size=50; n_bins=25; use_raw=False; ctrl_as_ref=True; full gene pool,Algorithmic matched-control gene; not a validated neutral biological background
201,Tex30,278,19,0.14195955923657747,Scanpy 1.11.5; seed=42; ctrl_size=50; n_bins=25; use_raw=False; ctrl_as_ref=True; full gene pool,Algorithmic matched-control gene; not a validated neutral biological background
202,Tfb2m,1535,16,0.04389117081377823,Scanpy 1.11.5; seed=42; ctrl_size=50; n_bins=25; use_raw=False; ctrl_as_ref=True; full gene pool,Algorithmic matched-control gene; not a validated neutral biological background
203,Tfrc,24090,17,0.06763609887592635,Scanpy 1.11.5; seed=42; ctrl_size=50; n_bins=25; use_raw=False; ctrl_as_ref=True; full gene pool,Algorithmic matched-control gene; not a validated neutral biological background
204,Timm9,22396,19,0.11404109670711234,Scanpy 1.11.5; seed=42; ctrl_size=50; n_bins=25; use_raw=False; ctrl_as_ref=True; full gene pool,Algorithmic matched-control gene; not a validated neutral biological background
205,Tk2,16176,20,0.2151428396545584,Scanpy 1.11.5; seed=42; ctrl_size=50; n_bins=25; use_raw=False; ctrl_as_ref=True; full gene pool,Algorithmic matched-control gene; not a validated neutral biological background
206,Tmem140,10302,20,0.16321905392543412,Scanpy 1.11.5; seed=42; ctrl_size=50; n_bins=25; use_raw=False; ctrl_as_ref=True; full gene pool,Algorithmic matched-control gene; not a validated neutral biological background
207,Tmem177,899,16,0.03034978940842385,Scanpy 1.11.5; seed=42; ctrl_size=50; n_bins=25; use_raw=False; ctrl_as_ref=True; full gene pool,Algorithmic matched-control gene; not a validated neutral biological background
208,Tmem199,20092,20,0.16091757062622947,Scanpy 1.11.5; seed=42; ctrl_size=50; n_bins=25; use_raw=False; ctrl_as_ref=True; full gene pool,Algorithmic matched-control gene; not a validated neutral biological background
209,Tmem67,6639,15,0.018467722131866014,Scanpy 1.11.5; seed=42; ctrl_size=50; n_bins=25; use_raw=False; ctrl_as_ref=True; full gene pool,Algorithmic matched-control gene; not a validated neutral biological background
210,Tnip1,19541,17,0.07038711508519452,Scanpy 1.11.5; seed=42; ctrl_size=50; n_bins=25; use_raw=False; ctrl_as_ref=True; full gene pool,Algorithmic matched-control gene; not a validated neutral biological background
211,Tomm40l,1398,17,0.06554664049781238,Scanpy 1.11.5; seed=42; ctrl_size=50; n_bins=25; use_raw=False; ctrl_as_ref=True; full gene pool,Algorithmic matched-control gene; not a validated neutral biological background
212,Tpcn1,9495,20,0.2232179622316341,Scanpy 1.11.5; seed=42; ctrl_size=50; n_bins=25; use_raw=False; ctrl_as_ref=True; full gene pool,Algorithmic matched-control gene; not a validated neutral biological background
213,Trappc5,15279,20,0.16338517620255902,Scanpy 1.11.5; seed=42; ctrl_size=50; n_bins=25; use_raw=False; ctrl_as_ref=True; full gene pool,Algorithmic matched-control gene; not a validated neutral biological background
214,Triap1,9414,20,0.19706109802138447,Scanpy 1.11.5; seed=42; ctrl_size=50; n_bins=25; use_raw=False; ctrl_as_ref=True; full gene pool,Algorithmic matched-control gene; not a validated neutral biological background
215,Trim32,7083,17,0.05585889307813136,Scanpy 1.11.5; seed=42; ctrl_size=50; n_bins=25; use_raw=False; ctrl_as_ref=True; full gene pool,Algorithmic matched-control gene; not a validated neutral biological background
216,Tsr2,5009,17,0.053569445404976004,Scanpy 1.11.5; seed=42; ctrl_size=50; n_bins=25; use_raw=False; ctrl_as_ref=True; full gene pool,Algorithmic matched-control gene; not a validated neutral biological background
217,Ttc19,19701,20,0.17509150553584146,Scanpy 1.11.5; seed=42; ctrl_size=50; n_bins=25; use_raw=False; ctrl_as_ref=True; full gene pool,Algorithmic matched-control gene; not a validated neutral biological background
218,Ttc38,23456,17,0.05116614162024318,Scanpy 1.11.5; seed=42; ctrl_size=50; n_bins=25; use_raw=False; ctrl_as_ref=True; full gene pool,Algorithmic matched-control gene; not a validated neutral biological background
219,Ttyh2,20815,16,0.04175807863348553,Scanpy 1.11.5; seed=42; ctrl_size=50; n_bins=25; use_raw=False; ctrl_as_ref=True; full gene pool,Algorithmic matched-control gene; not a validated neutral biological background
220,Tusc2,18759,19,0.12799536798560235,Scanpy 1.11.5; seed=42; ctrl_size=50; n_bins=25; use_raw=False; ctrl_as_ref=True; full gene pool,Algorithmic matched-control gene; not a validated neutral biological background
221,Tyw3,6550,16,0.02681348275627247,Scanpy 1.11.5; seed=42; ctrl_size=50; n_bins=25; use_raw=False; ctrl_as_ref=True; full gene pool,Algorithmic matched-control gene; not a validated neutral biological background
222,Ube2v1,3834,16,0.03438206984349562,Scanpy 1.11.5; seed=42; ctrl_size=50; n_bins=25; use_raw=False; ctrl_as_ref=True; full gene pool,Algorithmic matched-control gene; not a validated neutral biological background
223,Ubox5,3289,15,0.01436064133665452,Scanpy 1.11.5; seed=42; ctrl_size=50; n_bins=25; use_raw=False; ctrl_as_ref=True; full gene pool,Algorithmic matched-control gene; not a validated neutral biological background
224,Ubqln2,5032,20,0.20754670766877797,Scanpy 1.11.5; seed=42; ctrl_size=50; n_bins=25; use_raw=False; ctrl_as_ref=True; full gene pool,Algorithmic matched-control gene; not a validated neutral biological background
225,Usp18,11190,16,0.036323569099448005,Scanpy 1.11.5; seed=42; ctrl_size=50; n_bins=25; use_raw=False; ctrl_as_ref=True; full gene pool,Algorithmic matched-control gene; not a validated neutral biological background
226,Usp4,18804,20,0.21752394770786698,Scanpy 1.11.5; seed=42; ctrl_size=50; n_bins=25; use_raw=False; ctrl_as_ref=True; full gene pool,Algorithmic matched-control gene; not a validated neutral biological background
227,Vamp7,27879,19,0.1310432008674196,Scanpy 1.11.5; seed=42; ctrl_size=50; n_bins=25; use_raw=False; ctrl_as_ref=True; full gene pool,Algorithmic matched-control gene; not a validated neutral biological background
228,Vegfa,25358,15,0.02007752955323756,Scanpy 1.11.5; seed=42; ctrl_size=50; n_bins=25; use_raw=False; ctrl_as_ref=True; full gene pool,Algorithmic matched-control gene; not a validated neutral biological background
229,Vezt,14904,17,0.06383615736236178,Scanpy 1.11.5; seed=42; ctrl_size=50; n_bins=25; use_raw=False; ctrl_as_ref=True; full gene pool,Algorithmic matched-control gene; not a validated neutral biological background
230,Vim,1813,17,0.05599685770380757,Scanpy 1.11.5; seed=42; ctrl_size=50; n_bins=25; use_raw=False; ctrl_as_ref=True; full gene pool,Algorithmic matched-control gene; not a validated neutral biological background
231,Wdpcp,19196,15,0.023724303545063635,Scanpy 1.11.5; seed=42; ctrl_size=50; n_bins=25; use_raw=False; ctrl_as_ref=True; full gene pool,Algorithmic matched-control gene; not a validated neutral biological background
232,Wdr19,8808,15,0.011743212503100198,Scanpy 1.11.5; seed=42; ctrl_size=50; n_bins=25; use_raw=False; ctrl_as_ref=True; full gene pool,Algorithmic matched-control gene; not a validated neutral biological background
233,Wdr59,16334,15,0.014112138987525544,Scanpy 1.11.5; seed=42; ctrl_size=50; n_bins=25; use_raw=False; ctrl_as_ref=True; full gene pool,Algorithmic matched-control gene; not a validated neutral biological background
234,Wfdc17,20186,17,0.0547604548560766,Scanpy 1.11.5; seed=42; ctrl_size=50; n_bins=25; use_raw=False; ctrl_as_ref=True; full gene pool,Algorithmic matched-control gene; not a validated neutral biological background
235,Xpr1,1208,20,0.1946834677547568,Scanpy 1.11.5; seed=42; ctrl_size=50; n_bins=25; use_raw=False; ctrl_as_ref=True; full gene pool,Algorithmic matched-control gene; not a validated neutral biological background
236,Xylt2,20321,16,0.04059227071515483,Scanpy 1.11.5; seed=42; ctrl_size=50; n_bins=25; use_raw=False; ctrl_as_ref=True; full gene pool,Algorithmic matched-control gene; not a validated neutral biological background
237,Zbed4,23468,16,0.04075708054182989,Scanpy 1.11.5; seed=42; ctrl_size=50; n_bins=25; use_raw=False; ctrl_as_ref=True; full gene pool,Algorithmic matched-control gene; not a validated neutral biological background
238,Zbed5,9679,15,0.017798413804680082,Scanpy 1.11.5; seed=42; ctrl_size=50; n_bins=25; use_raw=False; ctrl_as_ref=True; full gene pool,Algorithmic matched-control gene; not a validated neutral biological background
239,Zc3h11a,1026,19,0.12772409234404677,Scanpy 1.11.5; seed=42; ctrl_size=50; n_bins=25; use_raw=False; ctrl_as_ref=True; full gene pool,Algorithmic matched-control gene; not a validated neutral biological background
240,Zc3h12b,4675,15,0.012461700460154237,Scanpy 1.11.5; seed=42; ctrl_size=50; n_bins=25; use_raw=False; ctrl_as_ref=True; full gene pool,Algorithmic matched-control gene; not a validated neutral biological background
241,Zc3h13,17436,20,0.22647742671342933,Scanpy 1.11.5; seed=42; ctrl_size=50; n_bins=25; use_raw=False; ctrl_as_ref=True; full gene pool,Algorithmic matched-control gene; not a validated neutral biological background
242,Zfp316,9923,16,0.03392635765174014,Scanpy 1.11.5; seed=42; ctrl_size=50; n_bins=25; use_raw=False; ctrl_as_ref=True; full gene pool,Algorithmic matched-control gene; not a validated neutral biological background
243,Zfp318,25372,19,0.12060132852776081,Scanpy 1.11.5; seed=42; ctrl_size=50; n_bins=25; use_raw=False; ctrl_as_ref=True; full gene pool,Algorithmic matched-control gene; not a validated neutral biological background
244,Zfp446,11811,15,0.020834838304117274,Scanpy 1.11.5; seed=42; ctrl_size=50; n_bins=25; use_raw=False; ctrl_as_ref=True; full gene pool,Algorithmic matched-control gene; not a validated neutral biological background
245,Zfp609,18340,17,0.06222762719955103,Scanpy 1.11.5; seed=42; ctrl_size=50; n_bins=25; use_raw=False; ctrl_as_ref=True; full gene pool,Algorithmic matched-control gene; not a validated neutral biological background
246,Zfp747,13754,17,0.06329959284060846,Scanpy 1.11.5; seed=42; ctrl_size=50; n_bins=25; use_raw=False; ctrl_as_ref=True; full gene pool,Algorithmic matched-control gene; not a validated neutral biological background
247,Zfp790,12296,16,0.028486227766012923,Scanpy 1.11.5; seed=42; ctrl_size=50; n_bins=25; use_raw=False; ctrl_as_ref=True; full gene pool,Algorithmic matched-control gene; not a validated neutral biological background
248,Zkscan5,9971,16,0.028817000471256658,Scanpy 1.11.5; seed=42; ctrl_size=50; n_bins=25; use_raw=False; ctrl_as_ref=True; full gene pool,Algorithmic matched-control gene; not a validated neutral biological background
249,Zrsr1,19210,16,0.0393241289237383,Scanpy 1.11.5; seed=42; ctrl_size=50; n_bins=25; use_raw=False; ctrl_as_ref=True; full gene pool,Algorithmic matched-control gene; not a validated neutral biological background
