outcome_type,outcome,dropped_animal,dropped_group,n_combined_exposure,n_oxygen_control,combined_exposure_mean,oxygen_control_mean,mean_difference,mean_difference_ci95_low,mean_difference_ci95_high,cohens_d,exact_permutation_p,perfect_group_separation,sign_matches_full
gene,Irf7,(none),NA,3,3,3.675359940742555,2.536607921016485,1.1387520197260699,-2.558541081349739,4.836045120801879,1.0724464240869325,0.4,FALSE,TRUE
gene,Irf7,C1,Oxygen control,3,2,3.675359940742555,2.537893846407953,1.1374660943346018,-2.5143550777479016,4.789287266417105,0.9277180675203801,NA,FALSE,TRUE
gene,Irf7,C2,Oxygen control,3,2,3.675359940742555,2.4846871285103536,1.1906728122322012,-2.5139966996549727,4.895342324119375,0.9728585614751509,NA,FALSE,TRUE
gene,Irf7,C3,Oxygen control,3,2,3.675359940742555,2.5872427881311486,1.0881171526114062,-2.613848359974288,4.790082665197101,0.8889855293319656,NA,FALSE,TRUE
gene,Irf7,S1,Combined exposure,2,3,3.7935146970174394,2.536607921016485,1.2569067760009545,-17.47429595799109,19.988109509992995,1.0347875294432796,NA,FALSE,TRUE
gene,Irf7,S2,Combined exposure,2,3,4.358331536141382,2.536607921016485,1.8217236151248968,-9.657560606685559,13.301007836935353,2.412085141412604,NA,TRUE,TRUE
gene,Irf7,S3,Combined exposure,2,3,2.8742335890688437,2.536607921016485,0.33762566805235883,-6.520727648567346,7.195978984672063,0.720321811338284,NA,FALSE,TRUE
gene,Ifitm3,(none),NA,3,3,5.352391577871177,4.456653531639148,0.8957380462320286,-3.090738771387011,4.882214863851068,0.6629104102561197,0.6,FALSE,TRUE
gene,Ifitm3,C1,Oxygen control,3,2,5.352391577871177,4.780651072287444,0.5717405055837324,-3.6108194014853083,4.754300412652773,0.38334339103119763,NA,FALSE,TRUE
gene,Ifitm3,C2,Oxygen control,3,2,5.352391577871177,4.163706322658675,1.1886852552125013,-2.841166083012676,5.218536593437679,0.7902194399792861,NA,FALSE,TRUE
gene,Ifitm3,C3,Oxygen control,3,2,5.352391577871177,4.425603199971324,0.9267883778998529,-2.986649999819606,4.840226755619312,0.5942334510614672,NA,FALSE,TRUE
gene,Ifitm3,S1,Combined exposure,2,3,5.681122114387488,4.456653531639148,1.2244685827483401,-17.219027584274443,19.667964749771123,0.8221303143666483,NA,FALSE,TRUE
gene,Ifitm3,S2,Combined exposure,2,3,6.045914480796664,4.456653531639148,1.5892609491575156,-11.708651755602528,14.887173653917557,1.309710584809803,NA,FALSE,TRUE
gene,Ifitm3,S3,Combined exposure,2,3,4.330138138429377,4.456653531639148,-0.1265153932097709,-1.8892610343802747,1.636230247960733,-0.21558443597942267,NA,FALSE,FALSE
gene,Isg15,(none),NA,3,3,5.014197405375247,4.402984023573457,0.6112133818017904,-1.8363537880021354,3.0587805516057163,0.7287176350288997,0.6,FALSE,TRUE
gene,Isg15,C1,Oxygen control,3,2,5.014197405375247,4.632853790005088,0.3813436153701595,-2.3916254702909074,3.1543127010312264,0.4179936214554767,NA,FALSE,TRUE
gene,Isg15,C2,Oxygen control,3,2,5.014197405375247,4.296057560956786,0.7181398444184612,-1.686224791219753,3.1225044800566755,0.7506979735789876,NA,FALSE,TRUE
gene,Isg15,C3,Oxygen control,3,2,5.014197405375247,4.280040719758496,0.7341566856167514,-1.6675588242573443,3.135872195490847,0.7705472902450404,NA,FALSE,TRUE
gene,Isg15,S1,Combined exposure,2,3,5.280672612139375,4.402984023573457,0.8776885885659178,-9.773005242011099,11.528382419142932,0.9837552261918556,NA,FALSE,TRUE
gene,Isg15,S2,Combined exposure,2,3,5.3896851445297225,4.402984023573457,0.9867011209562655,-8.123948227778982,10.097350469691513,1.218219629805316,NA,FALSE,TRUE
gene,Isg15,S3,Combined exposure,2,3,4.372234459456644,4.402984023573457,-0.030749564116812955,-0.8893481831626807,0.8278490549290548,-0.09116286373505819,NA,FALSE,FALSE
gene,Mx1,(none),NA,3,3,1.9623693807156486,0.5971602687047667,1.365209112010882,-0.03380886899724689,2.764227093019011,2.286746660367996,0.1,TRUE,TRUE
gene,Mx1,C1,Oxygen control,3,2,1.9623693807156486,0.576373678607029,1.3859957021086196,-1.1472534406058479,3.919244844823087,2.0123643546804026,NA,TRUE,TRUE
gene,Mx1,C2,Oxygen control,3,2,1.9623693807156486,0.8586890613196807,1.103680319395968,-0.3568826770797915,2.5642433158717273,1.8971751541579787,NA,TRUE,TRUE
gene,Mx1,C3,Oxygen control,3,2,1.9623693807156486,0.35641806618759053,1.605951314528058,0.07015072415635992,3.141751904899756,2.679142156190291,NA,TRUE,TRUE
gene,Mx1,S1,Combined exposure,2,3,2.0165101073376586,0.5971602687047667,1.419349838632892,-3.525522315192323,6.364221992458107,2.0717357727185735,NA,TRUE,TRUE
gene,Mx1,S2,Combined exposure,2,3,2.2708859089735505,0.5971602687047667,1.673725640268784,-0.5384876809875845,3.8859389615251523,3.1359348506233515,NA,TRUE,TRUE
gene,Mx1,S3,Combined exposure,2,3,1.5997121258357367,0.5971602687047667,1.0025518571309702,-0.25891452336723164,2.264018237629172,2.176447407963427,NA,TRUE,TRUE
gene,Ifit1,(none),NA,3,3,1.7759765557320073,0.3812428047103824,1.394733751021625,-1.6110195727677024,4.400487074810952,1.169285253779402,0.3,FALSE,TRUE
gene,Ifit1,C1,Oxygen control,3,2,1.7759765557320073,0.3782668661134347,1.3977096896185726,-2.6432080464531076,5.438627425690253,1.014796118229578,NA,FALSE,TRUE
gene,Ifit1,C2,Oxygen control,3,2,1.7759765557320073,0.800070223677494,0.9759063320545133,-2.178694035050008,4.130506699159034,0.7848232947431892,NA,FALSE,TRUE
gene,Ifit1,C3,Oxygen control,3,2,1.7759765557320073,-0.03460867565978157,1.810585231391789,-1.3419763413670323,4.96314680415061,1.4537380671681903,NA,FALSE,TRUE
gene,Ifit1,S1,Combined exposure,2,3,1.7369208698621965,0.3812428047103824,1.355678065151814,-11.552198109496523,14.26355423980015,0.9850671643018833,NA,FALSE,TRUE
gene,Ifit1,S2,Combined exposure,2,3,2.527674842715746,0.3812428047103824,2.146432038005363,-1.3819453760730083,5.674809452083735,2.4509348820803645,NA,TRUE,TRUE
gene,Ifit1,S3,Combined exposure,2,3,1.0633339546180798,0.3812428047103824,0.6820911499076974,-3.872782083509019,5.236964383324414,0.7265593916476341,NA,FALSE,TRUE
gene,Ifit2,(none),NA,3,3,2.3317347607777896,1.0734413683060582,1.2582933924717314,0.5274317733378792,1.9891550116055838,4.063873094851971,0.1,TRUE,TRUE
gene,Ifit2,C1,Oxygen control,3,2,2.3317347607777896,0.9339474205872867,1.397787340190503,0.622184608570203,2.173390071810803,4.687770216411213,NA,TRUE,TRUE
gene,Ifit2,C2,Oxygen control,3,2,2.3317347607777896,1.1014024749048015,1.2303322858729882,-0.01482834604795813,2.475492917793934,3.462453222987254,NA,TRUE,TRUE
gene,Ifit2,C3,Oxygen control,3,2,2.3317347607777896,1.1849742094260862,1.1467605513517034,0.2942432463049942,1.9992778563984126,3.574080176580244,NA,TRUE,TRUE
gene,Ifit2,S1,Combined exposure,2,3,2.242725431398691,1.0734413683060582,1.1692840630926329,-1.0873827501519966,3.4259508763372626,3.4941916108626345,NA,TRUE,TRUE
gene,Ifit2,S2,Combined exposure,2,3,2.5364053277488567,1.0734413683060582,1.4629639594427986,0.8534222513692331,2.072505667516364,6.970698575487077,NA,TRUE,TRUE
gene,Ifit2,S3,Combined exposure,2,3,2.2160735231858206,1.0734413683060582,1.1426321548797624,-0.798034468584039,3.083298778343564,3.5941094395544773,NA,TRUE,TRUE
gene,Ifit3,(none),NA,3,3,3.5099211177739513,2.693845093775341,0.8160760239986105,-1.7908933202253623,3.423045368222583,0.9313022537933789,0.5,FALSE,TRUE
gene,Ifit3,C1,Oxygen control,3,2,3.5099211177739513,2.5377153833886252,0.9722057343853261,-1.5892065201874828,3.533617988958135,0.9845630619627018,NA,FALSE,TRUE
gene,Ifit3,C2,Oxygen control,3,2,3.5099211177739513,2.912614633315167,0.5973064844587843,-2.252145348285834,3.4467583172034026,0.6200156072378127,NA,FALSE,TRUE
gene,Ifit3,C3,Oxygen control,3,2,3.5099211177739513,2.63120526462223,0.8787158531517214,-1.6535530211862257,3.4109847274896685,0.8717861702260316,NA,FALSE,TRUE
gene,Ifit3,S1,Combined exposure,2,3,3.8329138199469392,2.693845093775341,1.1390687261715984,-9.828653730431416,12.106791182774614,1.2616199784298272,NA,FALSE,TRUE
gene,Ifit3,S2,Combined exposure,2,3,3.8657300371054215,2.693845093775341,1.1718849433300806,-9.33392024739072,11.677690134050883,1.334959568889595,NA,FALSE,TRUE
gene,Ifit3,S3,Combined exposure,2,3,2.831119496269493,2.693845093775341,0.13727440249415235,-0.8056379428007913,1.0801867477890958,0.4292654295254613,NA,FALSE,TRUE
panel,author_selected_isg7,(none),NA,3,3,3.3745643912840535,2.3059907159608053,1.0685736753232482,-1.6383376896954465,3.775485040341943,1.3247486233261767,0.2,FALSE,TRUE
panel,author_selected_isg7,C1,Oxygen control,3,2,3.3745643912840535,2.339671722485266,1.0348926687987876,-1.5605787999738787,3.630364137571454,1.1125603910747326,NA,FALSE,TRUE
panel,author_selected_isg7,C2,Oxygen control,3,2,3.3745643912840535,2.3738896293347085,1.000674761949345,-1.6549870264580546,3.6563365503567447,1.0801222241288868,NA,FALSE,TRUE
panel,author_selected_isg7,C3,Oxygen control,3,2,3.3745643912840535,2.204410796062442,1.1701535952216116,-1.6175573572651976,3.9578645477084207,1.2715414562772422,NA,TRUE,TRUE
panel,author_selected_isg7,S1,Combined exposure,2,3,3.5120542360128266,2.3059907159608053,1.2060635200520213,-12.28184639845714,14.693973438561184,1.3240536089319446,NA,FALSE,TRUE
panel,author_selected_isg7,S2,Combined exposure,2,3,3.8563753254301916,2.3059907159608053,1.5503846094693863,-7.362840706509171,10.463609925447944,2.4415084774612774,NA,TRUE,TRUE
panel,author_selected_isg7,S3,Combined exposure,2,3,2.7552636124091423,2.3059907159608053,0.449272896448337,-2.740270183598287,3.638815976494961,1.4175006327489885,NA,FALSE,TRUE
