input,path,role,tests_submitted_stored_graph,sha256
stored_graph_seed,REPOSITORY_BUILD_SOURCE/independent_audit/subtyped_stored_graph_seed_stability.csv,Correct seed sensitivity on the exact graph stored in the submitted object,TRUE,531db343727ecb498134b805cc5b8e776d3917a10d51f176e8edc9444ebdab3f
stored_graph_pairwise,REPOSITORY_BUILD_SOURCE/independent_audit/subtyped_stored_graph_pairwise_ari.csv,Correct pairwise seed ARI on the exact stored graph,TRUE,7ed501ef6808cf6f8a8bcc91a4a6b78ecaa5f931e64ea999e63c5cbe348ea8c9
stored_graph_audit_script,REPOSITORY_BUILD_SOURCE/independent_audit/audit_cluster_stability_inputs.py,Independent read-only audit that generated the correct stored-graph outputs,TRUE,1d940a77ade4cce87215355fb582be4fdcc90cb2ed83d4efd0f2b5c570abadc7
subsampling_partition,PROJECT_ROOT/data/results/cluster_stability/bootstrap_jaccard_by_subtype.csv,Conditional per-submitted-partition Jaccard summaries after graph reconstruction from inherited PCs,FALSE,a47a196c8103e6303e7b221237033ef1952dfbbe66b5379131bbc3f2b9ccdf2e
subsampling_cluster_counts,PROJECT_ROOT/data/results/cluster_stability/bootstrap_cluster_counts.csv,Conditional reconstructed-graph subsampling cluster counts,FALSE,3df379ae3dd8c19bd50f12f77638c7bb70fe8225b811a9d64ec493c4fbfe6153
resolution_summary,PROJECT_ROOT/data/results/cluster_stability/resolution_sweep_stability.csv,Conditional reconstructed-graph resolution summary,FALSE,9bcf8d5e6de6f4449cfb70226a045ad41523ea52a27e818189f53c9d6a030be1
resolution_cluster,PROJECT_ROOT/data/results/cluster_stability/resolution_sweep_percluster.csv,Conditional reconstructed-graph per-partition resolution values,FALSE,c40ab094f0e3f7e37d4f2ecd7304020de0907c46cda19556177da7502dc6c5c3
subsampling_provenance,PROJECT_ROOT/provenance/cluster_bootstrap_provenance.json,Provenance for the conditional subsampling outputs,FALSE,14fbe4e144366388afc24392960ef5200ccaeb6a700cc3a1e7dbbf3b58dc4dad
resolution_provenance,PROJECT_ROOT/provenance/resolution_sweep_provenance.json,Provenance for the conditional resolution outputs,FALSE,171c181b5be9631a90dacd70bee85cebfb87f3ff8f1326ba07f9ab0026c7276d
