"role","source_path","repository_path","source_bytes","source_sha256","repository_bytes","repository_sha256","transformed","note"
"frozen_derived_data","revision_work/results_rebuild/figure1/data/panel_ready/fig01_analysis_sets.csv","analysis/figure1/data/panel_ready/fig01_analysis_sets.csv",332,"2b405e383cb0bf0f10c71cd80e25b5043e1ab78b3e1c09d2a8a97c5a1af0bed3",332,"2b405e383cb0bf0f10c71cd80e25b5043e1ab78b3e1c09d2a8a97c5a1af0bed3",FALSE,"Panel-ready inputs for Figure 1"
"frozen_derived_data","revision_work/results_rebuild/figure1/data/panel_ready/fig01_composition_effects.csv","analysis/figure1/data/panel_ready/fig01_composition_effects.csv",611,"7458a6b048c70bb677fd86406e181c93a6475c403fa3c3e237ae41f3be654b2f",611,"7458a6b048c70bb677fd86406e181c93a6475c403fa3c3e237ae41f3be654b2f",FALSE,"Panel-ready inputs for Figure 1"
"frozen_derived_data","revision_work/results_rebuild/figure1/data/panel_ready/fig01_composition.csv","analysis/figure1/data/panel_ready/fig01_composition.csv",2457,"854b1df0fe0c50226809b20a60a2aa3a32425563428d37d34abd3b63d9b64fae",2457,"854b1df0fe0c50226809b20a60a2aa3a32425563428d37d34abd3b63d9b64fae",FALSE,"Panel-ready inputs for Figure 1"
"frozen_derived_data","revision_work/results_rebuild/figure1/data/panel_ready/fig01_design.csv","analysis/figure1/data/panel_ready/fig01_design.csv",495,"b8ebac8450216567eadb80cb1025f18091c7e3c7cf5519e585c36e728e6d3e39",495,"b8ebac8450216567eadb80cb1025f18091c7e3c7cf5519e585c36e728e6d3e39",FALSE,"Panel-ready inputs for Figure 1"
"frozen_derived_data","revision_work/results_rebuild/figure1/data/panel_ready/fig01_sample_qc.csv","analysis/figure1/data/panel_ready/fig01_sample_qc.csv",716,"12cecdedbc5f5913164160d62a3e3cc59cd07c827347c1a0564a815d1bd5b4d1",716,"12cecdedbc5f5913164160d62a3e3cc59cd07c827347c1a0564a815d1bd5b4d1",FALSE,"Panel-ready inputs for Figure 1"
"frozen_derived_data","revision_work/results_rebuild/figure1/data/panel_ready/fig01_seed_stability.csv","analysis/figure1/data/panel_ready/fig01_seed_stability.csv",472,"616edd8f04e22186837c95b23eae18aba8438a7e92b0b5e2127a419bfaa25d49",472,"616edd8f04e22186837c95b23eae18aba8438a7e92b0b5e2127a419bfaa25d49",FALSE,"Panel-ready inputs for Figure 1"
"frozen_derived_data","revision_work/results_rebuild/figure1/data/panel_ready/fig01_umap.csv","analysis/figure1/data/panel_ready/fig01_umap.csv",639221,"aaa67189d31fa7ac5ab6dcdb99cee17b88dabdc42066ce17b957c85b2a1e1502",639221,"aaa67189d31fa7ac5ab6dcdb99cee17b88dabdc42066ce17b957c85b2a1e1502",FALSE,"Panel-ready inputs for Figure 1"
"execution_provenance","revision_work/results_rebuild/figure1/manifests/fig01_data_preparation_execution.json","analysis/figure1/manifests/fig01_data_preparation_execution.json",1031,"01a2ee8e21fb124c07fa1b7896c9be06c5c66dc478e6fc8281d7f72bdbb4308f",1031,"01a2ee8e21fb124c07fa1b7896c9be06c5c66dc478e6fc8281d7f72bdbb4308f",TRUE,"Figure 1 execution metadata"
"execution_provenance","revision_work/results_rebuild/figure1/manifests/fig01_data_preparation_sessionInfo.txt","analysis/figure1/manifests/fig01_data_preparation_sessionInfo.txt",1129,"d72c5745144a7f569dfbb77972f9d681e9949f24fdca1d1fe3b89da3b138df20",1129,"d72c5745144a7f569dfbb77972f9d681e9949f24fdca1d1fe3b89da3b138df20",TRUE,"Figure 1 execution metadata"
"execution_provenance","revision_work/results_rebuild/figure1/manifests/fig01_panel_ready_manifest.csv","analysis/figure1/manifests/fig01_panel_ready_manifest.csv",844,"0e99901429b71c5d583036a1fe5891f61cc2bd82489356c0b7fe954d338ca930",844,"0e99901429b71c5d583036a1fe5891f61cc2bd82489356c0b7fe954d338ca930",TRUE,"Figure 1 execution metadata"
"execution_provenance","revision_work/results_rebuild/figure1/manifests/fig01_plot_execution.json","analysis/figure1/manifests/fig01_plot_execution.json",2059,"8046f19378703bfa79e9dc782d6c0b325129743cf0ccaf32d330b1b01b843e05",2059,"8046f19378703bfa79e9dc782d6c0b325129743cf0ccaf32d330b1b01b843e05",TRUE,"Figure 1 execution metadata"
"execution_provenance","revision_work/results_rebuild/figure1/manifests/fig01_plot_input_manifest.csv","analysis/figure1/manifests/fig01_plot_input_manifest.csv",837,"1c9254974ae80a3233bea9ddeeeaf35de146d10f7301060e9391df001308fd77",837,"1c9254974ae80a3233bea9ddeeeaf35de146d10f7301060e9391df001308fd77",TRUE,"Figure 1 execution metadata"
"execution_provenance","revision_work/results_rebuild/figure1/manifests/fig01_plot_output_manifest.csv","analysis/figure1/manifests/fig01_plot_output_manifest.csv",569,"5263792945b8977e9d9d92eb01e3c25023fe2cb65c657a1a7184984daa001867",569,"5263792945b8977e9d9d92eb01e3c25023fe2cb65c657a1a7184984daa001867",TRUE,"Figure 1 execution metadata"
"execution_provenance","revision_work/results_rebuild/figure1/manifests/fig01_plot_sessionInfo.txt","analysis/figure1/manifests/fig01_plot_sessionInfo.txt",1415,"0f2b84122b76b34d7371c4135944ddc87ed09071163d1c47330051778611f4de",1415,"0f2b84122b76b34d7371c4135944ddc87ed09071163d1c47330051778611f4de",TRUE,"Figure 1 execution metadata"
"execution_provenance","revision_work/results_rebuild/figure1/manifests/fig01_render_warnings.txt","analysis/figure1/manifests/fig01_render_warnings.txt",5,"af5d8a21858f42808c9bcc17012b77bcc2fd6ab3b071dbd4a05f13f410470541",5,"af5d8a21858f42808c9bcc17012b77bcc2fd6ab3b071dbd4a05f13f410470541",TRUE,"Figure 1 execution metadata"
"execution_provenance","revision_work/results_rebuild/figure1/manifests/fig01_source_manifest.csv","analysis/figure1/manifests/fig01_source_manifest.csv",1289,"1d0910df51929d359ae98edbf20212891ea76b0640d41498ba7db6edfdced53e",1289,"1d0910df51929d359ae98edbf20212891ea76b0640d41498ba7db6edfdced53e",TRUE,"Figure 1 execution metadata"
"frozen_output","revision_work/results_rebuild/figure1/outputs/Figure1_study_design_partition_audit_preview.png","analysis/figure1/outputs/Figure1_study_design_partition_audit_preview.png",604787,"b94ed7689e78f96b997f87deb596060691cab714fdf1cebf42e6b2bc0da3844b",604787,"b94ed7689e78f96b997f87deb596060691cab714fdf1cebf42e6b2bc0da3844b",FALSE,"Final Figure 1 artifacts"
"frozen_output","revision_work/results_rebuild/figure1/outputs/Figure1_study_design_partition_audit.pdf","analysis/figure1/outputs/Figure1_study_design_partition_audit.pdf",724618,"da31c9893565a3a31a9021ae4e7b1ba363a5b6dc92166b19f4e2724f08eb0a37",724618,"da31c9893565a3a31a9021ae4e7b1ba363a5b6dc92166b19f4e2724f08eb0a37",FALSE,"Final Figure 1 artifacts"
"frozen_output","revision_work/results_rebuild/figure1/outputs/Figure1_study_design_partition_audit.rds","analysis/figure1/outputs/Figure1_study_design_partition_audit.rds",316480,"2fe55cf0ae4d276ba486ea7be2b59ff6dd1e747237898618849086c62020ea33",316480,"2fe55cf0ae4d276ba486ea7be2b59ff6dd1e747237898618849086c62020ea33",FALSE,"Final Figure 1 artifacts"
"frozen_output","revision_work/results_rebuild/figure1/outputs/Figure1_study_design_partition_audit.tiff","analysis/figure1/outputs/Figure1_study_design_partition_audit.tiff",629228,"04bf27e69a8ca6dd605104a0517f6df642c21ac08f118152bf28788207f285ab",629228,"04bf27e69a8ca6dd605104a0517f6df642c21ac08f118152bf28788207f285ab",FALSE,"Final Figure 1 artifacts"
"analysis_code","revision_work/results_rebuild/figure1/scripts/78_prepare_glia_R1_figure1_data.R","analysis/figure1/scripts/78_prepare_glia_R1_figure1_data.R",14976,"f92b9ed3a6e09cb6055def06af1a9d81021a06ce92ef9d84d122806bcf11e1dc",14976,"f92b9ed3a6e09cb6055def06af1a9d81021a06ce92ef9d84d122806bcf11e1dc",FALSE,"Figure 1 data preparation and final R plotting code"
"analysis_code","revision_work/results_rebuild/figure1/scripts/79_plot_glia_R1_figure1.R","analysis/figure1/scripts/79_plot_glia_R1_figure1.R",20356,"d927a14ed2292e1fc7254b06a9a1be5da346a28e74932e5bc842a68483b57ef6",20356,"d927a14ed2292e1fc7254b06a9a1be5da346a28e74932e5bc842a68483b57ef6",FALSE,"Figure 1 data preparation and final R plotting code"
"frozen_derived_data","revision_work/results_rebuild/figure2/data/panel_ready/fig02_deseq2.csv","analysis/figure2/data/panel_ready/fig02_deseq2.csv",1974,"ccfc40c3cbb95ddf5e61a87d0434f563892b0a83989a6320e00f676633f14547",1974,"ccfc40c3cbb95ddf5e61a87d0434f563892b0a83989a6320e00f676633f14547",FALSE,"Panel-ready inputs for Figure 2"
"frozen_derived_data","revision_work/results_rebuild/figure2/data/panel_ready/fig02_gene_values.csv","analysis/figure2/data/panel_ready/fig02_gene_values.csv",2842,"dadcab26a42df05704c048bc63e8d43d1774cc26888dbb196f74f3ed122c1342",2842,"dadcab26a42df05704c048bc63e8d43d1774cc26888dbb196f74f3ed122c1342",FALSE,"Panel-ready inputs for Figure 2"
"frozen_derived_data","revision_work/results_rebuild/figure2/data/panel_ready/fig02_panel_effect.csv","analysis/figure2/data/panel_ready/fig02_panel_effect.csv",559,"c4e8a6b2d0a45a912d5bac489cdbff8da0a8961ddfb8d476b3d80c4f522aab9e",559,"c4e8a6b2d0a45a912d5bac489cdbff8da0a8961ddfb8d476b3d80c4f522aab9e",FALSE,"Panel-ready inputs for Figure 2"
"frozen_derived_data","revision_work/results_rebuild/figure2/data/panel_ready/fig02_panel_loo.csv","analysis/figure2/data/panel_ready/fig02_panel_loo.csv",2048,"8d74239cb4200b002063009a1fc93ea753a592011b9412428836010d2b2481c7",2048,"8d74239cb4200b002063009a1fc93ea753a592011b9412428836010d2b2481c7",FALSE,"Panel-ready inputs for Figure 2"
"frozen_derived_data","revision_work/results_rebuild/figure2/data/panel_ready/fig02_panel_metadata.csv","analysis/figure2/data/panel_ready/fig02_panel_metadata.csv",495,"73e8703a6598cb6bbde76ee29d74e1e213ad0dc306c9d5f70a2aa5bb219c5bd5",495,"73e8703a6598cb6bbde76ee29d74e1e213ad0dc306c9d5f70a2aa5bb219c5bd5",FALSE,"Panel-ready inputs for Figure 2"
"frozen_derived_data","revision_work/results_rebuild/figure2/data/panel_ready/fig02_panel_values.csv","analysis/figure2/data/panel_ready/fig02_panel_values.csv",733,"40d81c599775f33a1a07c59a9c8669590b9245f31e4ebe50b8ed6ca9616568a3",733,"40d81c599775f33a1a07c59a9c8669590b9245f31e4ebe50b8ed6ca9616568a3",FALSE,"Panel-ready inputs for Figure 2"
"frozen_derived_data","revision_work/results_rebuild/figure2/data/panel_ready/fig02_sample_metadata.csv","analysis/figure2/data/panel_ready/fig02_sample_metadata.csv",313,"8275a59319c8a7cf69a5d88e6618ba4e0f578182606ecce0cbd5a6dddf4bf4a9",313,"8275a59319c8a7cf69a5d88e6618ba4e0f578182606ecce0cbd5a6dddf4bf4a9",FALSE,"Panel-ready inputs for Figure 2"
"execution_provenance","revision_work/results_rebuild/figure2/manifests/fig02_data_preparation_execution.json","analysis/figure2/manifests/fig02_data_preparation_execution.json",1622,"e69317617dc80098baae559f55a29dba6cc15ddd777ab073bbb0dbbffb0f04c7",1622,"e69317617dc80098baae559f55a29dba6cc15ddd777ab073bbb0dbbffb0f04c7",TRUE,"Figure 2 execution metadata"
"execution_provenance","revision_work/results_rebuild/figure2/manifests/fig02_data_preparation_sessionInfo.txt","analysis/figure2/manifests/fig02_data_preparation_sessionInfo.txt",1129,"d72c5745144a7f569dfbb77972f9d681e9949f24fdca1d1fe3b89da3b138df20",1129,"d72c5745144a7f569dfbb77972f9d681e9949f24fdca1d1fe3b89da3b138df20",TRUE,"Figure 2 execution metadata"
"execution_provenance","revision_work/results_rebuild/figure2/manifests/fig02_panel_ready_manifest.csv","analysis/figure2/manifests/fig02_panel_ready_manifest.csv",1646,"631fe99965a02163fa6cca8a9e371730f8abb3a7f628832f7f7679a420dcf175",1646,"631fe99965a02163fa6cca8a9e371730f8abb3a7f628832f7f7679a420dcf175",TRUE,"Figure 2 execution metadata"
"execution_provenance","revision_work/results_rebuild/figure2/manifests/fig02_source_manifest.csv","analysis/figure2/manifests/fig02_source_manifest.csv",1292,"5aec151f7d5e09ae75eb1ba8570cfc281cf56a22a05480fd5734459e02f209c5",1292,"5aec151f7d5e09ae75eb1ba8570cfc281cf56a22a05480fd5734459e02f209c5",TRUE,"Figure 2 execution metadata"
"execution_provenance","revision_work/results_rebuild/figure2/manifests/fig02_v2_plot_execution.json","analysis/figure2/manifests/fig02_v2_plot_execution.json",2799,"df4112e8de1276e8438eafdf59da3a39b6000973df6fa0792e227127cca19790",2799,"df4112e8de1276e8438eafdf59da3a39b6000973df6fa0792e227127cca19790",TRUE,"Figure 2 execution metadata"
"execution_provenance","revision_work/results_rebuild/figure2/manifests/fig02_v2_plot_input_manifest.csv","analysis/figure2/manifests/fig02_v2_plot_input_manifest.csv",760,"af522d3958412dfc8f0afca0276e9815ec5ca204d95f12b6afc677b203a9b7cf",760,"af522d3958412dfc8f0afca0276e9815ec5ca204d95f12b6afc677b203a9b7cf",TRUE,"Figure 2 execution metadata"
"execution_provenance","revision_work/results_rebuild/figure2/manifests/fig02_v2_plot_output_manifest.csv","analysis/figure2/manifests/fig02_v2_plot_output_manifest.csv",591,"fb5764ed45299ac6ce311b3003c971ddb0beff46a58c6da1446cc453fa6e52f3",591,"fb5764ed45299ac6ce311b3003c971ddb0beff46a58c6da1446cc453fa6e52f3",TRUE,"Figure 2 execution metadata"
"execution_provenance","revision_work/results_rebuild/figure2/manifests/fig02_v2_plot_sessionInfo.txt","analysis/figure2/manifests/fig02_v2_plot_sessionInfo.txt",1415,"9c5c0ea4af0ec4eb90f69b139d10f8dd710303cc1ef3fcc330dc17f35ed26cd7",1415,"9c5c0ea4af0ec4eb90f69b139d10f8dd710303cc1ef3fcc330dc17f35ed26cd7",TRUE,"Figure 2 execution metadata"
"execution_provenance","revision_work/results_rebuild/figure2/manifests/fig02_v2_render_warnings.txt","analysis/figure2/manifests/fig02_v2_render_warnings.txt",5,"af5d8a21858f42808c9bcc17012b77bcc2fd6ab3b071dbd4a05f13f410470541",5,"af5d8a21858f42808c9bcc17012b77bcc2fd6ab3b071dbd4a05f13f410470541",TRUE,"Figure 2 execution metadata"
"frozen_output","revision_work/results_rebuild/figure2/outputs/Figure2_transcriptome_and_selected_transcripts_preview.png","analysis/figure2/outputs/Figure2_transcriptome_and_selected_transcripts_preview.png",448205,"59105808051119821983544c26069b3031f1e2096bdf87045a359f608e2dc0ec",448205,"59105808051119821983544c26069b3031f1e2096bdf87045a359f608e2dc0ec",FALSE,"Final Figure 2 artifacts"
"frozen_output","revision_work/results_rebuild/figure2/outputs/Figure2_transcriptome_and_selected_transcripts.pdf","analysis/figure2/outputs/Figure2_transcriptome_and_selected_transcripts.pdf",1265743,"ffd88dc8c61898888c4e5bdbc2b236e65e84b679d5d42f07c764f6414081872e",1265743,"ffd88dc8c61898888c4e5bdbc2b236e65e84b679d5d42f07c764f6414081872e",FALSE,"Final Figure 2 artifacts"
"frozen_output","revision_work/results_rebuild/figure2/outputs/Figure2_transcriptome_and_selected_transcripts.rds","analysis/figure2/outputs/Figure2_transcriptome_and_selected_transcripts.rds",1073024,"fe520e297445089bb1e996f71a216d910f609c817f11f1941dee9a3865041c52",1073024,"fe520e297445089bb1e996f71a216d910f609c817f11f1941dee9a3865041c52",FALSE,"Final Figure 2 artifacts"
"frozen_output","revision_work/results_rebuild/figure2/outputs/Figure2_transcriptome_and_selected_transcripts.tiff","analysis/figure2/outputs/Figure2_transcriptome_and_selected_transcripts.tiff",431132,"d9e7b3039508815a0592984e4a03addcd30afacb1c55fa58409749660bd7fc08",431132,"d9e7b3039508815a0592984e4a03addcd30afacb1c55fa58409749660bd7fc08",FALSE,"Final Figure 2 artifacts"
"frozen_output","revision_work/results_rebuild/figure2/outputs/tableS3/TableS3_animal_values.csv","analysis/figure2/outputs/tableS3/TableS3_animal_values.csv",4583,"67db120ed28a88c34d8452a19ba20be7c345d734225fa172b9605129718ad3cb",4583,"67db120ed28a88c34d8452a19ba20be7c345d734225fa172b9605129718ad3cb",FALSE,"Final Table S3 machine-readable parts"
"frozen_output","revision_work/results_rebuild/figure2/outputs/tableS3/TableS3_direct_and_deseq2_effects.csv","analysis/figure2/outputs/tableS3/TableS3_direct_and_deseq2_effects.csv",2181,"9edaa55be972b5f77910f69f36443af264e11b94c54c1e49ee6b6047979119be",2181,"9edaa55be972b5f77910f69f36443af264e11b94c54c1e49ee6b6047979119be",FALSE,"Final Table S3 machine-readable parts"
"frozen_output","revision_work/results_rebuild/figure2/outputs/tableS3/TableS3_leave_one_animal_out.csv","analysis/figure2/outputs/tableS3/TableS3_leave_one_animal_out.csv",9318,"5acb7804414176d9e7971796a0da619b3eb2c3e45ec1a2ce9a6cb99956a0744d",9318,"5acb7804414176d9e7971796a0da619b3eb2c3e45ec1a2ce9a6cb99956a0744d",FALSE,"Final Table S3 machine-readable parts"
"frozen_output","revision_work/results_rebuild/figure2/outputs/tableS3/TableS3D_primary_transcriptome_deseq2.csv","analysis/figure2/outputs/tableS3/TableS3D_primary_transcriptome_deseq2.csv",3377129,"9517b188f60dde4f10a097eea574939b42b0a17e669858d81f990d6ae00a5b29",3377129,"9517b188f60dde4f10a097eea574939b42b0a17e669858d81f990d6ae00a5b29",FALSE,"Final Table S3 machine-readable parts"
"frozen_output","revision_work/results_rebuild/figure2/outputs/tableS3/TableS3E_primary_transcriptome_loo_summary.csv","analysis/figure2/outputs/tableS3/TableS3E_primary_transcriptome_loo_summary.csv",543,"7bcd1998b8296d57c989fbe3a0ffb22c10b84222986361f2dfa4d547491ff348",543,"7bcd1998b8296d57c989fbe3a0ffb22c10b84222986361f2dfa4d547491ff348",FALSE,"Final Table S3 machine-readable parts"
"analysis_code","revision_work/results_rebuild/figure2/scripts/82_prepare_glia_R1_figure2_data.R","analysis/figure2/scripts/82_prepare_glia_R1_figure2_data.R",25394,"80302e45b7448a88ea78d911488c6d7bb3f1dc381f5c675f6309616bc3206890",25394,"80302e45b7448a88ea78d911488c6d7bb3f1dc381f5c675f6309616bc3206890",FALSE,"Figure 2 and Table S3 analysis and final R plotting code"
"analysis_code","revision_work/results_rebuild/figure2/scripts/84_plot_glia_R1_figure2_rebalanced.R","analysis/figure2/scripts/84_plot_glia_R1_figure2_rebalanced.R",24098,"c2a068e9018c847b374a4bd3e9463a5ad99738959dbb5bc15abdaf8c098c8f4d",24098,"c2a068e9018c847b374a4bd3e9463a5ad99738959dbb5bc15abdaf8c098c8f4d",FALSE,"Figure 2 and Table S3 analysis and final R plotting code"
"analysis_code","revision_work/results_rebuild/figure2/scripts/95_build_glia_R1_tableS3_primary_transcriptome.R","analysis/figure2/scripts/95_build_glia_R1_tableS3_primary_transcriptome.R",6289,"c47ec5aaf8c1fcb317ff6ae265514649d701f8bc823a00000036ad6685744bfc",6289,"c47ec5aaf8c1fcb317ff6ae265514649d701f8bc823a00000036ad6685744bfc",FALSE,"Figure 2 and Table S3 analysis and final R plotting code"
"frozen_derived_data","revision_work/results_rebuild/figure3/data/panel_ready/fig03_hallmark_focus_loo.csv","analysis/figure3/data/panel_ready/fig03_hallmark_focus_loo.csv",17038,"5fdc3396920c1c5c3db7a62d64c7d99dfdbd037e736bb4b189af4d6a76123cc1",17038,"5fdc3396920c1c5c3db7a62d64c7d99dfdbd037e736bb4b189af4d6a76123cc1",FALSE,"Inputs used by the final Figure 3 plotting script"
"frozen_derived_data","revision_work/results_rebuild/figure3/data/panel_ready/fig03_inclusion_hallmark_full.csv","analysis/figure3/data/panel_ready/fig03_inclusion_hallmark_full.csv",2895,"0b0015126235221977ea4992d000d60472fa4063a6a40a94f0a3217c398a223c",2895,"0b0015126235221977ea4992d000d60472fa4063a6a40a94f0a3217c398a223c",FALSE,"Inputs used by the final Figure 3 plotting script"
"frozen_derived_data","revision_work/results_rebuild/figure3/data/panel_ready/fig03_inclusion_panel_full.csv","analysis/figure3/data/panel_ready/fig03_inclusion_panel_full.csv",761,"ecd9c70a7e1fc32f11a130e1ac11a9dc76acea0fc1e5465ded34cee063be7496",761,"ecd9c70a7e1fc32f11a130e1ac11a9dc76acea0fc1e5465ded34cee063be7496",FALSE,"Inputs used by the final Figure 3 plotting script"
"frozen_derived_data","revision_work/results_rebuild/figure3/data/panel_ready/fig03_isg_score_animal_values.csv","analysis/figure3/data/panel_ready/fig03_isg_score_animal_values.csv",1089,"d0229406e6558d794f498ec301b29b27b9784b6f5fd798fa01cd3800c054cabb",1089,"d0229406e6558d794f498ec301b29b27b9784b6f5fd798fa01cd3800c054cabb",FALSE,"Inputs used by the final Figure 3 plotting script"
"frozen_derived_data","revision_work/results_rebuild/figure3/data/panel_ready/fig03_isg_score_effect_loo.csv","analysis/figure3/data/panel_ready/fig03_isg_score_effect_loo.csv",2685,"690731e32b19b39b40084fc37e6f1062043ba35a75d124798a407b8cf4ffad7c",2685,"690731e32b19b39b40084fc37e6f1062043ba35a75d124798a407b8cf4ffad7c",FALSE,"Inputs used by the final Figure 3 plotting script"
"frozen_derived_data","revision_work/results_rebuild/figure3/data/panel_ready/fig03_metadata.csv","analysis/figure3/data/panel_ready/fig03_metadata.csv",1706,"97354461a74481210710abe592db07c05891cfb8550429bc113250390fd2a92f",1706,"97354461a74481210710abe592db07c05891cfb8550429bc113250390fd2a92f",FALSE,"Inputs used by the final Figure 3 plotting script"
"frozen_derived_data","revision_work/results_rebuild/figure3/data/panel_ready/fig03_sample_metadata.csv","analysis/figure3/data/panel_ready/fig03_sample_metadata.csv",358,"59a7de788d0494db318bd2e20123d048331c37ef2ae2f997e50f47f1539f5ed8",358,"59a7de788d0494db318bd2e20123d048331c37ef2ae2f997e50f47f1539f5ed8",FALSE,"Inputs used by the final Figure 3 plotting script"
"execution_provenance","revision_work/results_rebuild/figure3/manifests/fig03_plot_execution.json","analysis/figure3/manifests/fig03_plot_execution.json",2932,"09ca1215d1b3d661c4aa96dd2ab0c67ab452003d6844bbf44f977d345290861e",2932,"09ca1215d1b3d661c4aa96dd2ab0c67ab452003d6844bbf44f977d345290861e",TRUE,"Figure 3 execution metadata"
"execution_provenance","revision_work/results_rebuild/figure3/manifests/fig03_plot_input_manifest.csv","analysis/figure3/manifests/fig03_plot_input_manifest.csv",939,"1178875e83ab0042841ae877c0a90e5524104eb1fc87da55db3fec7d227a0c5a",939,"1178875e83ab0042841ae877c0a90e5524104eb1fc87da55db3fec7d227a0c5a",TRUE,"Figure 3 execution metadata"
"execution_provenance","revision_work/results_rebuild/figure3/manifests/fig03_plot_output_manifest.csv","analysis/figure3/manifests/fig03_plot_output_manifest.csv",596,"85a4ce820c877f9ba014bc860315bdca04e08bc40ce7592b691323aefc5dea67",596,"85a4ce820c877f9ba014bc860315bdca04e08bc40ce7592b691323aefc5dea67",TRUE,"Figure 3 execution metadata"
"execution_provenance","revision_work/results_rebuild/figure3/manifests/fig03_plot_sessionInfo.txt","analysis/figure3/manifests/fig03_plot_sessionInfo.txt",1370,"39c4b44b45bf8faa1c49fe80336c9f406263d79b4d7cd8a261187cd6cc2ad694",1370,"39c4b44b45bf8faa1c49fe80336c9f406263d79b4d7cd8a261187cd6cc2ad694",TRUE,"Figure 3 execution metadata"
"execution_provenance","revision_work/results_rebuild/figure3/manifests/fig03_render_warnings.txt","analysis/figure3/manifests/fig03_render_warnings.txt",5,"af5d8a21858f42808c9bcc17012b77bcc2fd6ab3b071dbd4a05f13f410470541",5,"af5d8a21858f42808c9bcc17012b77bcc2fd6ab3b071dbd4a05f13f410470541",TRUE,"Figure 3 execution metadata"
"frozen_output","revision_work/results_rebuild/figure3/outputs/Figure3_animal_influence_estimator_sensitivity_preview.png","analysis/figure3/outputs/Figure3_animal_influence_estimator_sensitivity_preview.png",275628,"bfb9a7b7c42ad673cf393e844268a9dcb6879097d8e9c6071b3228748e725829",275628,"bfb9a7b7c42ad673cf393e844268a9dcb6879097d8e9c6071b3228748e725829",FALSE,"Final Figure 3 artifacts"
"frozen_output","revision_work/results_rebuild/figure3/outputs/Figure3_animal_influence_estimator_sensitivity.pdf","analysis/figure3/outputs/Figure3_animal_influence_estimator_sensitivity.pdf",54811,"b39312c83706bac453a1c0e435931501d61c910c9ac04b6f658ca6a80ed207cd",54811,"b39312c83706bac453a1c0e435931501d61c910c9ac04b6f658ca6a80ed207cd",FALSE,"Final Figure 3 artifacts"
"frozen_output","revision_work/results_rebuild/figure3/outputs/Figure3_animal_influence_estimator_sensitivity.rds","analysis/figure3/outputs/Figure3_animal_influence_estimator_sensitivity.rds",161312,"2972b6bf386051cd300156803782c9e53124fe35f70a1ba2e6585ed4ed3440e4",161312,"2972b6bf386051cd300156803782c9e53124fe35f70a1ba2e6585ed4ed3440e4",FALSE,"Final Figure 3 artifacts"
"frozen_output","revision_work/results_rebuild/figure3/outputs/Figure3_animal_influence_estimator_sensitivity.tiff","analysis/figure3/outputs/Figure3_animal_influence_estimator_sensitivity.tiff",423728,"adab406600faed4f7096ee41b558b932b8e4297f36610acbc858f47167b367a7",423728,"adab406600faed4f7096ee41b558b932b8e4297f36610acbc858f47167b367a7",FALSE,"Final Figure 3 artifacts"
"frozen_output","revision_work/results_rebuild/supplementary_suite/clean_table_payload/tableS4/TableS4_data_dictionary.csv","analysis/figure3/outputs/tableS4/TableS4_data_dictionary.csv",2854,"5c0db992302873d51b48bfe32a3285d39491f75a58abeb6a6e2d210fe38d78c7",2854,"5c0db992302873d51b48bfe32a3285d39491f75a58abeb6a6e2d210fe38d78c7",FALSE,"Final clean Table S4 Parts A-K"
"frozen_output","revision_work/results_rebuild/supplementary_suite/clean_table_payload/tableS4/TableS4A_hallmark_full_and_loo.csv","analysis/figure3/outputs/tableS4/TableS4A_hallmark_full_and_loo.csv",150406,"e8865f2d00e2441785bda1d95bade963e76c18980e357a28c01cf44825402cd9",150406,"e8865f2d00e2441785bda1d95bade963e76c18980e357a28c01cf44825402cd9",FALSE,"Final clean Table S4 Parts A-K"
"frozen_output","revision_work/results_rebuild/supplementary_suite/clean_table_payload/tableS4/TableS4B_selected_panel_score_parameter_sensitivity.csv","analysis/figure3/outputs/tableS4/TableS4B_selected_panel_score_parameter_sensitivity.csv",13303,"05019d3f2ec7562f85c1c0f06b5b5646984a4b3a0f60430908cb4ffb755c81b1",13303,"05019d3f2ec7562f85c1c0f06b5b5646984a4b3a0f60430908cb4ffb755c81b1",FALSE,"Final clean Table S4 Parts A-K"
"frozen_output","revision_work/results_rebuild/supplementary_suite/clean_table_payload/tableS4/TableS4C_selected_panel_score_parameter_summary.csv","analysis/figure3/outputs/tableS4/TableS4C_selected_panel_score_parameter_summary.csv",1494,"7872f0063a2fb4907bb215270fc65bc58680f8bc3437665d6d507ed208727e14",1494,"7872f0063a2fb4907bb215270fc65bc58680f8bc3437665d6d507ed208727e14",FALSE,"Final clean Table S4 Parts A-K"
"frozen_output","revision_work/results_rebuild/supplementary_suite/clean_table_payload/tableS4/TableS4D_score_leave_one_transcript_out.csv","analysis/figure3/outputs/tableS4/TableS4D_score_leave_one_transcript_out.csv",3880,"c9928d463d59f22cc2b8bde4c37601da718cdf8452ba298101b322c252de92c4",3880,"c9928d463d59f22cc2b8bde4c37601da718cdf8452ba298101b322c252de92c4",FALSE,"Final clean Table S4 Parts A-K"
"frozen_output","revision_work/results_rebuild/supplementary_suite/clean_table_payload/tableS4/TableS4E_cell_inclusion_selected_panel.csv","analysis/figure3/outputs/tableS4/TableS4E_cell_inclusion_selected_panel.csv",2401,"a8802e233e2ab9c94f7d634741f9e535419fc9b24b3caaf20eeedcbad367f2ad",2401,"a8802e233e2ab9c94f7d634741f9e535419fc9b24b3caaf20eeedcbad367f2ad",FALSE,"Final clean Table S4 Parts A-K"
"frozen_output","revision_work/results_rebuild/supplementary_suite/clean_table_payload/tableS4/TableS4F_cell_inclusion_hallmark.csv","analysis/figure3/outputs/tableS4/TableS4F_cell_inclusion_hallmark.csv",19009,"4536a4556c5636d613bd2e7e33cf90b6b961625391eb4ef869e3e71092e348c8",19009,"4536a4556c5636d613bd2e7e33cf90b6b961625391eb4ef869e3e71092e348c8",FALSE,"Final clean Table S4 Parts A-K"
"frozen_output","revision_work/results_rebuild/supplementary_suite/clean_table_payload/tableS4/TableS4G_fixed_selected_panel_score_animal_values.csv","analysis/figure3/outputs/tableS4/TableS4G_fixed_selected_panel_score_animal_values.csv",1206,"40625936c0c9ddf6e4a6c46a98ed660eb9134eb88bf7ab1bfbf133d0493b09b8",1206,"40625936c0c9ddf6e4a6c46a98ed660eb9134eb88bf7ab1bfbf133d0493b09b8",FALSE,"Final clean Table S4 Parts A-K"
"frozen_output","revision_work/results_rebuild/supplementary_suite/clean_table_payload/tableS4/TableS4H_fixed_selected_panel_score_effects_full_and_animal_omissions.csv","analysis/figure3/outputs/tableS4/TableS4H_fixed_selected_panel_score_effects_full_and_animal_omissions.csv",3231,"6821b4477fbb4700ca60d91e1cbf0e5ab585ae4c43ca7f88abd4a315453ac8cf",3231,"6821b4477fbb4700ca60d91e1cbf0e5ab585ae4c43ca7f88abd4a315453ac8cf",FALSE,"Final clean Table S4 Parts A-K"
"frozen_output","revision_work/results_rebuild/supplementary_suite/clean_table_payload/tableS4/TableS4I_fixed_selected_panel_score_control_gene_manifest.csv","analysis/figure3/outputs/tableS4/TableS4I_fixed_selected_panel_score_control_gene_manifest.csv",192069,"ac9b94638ed4dd0b0d68f29342a3ad1343de1ac5acc97be350fb4702f44de6b1",192069,"ac9b94638ed4dd0b0d68f29342a3ad1343de1ac5acc97be350fb4702f44de6b1",FALSE,"Final clean Table S4 Parts A-K"
"frozen_output","revision_work/results_rebuild/supplementary_suite/clean_table_payload/tableS4/TableS4J_fixed_selected_panel_score_component_animal_values.csv","analysis/figure3/outputs/tableS4/TableS4J_fixed_selected_panel_score_component_animal_values.csv",2899,"1babd4dd2c4021f800d14eb178504e1cae5f0f1318321063581b9aa1e2096f09",2899,"1babd4dd2c4021f800d14eb178504e1cae5f0f1318321063581b9aa1e2096f09",FALSE,"Final clean Table S4 Parts A-K"
"frozen_output","revision_work/results_rebuild/supplementary_suite/clean_table_payload/tableS4/TableS4K_fixed_selected_panel_score_component_effects_full_and_animal_omissions.csv","analysis/figure3/outputs/tableS4/TableS4K_fixed_selected_panel_score_component_effects_full_and_animal_omissions.csv",5462,"8a2840b2b113cb822c78f375a90157e02737cfa3ba2dacff7c3025898240f57e",5462,"8a2840b2b113cb822c78f375a90157e02737cfa3ba2dacff7c3025898240f57e",FALSE,"Final clean Table S4 Parts A-K"
"analysis_code","revision_work/results_rebuild/figure3/scripts/85_plot_glia_R1_figure3.R","analysis/figure3/scripts/85_plot_glia_R1_figure3.R",32119,"910099a4fdbfdbe58d30aa4a3caeeb56821f5fc92f86e76c2228d28eb93a5b04",32119,"910099a4fdbfdbe58d30aa4a3caeeb56821f5fc92f86e76c2228d28eb93a5b04",FALSE,"Final Figure 3 R plotting code"
"frozen_derived_data","revision_work/results_rebuild/figure4/data/panel_ready/fig04_design_counts.csv","analysis/figure4/data/panel_ready/fig04_design_counts.csv",526,"9857224e67e339fa58c9c95860cfbda7ade0b1b676df27758ae3b2f782ee11e4",526,"9857224e67e339fa58c9c95860cfbda7ade0b1b676df27758ae3b2f782ee11e4",FALSE,"Panel-ready inputs for Figure 4"
"frozen_derived_data","revision_work/results_rebuild/figure4/data/panel_ready/fig04_hallmark_all_estimands.csv","analysis/figure4/data/panel_ready/fig04_hallmark_all_estimands.csv",73798,"e6a4c4b1e296c7ff199a8c8036e05d40734ccea6a1a1013d1df2ee4bdeafc89d",73798,"e6a4c4b1e296c7ff199a8c8036e05d40734ccea6a1a1013d1df2ee4bdeafc89d",FALSE,"Panel-ready inputs for Figure 4"
"frozen_derived_data","revision_work/results_rebuild/figure4/data/panel_ready/fig04_hallmark_interaction_focus.csv","analysis/figure4/data/panel_ready/fig04_hallmark_interaction_focus.csv",4110,"4298f098104f93f2b24f6098e488ba9fc396eeba054f690fc5ce71ca83ab6a62",4110,"4298f098104f93f2b24f6098e488ba9fc396eeba054f690fc5ce71ca83ab6a62",FALSE,"Panel-ready inputs for Figure 4"
"frozen_derived_data","revision_work/results_rebuild/figure4/data/panel_ready/fig04_metadata.csv","analysis/figure4/data/panel_ready/fig04_metadata.csv",943,"0e988708008d0d8bcb74f678e1da26456f75909f27c057225263a1af0177cd0d",943,"0e988708008d0d8bcb74f678e1da26456f75909f27c057225263a1af0177cd0d",FALSE,"Panel-ready inputs for Figure 4"
"frozen_derived_data","revision_work/results_rebuild/figure4/data/panel_ready/fig04_sample_manifest.csv","analysis/figure4/data/panel_ready/fig04_sample_manifest.csv",12551,"22d19c063424ff0a3ee2c062bc299297cfe1ce62f70054974a4b5a2be85c1bb7",12551,"22d19c063424ff0a3ee2c062bc299297cfe1ce62f70054974a4b5a2be85c1bb7",FALSE,"Panel-ready inputs for Figure 4"
"frozen_derived_data","revision_work/results_rebuild/figure4/data/panel_ready/fig04_selected_gene_all_estimands.csv","analysis/figure4/data/panel_ready/fig04_selected_gene_all_estimands.csv",9333,"2381b8ea17837ab1d139492e0456237231d0860800bd91d9cc15d1a5491892c0",9333,"2381b8ea17837ab1d139492e0456237231d0860800bd91d9cc15d1a5491892c0",FALSE,"Panel-ready inputs for Figure 4"
"frozen_derived_data","revision_work/results_rebuild/figure4/data/panel_ready/fig04_selected_gene_timepoint.csv","analysis/figure4/data/panel_ready/fig04_selected_gene_timepoint.csv",6172,"743aecff7b5488a8db84b290692726c18c55c729cef7c64de8b2e0dc071b224c",6172,"743aecff7b5488a8db84b290692726c18c55c729cef7c64de8b2e0dc071b224c",FALSE,"Panel-ready inputs for Figure 4"
"frozen_derived_data","revision_work/results_rebuild/figure4/data/panel_ready/fig04_study_comparison.csv","analysis/figure4/data/panel_ready/fig04_study_comparison.csv",779,"f40334bea5a25b566a9bb724f1b7384c53e176205a0ac0b9eb92391a8b2ee5de",779,"f40334bea5a25b566a9bb724f1b7384c53e176205a0ac0b9eb92391a8b2ee5de",FALSE,"Panel-ready inputs for Figure 4"
"execution_provenance","revision_work/results_rebuild/figure4/manifests/fig04_data_output_manifest.csv","analysis/figure4/manifests/fig04_data_output_manifest.csv",2964,"ce4e4a65af47e4aba839447573e8854957a7cfaee1a07cb153a9165598e87932",2964,"ce4e4a65af47e4aba839447573e8854957a7cfaee1a07cb153a9165598e87932",TRUE,"Figure 4 execution metadata"
"execution_provenance","revision_work/results_rebuild/figure4/manifests/fig04_data_preparation_execution.json","analysis/figure4/manifests/fig04_data_preparation_execution.json",3110,"e12ed59e565f7647abb64931c173c73c93ddc3d3f3bf03df56c96af975720f8d",3110,"e12ed59e565f7647abb64931c173c73c93ddc3d3f3bf03df56c96af975720f8d",TRUE,"Figure 4 execution metadata"
"execution_provenance","revision_work/results_rebuild/figure4/manifests/fig04_data_preparation_sessionInfo.txt","analysis/figure4/manifests/fig04_data_preparation_sessionInfo.txt",3992,"a6e12ae49943f9ca4e20e60f38c5b4935b5f9ffb5b4bae0d274120df1e793681",3992,"a6e12ae49943f9ca4e20e60f38c5b4935b5f9ffb5b4bae0d274120df1e793681",TRUE,"Figure 4 execution metadata"
"execution_provenance","revision_work/results_rebuild/figure4/manifests/fig04_plot_execution.json","analysis/figure4/manifests/fig04_plot_execution.json",3331,"69650eb6352a0b26d8035fc1e7ae2fe0ed67a6e865f353ebaa9eb3553afc5fb2",3331,"69650eb6352a0b26d8035fc1e7ae2fe0ed67a6e865f353ebaa9eb3553afc5fb2",TRUE,"Figure 4 execution metadata"
"execution_provenance","revision_work/results_rebuild/figure4/manifests/fig04_plot_input_manifest.csv","analysis/figure4/manifests/fig04_plot_input_manifest.csv",669,"7e2515b8d7bacdd693d2bf8033f899c04a2111bf253b10a422f19c857153a13b",669,"7e2515b8d7bacdd693d2bf8033f899c04a2111bf253b10a422f19c857153a13b",TRUE,"Figure 4 execution metadata"
"execution_provenance","revision_work/results_rebuild/figure4/manifests/fig04_plot_output_manifest.csv","analysis/figure4/manifests/fig04_plot_output_manifest.csv",556,"cc2ea4e7e39014dbff5d5e0de6b9e5425f9422efcce621f2dc576f83cf68facf",556,"cc2ea4e7e39014dbff5d5e0de6b9e5425f9422efcce621f2dc576f83cf68facf",TRUE,"Figure 4 execution metadata"
"execution_provenance","revision_work/results_rebuild/figure4/manifests/fig04_plot_sessionInfo.txt","analysis/figure4/manifests/fig04_plot_sessionInfo.txt",1391,"c8102eaa7cc8584d456117de7eec2625f7f0dbcce7861e8483d1a8e01643296c",1391,"c8102eaa7cc8584d456117de7eec2625f7f0dbcce7861e8483d1a8e01643296c",TRUE,"Figure 4 execution metadata"
"execution_provenance","revision_work/results_rebuild/figure4/manifests/fig04_render_warnings.txt","analysis/figure4/manifests/fig04_render_warnings.txt",5,"af5d8a21858f42808c9bcc17012b77bcc2fd6ab3b071dbd4a05f13f410470541",5,"af5d8a21858f42808c9bcc17012b77bcc2fd6ab3b071dbd4a05f13f410470541",TRUE,"Figure 4 execution metadata"
"execution_provenance","revision_work/results_rebuild/figure4/manifests/fig04_source_manifest.csv","analysis/figure4/manifests/fig04_source_manifest.csv",759,"0b8c49b3f3ef2655b2b3411b2546c473eb8084f4990d07f4a693fcf1adb771f8",636,"b044f3c9fbc5b7b89bf25f53a2c76d9023da52978ab3b7338e78fbd314677b52",TRUE,"Figure 4 execution metadata"
"frozen_output","revision_work/results_rebuild/figure4/outputs/Figure4_independent_temporal_context_preview.png","analysis/figure4/outputs/Figure4_independent_temporal_context_preview.png",228633,"a48562b841daf82ee10921027b314a646a178bf09d4f0112e94d1aaceadb9039",228633,"a48562b841daf82ee10921027b314a646a178bf09d4f0112e94d1aaceadb9039",FALSE,"Final Figure 4 artifacts"
"frozen_output","revision_work/results_rebuild/figure4/outputs/Figure4_independent_temporal_context.pdf","analysis/figure4/outputs/Figure4_independent_temporal_context.pdf",62763,"836dd5904523d55661023085fff5d86092db8152c26475d6b443b223b7afb588",62763,"836dd5904523d55661023085fff5d86092db8152c26475d6b443b223b7afb588",FALSE,"Final Figure 4 artifacts"
"frozen_output","revision_work/results_rebuild/figure4/outputs/Figure4_independent_temporal_context.rds","analysis/figure4/outputs/Figure4_independent_temporal_context.rds",133140,"b698048ec6581a440cee33aaa18a0ede0c2012139f5f07ab3e1ce3b437cda304",133140,"b698048ec6581a440cee33aaa18a0ede0c2012139f5f07ab3e1ce3b437cda304",FALSE,"Final Figure 4 artifacts"
"frozen_output","revision_work/results_rebuild/figure4/outputs/Figure4_independent_temporal_context.tiff","analysis/figure4/outputs/Figure4_independent_temporal_context.tiff",333706,"df1182b2e7e3a6ab819a35690256bd517a2e15a1c9feef26c31c82ebc774a208",333706,"df1182b2e7e3a6ab819a35690256bd517a2e15a1c9feef26c31c82ebc774a208",FALSE,"Final Figure 4 artifacts"
"frozen_output","revision_work/results_rebuild/figure4/outputs/tableS5/TableS5_data_dictionary.csv","analysis/figure4/outputs/tableS5/TableS5_data_dictionary.csv",1071,"d8fd7ecb90cb5c14da3b13d455ea3a019c56519c530e1d103bc2eb9270a15c4b",1071,"d8fd7ecb90cb5c14da3b13d455ea3a019c56519c530e1d103bc2eb9270a15c4b",FALSE,"Final Table S5 machine-readable parts"
"frozen_output","revision_work/results_rebuild/figure4/outputs/tableS5/TableS5A_gse283401_sample_manifest.csv","analysis/figure4/outputs/tableS5/TableS5A_gse283401_sample_manifest.csv",12551,"22d19c063424ff0a3ee2c062bc299297cfe1ce62f70054974a4b5a2be85c1bb7",12551,"22d19c063424ff0a3ee2c062bc299297cfe1ce62f70054974a4b5a2be85c1bb7",FALSE,"Final Table S5 machine-readable parts"
"frozen_output","revision_work/results_rebuild/figure4/outputs/tableS5/TableS5B_gene_treatment_contrast_6h.csv","analysis/figure4/outputs/tableS5/TableS5B_gene_treatment_contrast_6h.csv",12445282,"feb6cd1bb9bdded440e719c14f584f06a116b2e1c1565a9903440177eb932322",12445282,"feb6cd1bb9bdded440e719c14f584f06a116b2e1c1565a9903440177eb932322",FALSE,"Final Table S5 machine-readable parts"
"frozen_output","revision_work/results_rebuild/figure4/outputs/tableS5/TableS5C_gene_treatment_contrast_48h.csv","analysis/figure4/outputs/tableS5/TableS5C_gene_treatment_contrast_48h.csv",11543381,"7a4023b5f18bc661ee85023625a1d37c3be46e7f6864e9e1b630ed222778e8b3",11543381,"7a4023b5f18bc661ee85023625a1d37c3be46e7f6864e9e1b630ed222778e8b3",FALSE,"Final Table S5 machine-readable parts"
"frozen_output","revision_work/results_rebuild/figure4/outputs/tableS5/TableS5D_gene_time_by_treatment_interaction.csv","analysis/figure4/outputs/tableS5/TableS5D_gene_time_by_treatment_interaction.csv",16850956,"80d37518cd07d6b36ec1e82b2a872cc5f72207a4d5450190ae53c82965d09f6a",16850956,"80d37518cd07d6b36ec1e82b2a872cc5f72207a4d5450190ae53c82965d09f6a",FALSE,"Final Table S5 machine-readable parts"
"frozen_output","revision_work/results_rebuild/figure4/outputs/tableS5/TableS5E_hallmark_time_by_treatment_interaction.csv","analysis/figure4/outputs/tableS5/TableS5E_hallmark_time_by_treatment_interaction.csv",37436,"d88cb8b0a6b2bb188c7b7e49f63562776f6151a50e755390cc89c43d7a63b620",37436,"d88cb8b0a6b2bb188c7b7e49f63562776f6151a50e755390cc89c43d7a63b620",FALSE,"Final Table S5 machine-readable parts"
"analysis_code","revision_work/results_rebuild/figure4/scripts/86_prepare_glia_R1_figure4_data.R","analysis/figure4/scripts/86_prepare_glia_R1_figure4_data.R",39056,"d584e5c26d962fac20191d0e72144bbeb91f41a2a4c3d3cd76f11f712919cccf",39056,"d584e5c26d962fac20191d0e72144bbeb91f41a2a4c3d3cd76f11f712919cccf",FALSE,"GSE283401 analysis and final Figure 4 R plotting code"
"analysis_code","revision_work/results_rebuild/figure4/scripts/87_plot_glia_R1_figure4.R","analysis/figure4/scripts/87_plot_glia_R1_figure4.R",24574,"e407cc043db914cb2d62c25e21d452bdc36d155ff988e1326243f2b23d8a0c66",24574,"e407cc043db914cb2d62c25e21d452bdc36d155ff988e1326243f2b23d8a0c66",FALSE,"GSE283401 analysis and final Figure 4 R plotting code"
"frozen_derived_data","revision_work/results_rebuild/figureS1/data/panel_ready/figS01_detection_heatmap.csv","analysis/figureS1/data/panel_ready/figS01_detection_heatmap.csv",6966,"3bbf8a6f18d9a1c49c328b4ff8cf01ee13a309f26f0d80c68e1e51e198cfb8b3",6966,"3bbf8a6f18d9a1c49c328b4ff8cf01ee13a309f26f0d80c68e1e51e198cfb8b3",FALSE,"Panel-ready inputs for figureS1"
"frozen_derived_data","revision_work/results_rebuild/figureS1/data/panel_ready/figS01_doublet_summary.csv","analysis/figureS1/data/panel_ready/figS01_doublet_summary.csv",1144,"9f54d1392c1c9b29ae1895373dabe5c2ec1472088d6e5b8875af8042bcb575e6",1144,"9f54d1392c1c9b29ae1895373dabe5c2ec1472088d6e5b8875af8042bcb575e6",FALSE,"Panel-ready inputs for figureS1"
"frozen_derived_data","revision_work/results_rebuild/figureS1/data/panel_ready/figS01_metadata.csv","analysis/figureS1/data/panel_ready/figS01_metadata.csv",569,"7ca437a39e8685202e85389e01fdf134f97f4890f7880fe7e9b986709127688c",569,"7ca437a39e8685202e85389e01fdf134f97f4890f7880fe7e9b986709127688c",FALSE,"Panel-ready inputs for figureS1"
"frozen_derived_data","revision_work/results_rebuild/figureS1/data/panel_ready/figS01_selected_gene_dotplot.csv","analysis/figureS1/data/panel_ready/figS01_selected_gene_dotplot.csv",6292,"03901440c056a0049c2c217b0e4c1d68accd5a0075ef38169fcd4d9a751b3dd9",6292,"03901440c056a0049c2c217b0e4c1d68accd5a0075ef38169fcd4d9a751b3dd9",FALSE,"Panel-ready inputs for figureS1"
"execution_provenance","revision_work/results_rebuild/figureS1/manifests/figS01_data_output_manifest.csv","analysis/figureS1/manifests/figS01_data_output_manifest.csv",2129,"72d82d1247ae7f62600516db18f6cc206989244a726025e7a15ea8f90e8ba54f",1657,"5c5f0b43374c8f41a42a9f7466710c0f0aa8e777b3dec5852e1e131aa218d497",TRUE,"figureS1 execution metadata"
"execution_provenance","revision_work/results_rebuild/figureS1/manifests/figS01_data_preparation_execution.json","analysis/figureS1/manifests/figS01_data_preparation_execution.json",934,"d840e10fcd7bb5a48a45a37654cbd3e85857aae54584e33b0ba0506acfff116c",875,"3b57ff7a4fff61bbe8c7be2e90f4ccc553662ff2c7c2015eac96d8c42fa593cf",TRUE,"figureS1 execution metadata"
"execution_provenance","revision_work/results_rebuild/figureS1/manifests/figS01_plot_execution.json","analysis/figureS1/manifests/figS01_plot_execution.json",895,"c012763a0aa37a6b185aa5b790a7bb0c138587d0533d2cf3553ad04a67e1293e",836,"5e0eb68a1cdb3e2d8f7d88365b802c991da1886073afb11f601f619e1bcc7896",TRUE,"figureS1 execution metadata"
"execution_provenance","revision_work/results_rebuild/figureS1/manifests/figS01_plot_input_manifest.csv","analysis/figureS1/manifests/figS01_plot_input_manifest.csv",1009,"59a598ceb7b1200b928b67a21168882264bff01b5c4689b09c97b5acca719b42",773,"9e6129f64c1f70f77979b1d3dcd329407f8b58fd52b3fc6cc7c80d18c57378c1",TRUE,"figureS1 execution metadata"
"execution_provenance","revision_work/results_rebuild/figureS1/manifests/figS01_plot_output_manifest.csv","analysis/figureS1/manifests/figS01_plot_output_manifest.csv",1081,"0796e6b3023fdbd08841822acfc93f3b0c5ecb906ae429b932eecec211c8ff10",845,"a4494be73811531e6a914db4b953a9d8a40e03ac108c6dc70cc5d84209293fb8",TRUE,"figureS1 execution metadata"
"execution_provenance","revision_work/results_rebuild/figureS1/manifests/figS01_plot_sessionInfo.txt","analysis/figureS1/manifests/figS01_plot_sessionInfo.txt",1391,"c8102eaa7cc8584d456117de7eec2625f7f0dbcce7861e8483d1a8e01643296c",1391,"c8102eaa7cc8584d456117de7eec2625f7f0dbcce7861e8483d1a8e01643296c",TRUE,"figureS1 execution metadata"
"execution_provenance","revision_work/results_rebuild/figureS1/manifests/figS01_render_warnings.txt","analysis/figureS1/manifests/figS01_render_warnings.txt",20,"44c58237e7958452f9192df9b3995683752b84222b72503ba48742579b05b17f",20,"44c58237e7958452f9192df9b3995683752b84222b72503ba48742579b05b17f",TRUE,"figureS1 execution metadata"
"execution_provenance","revision_work/results_rebuild/figureS1/manifests/figS01_source_manifest.csv","analysis/figureS1/manifests/figS01_source_manifest.csv",806,"ee47b7ca747728731c42dc9a5cfa5dbf659ebc2fef28e560a9a287873a04674a",624,"e4c46e42c5e2ccf7ce56fd85c60a178d9fccca9b21e474d290256645ba042a1b",TRUE,"figureS1 execution metadata"
"frozen_output","revision_work/results_rebuild/figureS1/outputs/FigureS1_retrospective_partition_annotation_audit_preview.png","analysis/figureS1/outputs/FigureS1_retrospective_partition_annotation_audit_preview.png",102937,"be30472be5997510c2cf1a7df99f84e2126314311829b424d9230e0c3484e4ec",102937,"be30472be5997510c2cf1a7df99f84e2126314311829b424d9230e0c3484e4ec",FALSE,"Final figureS1 artifacts"
"frozen_output","revision_work/results_rebuild/figureS1/outputs/FigureS1_retrospective_partition_annotation_audit.pdf","analysis/figureS1/outputs/FigureS1_retrospective_partition_annotation_audit.pdf",71724,"41cb92df02a878560ba087714fbd273ebe587fba845d7644032d0c3f696ade11",71724,"41cb92df02a878560ba087714fbd273ebe587fba845d7644032d0c3f696ade11",FALSE,"Final figureS1 artifacts"
"frozen_output","revision_work/results_rebuild/figureS1/outputs/FigureS1_retrospective_partition_annotation_audit.rds","analysis/figureS1/outputs/FigureS1_retrospective_partition_annotation_audit.rds",694931,"ac89b8fce0733ac1e7ed4bb01167810930006984149cae58f750caf67ac85760",694931,"ac89b8fce0733ac1e7ed4bb01167810930006984149cae58f750caf67ac85760",FALSE,"Final figureS1 artifacts"
"frozen_output","revision_work/results_rebuild/figureS1/outputs/FigureS1_retrospective_partition_annotation_audit.tiff","analysis/figureS1/outputs/FigureS1_retrospective_partition_annotation_audit.tiff",390890,"ba0131a222b88edf1b2734f468bf461112c630f37f0d3909147ac12cbaded1f4",390890,"ba0131a222b88edf1b2734f468bf461112c630f37f0d3909147ac12cbaded1f4",FALSE,"Final figureS1 artifacts"
"frozen_output","revision_work/results_rebuild/figureS1/outputs/tableS1/TableS1_partA_partition_summary.csv","analysis/figureS1/outputs/tableS1/TableS1_partA_partition_summary.csv",1144,"9f54d1392c1c9b29ae1895373dabe5c2ec1472088d6e5b8875af8042bcb575e6",1144,"9f54d1392c1c9b29ae1895373dabe5c2ec1472088d6e5b8875af8042bcb575e6",FALSE,"Final tableS1 machine-readable parts"
"frozen_output","revision_work/results_rebuild/figureS1/outputs/tableS1/TableS1_partB_marker_audit.csv.gz","analysis/figureS1/outputs/tableS1/TableS1_partB_marker_audit.csv.gz",802361,"f6cf85eea71325d42065d7c4dfd8cbb62d86da3a038bd6e5892ceda0251488e8",802361,"f6cf85eea71325d42065d7c4dfd8cbb62d86da3a038bd6e5892ceda0251488e8",FALSE,"Final tableS1 machine-readable parts"
"analysis_code","revision_work/results_rebuild/figureS1/scripts/91_prepare_glia_R1_figureS1_tableS1.py","analysis/figureS1/scripts/91_prepare_glia_R1_figureS1_tableS1.py",16253,"46fef4a4e6270658342a766e0137eeda58f8f9a10bf732637c5004baaff4d194",16265,"625d9f49b86bd8061903731f973f51c00551a16b2c37fb81b9a120a971dc82e7",TRUE,"Figure S1 data preparation code with an explicit project-root argument"
"analysis_code","revision_work/results_rebuild/figureS1/scripts/92_plot_glia_R1_figureS1.R","analysis/figureS1/scripts/92_plot_glia_R1_figureS1.R",15677,"1c6b986b9ddee114ef5ce81897403bb58b87517152976590bf5ac8e66e571e0c",15677,"1c6b986b9ddee114ef5ce81897403bb58b87517152976590bf5ac8e66e571e0c",FALSE,"Final Figure S1 R plotting code"
"frozen_derived_data","revision_work/results_rebuild/figureS2/data/panel_ready/figS02_cluster_count_distribution.csv","analysis/figureS2/data/panel_ready/figS02_cluster_count_distribution.csv",1882,"8c813da291578644c46c65905f1ca0ba8b709af410304c65f500088c652ad714",1882,"8c813da291578644c46c65905f1ca0ba8b709af410304c65f500088c652ad714",FALSE,"Panel-ready inputs for figureS2"
"frozen_derived_data","revision_work/results_rebuild/figureS2/data/panel_ready/figS02_fixed_seed_matrix.csv","analysis/figureS2/data/panel_ready/figS02_fixed_seed_matrix.csv",1535,"4174fc5b210424a5e0d3f8044554ab7300d1ad61a0bc502b852eddfdbfdac3da",1535,"4174fc5b210424a5e0d3f8044554ab7300d1ad61a0bc502b852eddfdbfdac3da",FALSE,"Panel-ready inputs for figureS2"
"frozen_derived_data","revision_work/results_rebuild/figureS2/data/panel_ready/figS02_metadata.csv","analysis/figureS2/data/panel_ready/figS02_metadata.csv",646,"41d9f80ede030e182817338dcb4624b8ab98ac113d8cd6b89dc82f0dbc9637e0",646,"41d9f80ede030e182817338dcb4624b8ab98ac113d8cd6b89dc82f0dbc9637e0",FALSE,"Panel-ready inputs for figureS2"
"frozen_derived_data","revision_work/results_rebuild/figureS2/data/panel_ready/figS02_resolution_summary.csv","analysis/figureS2/data/panel_ready/figS02_resolution_summary.csv",877,"91f14846e3ef3f16bf19fae75819bc315c66ec0e0c0e3fa61d9d871554cd6e17",877,"91f14846e3ef3f16bf19fae75819bc315c66ec0e0c0e3fa61d9d871554cd6e17",FALSE,"Panel-ready inputs for figureS2"
"frozen_derived_data","revision_work/results_rebuild/figureS2/data/panel_ready/figS02_subsampling_partition.csv","analysis/figureS2/data/panel_ready/figS02_subsampling_partition.csv",2043,"6c38cb064c967f3bcb56b99b0a8d8f92f28e0072bd23b07f6452b33b7b5a3a25",2043,"6c38cb064c967f3bcb56b99b0a8d8f92f28e0072bd23b07f6452b33b7b5a3a25",FALSE,"Panel-ready inputs for figureS2"
"execution_provenance","revision_work/results_rebuild/figureS2/manifests/figS02_data_preparation_execution.json","analysis/figureS2/manifests/figS02_data_preparation_execution.json",1787,"17a6bcb864d20e610175a41b95d54ce508c6234ff7624bf4aae798406cf01d78",1705,"d1ea73eb60383db3d1cea8074a37a0a839ec0f4e3925542a781ac508173d01c1",TRUE,"figureS2 execution metadata"
"execution_provenance","revision_work/results_rebuild/figureS2/manifests/figS02_data_preparation_sessionInfo.txt","analysis/figureS2/manifests/figS02_data_preparation_sessionInfo.txt",1131,"7f9b91556129c49ee127489a2739eb5b45f22eb3abfe8efd49fe4a4d3e5adae2",1131,"7f9b91556129c49ee127489a2739eb5b45f22eb3abfe8efd49fe4a4d3e5adae2",TRUE,"figureS2 execution metadata"
"execution_provenance","revision_work/results_rebuild/figureS2/manifests/figS02_panel_table_output_manifest.csv","analysis/figureS2/manifests/figS02_panel_table_output_manifest.csv",2529,"edbe40c4bc976c78df9d0129323c8742ae770a7469361c26ec81e22ac95590d2",2529,"edbe40c4bc976c78df9d0129323c8742ae770a7469361c26ec81e22ac95590d2",TRUE,"figureS2 execution metadata"
"execution_provenance","revision_work/results_rebuild/figureS2/manifests/figS02_plot_execution.json","analysis/figureS2/manifests/figS02_plot_execution.json",1337,"05978241985575ad442a92bd270a02aa0b930d226305620a173fe5c2f743ad5d",1337,"05978241985575ad442a92bd270a02aa0b930d226305620a173fe5c2f743ad5d",TRUE,"figureS2 execution metadata"
"execution_provenance","revision_work/results_rebuild/figureS2/manifests/figS02_plot_input_manifest.csv","analysis/figureS2/manifests/figS02_plot_input_manifest.csv",682,"38b8710b6481a13486f795a2399035ed02ecdb36e181844dfc9c04902b5ff068",682,"38b8710b6481a13486f795a2399035ed02ecdb36e181844dfc9c04902b5ff068",TRUE,"figureS2 execution metadata"
"execution_provenance","revision_work/results_rebuild/figureS2/manifests/figS02_plot_output_manifest.csv","analysis/figureS2/manifests/figS02_plot_output_manifest.csv",572,"b90871644d9b3281cd6dfbba60627acd29feae63f1bcd4f458766e9ff1099031",572,"b90871644d9b3281cd6dfbba60627acd29feae63f1bcd4f458766e9ff1099031",TRUE,"figureS2 execution metadata"
"execution_provenance","revision_work/results_rebuild/figureS2/manifests/figS02_plot_sessionInfo.txt","analysis/figureS2/manifests/figS02_plot_sessionInfo.txt",1413,"8c9209197262fec7dbc7eb050882feddcbb6a81cfc3df4697afb461d16bde42a",1413,"8c9209197262fec7dbc7eb050882feddcbb6a81cfc3df4697afb461d16bde42a",TRUE,"figureS2 execution metadata"
"execution_provenance","revision_work/results_rebuild/figureS2/manifests/figS02_render_warnings.txt","analysis/figureS2/manifests/figS02_render_warnings.txt",5,"af5d8a21858f42808c9bcc17012b77bcc2fd6ab3b071dbd4a05f13f410470541",5,"af5d8a21858f42808c9bcc17012b77bcc2fd6ab3b071dbd4a05f13f410470541",TRUE,"figureS2 execution metadata"
"execution_provenance","revision_work/results_rebuild/figureS2/manifests/figS02_source_manifest.csv","analysis/figureS2/manifests/figS02_source_manifest.csv",2543,"192db21ed2452e569c9ef8c90101e3d2f102a8a839768d172c32a999de181091",2120,"3e1c8f64a8a20605089e3d78de1f873890b34f8927ee01d4b478edb131a49cc7",TRUE,"figureS2 execution metadata"
"frozen_output","revision_work/results_rebuild/figureS2/outputs/FigureS2_partition_stability_diagnostics_preview.png","analysis/figureS2/outputs/FigureS2_partition_stability_diagnostics_preview.png",281131,"980a8e3e605558770fc2e794b8b856e183384be6cc8d5bf5275ed2f760e80e96",281131,"980a8e3e605558770fc2e794b8b856e183384be6cc8d5bf5275ed2f760e80e96",FALSE,"Final figureS2 artifacts"
"frozen_output","revision_work/results_rebuild/figureS2/outputs/FigureS2_partition_stability_diagnostics.pdf","analysis/figureS2/outputs/FigureS2_partition_stability_diagnostics.pdf",61191,"da7e5e7162ba40aca4afb9d3636bc2f61c4a8ae01f51576313db86db5f15d9ea",61191,"da7e5e7162ba40aca4afb9d3636bc2f61c4a8ae01f51576313db86db5f15d9ea",FALSE,"Final figureS2 artifacts"
"frozen_output","revision_work/results_rebuild/figureS2/outputs/FigureS2_partition_stability_diagnostics.rds","analysis/figureS2/outputs/FigureS2_partition_stability_diagnostics.rds",141504,"f200fb75d14401f1491ae5adbe3063522150e4823024c8b059283b1a15f8d646",141504,"f200fb75d14401f1491ae5adbe3063522150e4823024c8b059283b1a15f8d646",FALSE,"Final figureS2 artifacts"
"frozen_output","revision_work/results_rebuild/figureS2/outputs/FigureS2_partition_stability_diagnostics.tiff","analysis/figureS2/outputs/FigureS2_partition_stability_diagnostics.tiff",345288,"c8e1ac0576f751c94054d5aced173697d1d7b8bc4b37a4b7cda6b7884ccdc463",345288,"c8e1ac0576f751c94054d5aced173697d1d7b8bc4b37a4b7cda6b7884ccdc463",FALSE,"Final figureS2 artifacts"
"frozen_output","revision_work/results_rebuild/figureS2/outputs/tableS2/TableS2_data_dictionary.csv","analysis/figureS2/outputs/tableS2/TableS2_data_dictionary.csv",1142,"7622ae07778a6f52a0065a9c113a8ca981889266ba4efb0755ebcbbdd0637584",1142,"7622ae07778a6f52a0065a9c113a8ca981889266ba4efb0755ebcbbdd0637584",FALSE,"Final tableS2 machine-readable parts"
"frozen_output","revision_work/results_rebuild/figureS2/outputs/tableS2/TableS2A_fixed_stored_graph_seed_results.csv","analysis/figureS2/outputs/tableS2/TableS2A_fixed_stored_graph_seed_results.csv",610,"03305656cba763dd2b1872b1d8b0fbd0d5bf1e151893833e708d750ee583abbd",610,"03305656cba763dd2b1872b1d8b0fbd0d5bf1e151893833e708d750ee583abbd",FALSE,"Final tableS2 machine-readable parts"
"frozen_output","revision_work/results_rebuild/figureS2/outputs/tableS2/TableS2B_fixed_stored_graph_pairwise_ari.csv","analysis/figureS2/outputs/tableS2/TableS2B_fixed_stored_graph_pairwise_ari.csv",1277,"cbacdba08c9d42ce0b916d006acd72089bb02bb62f94905dc0a8815f41967dde",1277,"cbacdba08c9d42ce0b916d006acd72089bb02bb62f94905dc0a8815f41967dde",FALSE,"Final tableS2 machine-readable parts"
"frozen_output","revision_work/results_rebuild/figureS2/outputs/tableS2/TableS2C_subsampling_submitted_partition_jaccard.csv","analysis/figureS2/outputs/tableS2/TableS2C_subsampling_submitted_partition_jaccard.csv",1889,"2d7b63255161ffe4128fd78ec2ab7c8c9e510bf5f75801e01461feaf0e706ef6",1889,"2d7b63255161ffe4128fd78ec2ab7c8c9e510bf5f75801e01461feaf0e706ef6",FALSE,"Final tableS2 machine-readable parts"
"frozen_output","revision_work/results_rebuild/figureS2/outputs/tableS2/TableS2D_subsampling_cluster_count_distribution.csv","analysis/figureS2/outputs/tableS2/TableS2D_subsampling_cluster_count_distribution.csv",1882,"8c813da291578644c46c65905f1ca0ba8b709af410304c65f500088c652ad714",1882,"8c813da291578644c46c65905f1ca0ba8b709af410304c65f500088c652ad714",FALSE,"Final tableS2 machine-readable parts"
"frozen_output","revision_work/results_rebuild/figureS2/outputs/tableS2/TableS2E_resolution_sweep_summary.csv","analysis/figureS2/outputs/tableS2/TableS2E_resolution_sweep_summary.csv",2585,"3fe1fa057f627d1ab4f93461c12c02401443603832444cb38d392af804199c8c",2585,"3fe1fa057f627d1ab4f93461c12c02401443603832444cb38d392af804199c8c",FALSE,"Final tableS2 machine-readable parts"
"frozen_output","revision_work/results_rebuild/figureS2/outputs/tableS2/TableS2F_resolution_sweep_per_partition.csv","analysis/figureS2/outputs/tableS2/TableS2F_resolution_sweep_per_partition.csv",9760,"6109b09dcc5805920de03fa85a26a701ba06f575a828c128821126cbe84229d5",9760,"6109b09dcc5805920de03fa85a26a701ba06f575a828c128821126cbe84229d5",FALSE,"Final tableS2 machine-readable parts"
"analysis_code","revision_work/results_rebuild/figureS2/scripts/91_prepare_glia_R1_figureS2_tableS2.R","analysis/figureS2/scripts/91_prepare_glia_R1_figureS2_tableS2.R",23987,"080b40ac1d019b6dc413ad507bc76bbba049e7568e0d098eaf29d36db4fa9056",24045,"b01fc0907099f752949f4e5c80b3a8aeda75868e222fc21ba3f1ff0b96267bdb",TRUE,"Figure S2 data preparation code with an explicit project-root argument"
"analysis_code","revision_work/results_rebuild/figureS2/scripts/92_plot_glia_R1_figureS2.R","analysis/figureS2/scripts/92_plot_glia_R1_figureS2.R",23132,"0e5f101feec159059a82f99b800dab253dd2dd4d23551dcb3f8be7e0463cd23f",23132,"0e5f101feec159059a82f99b800dab253dd2dd4d23551dcb3f8be7e0463cd23f",FALSE,"Final Figure S2 R plotting code"
"frozen_derived_data","revision_work/results_rebuild/figureS6/data/panel_ready/figS06_animal_panel_values.csv","analysis/figureS3/data/panel_ready/figS03_animal_panel_values.csv",1188,"234bcd2ceaad0a0d8579d0a99c23ebfa111b44a6d0d19e25511b490017d7c1b7",1188,"234bcd2ceaad0a0d8579d0a99c23ebfa111b44a6d0d19e25511b490017d7c1b7",TRUE,"Panel-ready inputs for final Figure S3"
"frozen_derived_data","revision_work/results_rebuild/figureS6/data/panel_ready/figS06_gate_table.csv","analysis/figureS3/data/panel_ready/figS03_gate_table.csv",760,"952588d00283580b2d1c2fac0d141617fa877a1526d4523b6b434e8d3a17f572",760,"952588d00283580b2d1c2fac0d141617fa877a1526d4523b6b434e8d3a17f572",TRUE,"Panel-ready inputs for final Figure S3"
"frozen_derived_data","revision_work/results_rebuild/figureS6/data/panel_ready/figS06_gene_delta_heatmap.csv","analysis/figureS3/data/panel_ready/figS03_gene_delta_heatmap.csv",2288,"6133ebef76e86fd4a5bc8a065cc5550fed28d444b873b0477f235e44e62a0c11",2288,"6133ebef76e86fd4a5bc8a065cc5550fed28d444b873b0477f235e44e62a0c11",TRUE,"Panel-ready inputs for final Figure S3"
"frozen_derived_data","revision_work/results_rebuild/figureS6/data/panel_ready/figS06_library_audit.csv","analysis/figureS3/data/panel_ready/figS03_library_audit.csv",2226,"ad29de56a5780b1e84a4fcb1bf7af0e82ed0ce77921b87b242f9bd2a5a618b6f",2226,"ad29de56a5780b1e84a4fcb1bf7af0e82ed0ce77921b87b242f9bd2a5a618b6f",TRUE,"Panel-ready inputs for final Figure S3"
"frozen_derived_data","revision_work/results_rebuild/figureS6/data/panel_ready/figS06_metadata.csv","analysis/figureS3/data/panel_ready/figS03_metadata.csv",1014,"d5feb2cd1408513fe6607d547e1509796b1ec2b4493ac37530a8bff968c2d4eb",1014,"a859056fa72b68356c904d175be3cdfa25b77ed964b2bc5a11c911ff20885798",TRUE,"Panel-ready inputs for final Figure S3"
"frozen_derived_data","revision_work/results_rebuild/figureS6/data/panel_ready/figS06_panel_effects_full_loo.csv","analysis/figureS3/data/panel_ready/figS03_panel_effects_full_loo.csv",2523,"43c7988bf2ecca861fb2d6691b5f96f98553cf6a46445fc6fcd9647af3c86ea5",2523,"43c7988bf2ecca861fb2d6691b5f96f98553cf6a46445fc6fcd9647af3c86ea5",TRUE,"Panel-ready inputs for final Figure S3"
"frozen_derived_data","revision_work/results_rebuild/figureS6/data/preflight/gse267933_primary_commoncell_pseudobulk_counts.csv.gz","analysis/figureS3/data/preflight/gse267933_primary_commoncell_pseudobulk_counts.csv.gz",176089,"837c67a5703aa438d6042b741306d6e7af34e327b118dfb0e262cd4db46c8e8c",176089,"837c67a5703aa438d6042b741306d6e7af34e327b118dfb0e262cd4db46c8e8c",FALSE,"Frozen GSE289098/GSE267933 same-cell preflight outputs"
"frozen_derived_data","revision_work/results_rebuild/figureS6/data/preflight/gse289098_barcode_audit.csv","analysis/figureS3/data/preflight/gse289098_barcode_audit.csv",645,"251c5929495f56793ccb5dbe8689d650d6f4daf673dc62e57a080aa99f3140bc",645,"251c5929495f56793ccb5dbe8689d650d6f4daf673dc62e57a080aa99f3140bc",FALSE,"Frozen GSE289098/GSE267933 same-cell preflight outputs"
"frozen_derived_data","revision_work/results_rebuild/figureS6/data/preflight/gse289098_common_cell_count_audit.csv","analysis/figureS3/data/preflight/gse289098_common_cell_count_audit.csv",411,"20c487d8afeaec1c14b82a2ef6d35cdd439a9638970013a30a9667c8c9d674dd",411,"20c487d8afeaec1c14b82a2ef6d35cdd439a9638970013a30a9667c8c9d674dd",FALSE,"Frozen GSE289098/GSE267933 same-cell preflight outputs"
"frozen_derived_data","revision_work/results_rebuild/figureS6/data/preflight/gse289098_common_cell_manifest.csv.gz","analysis/figureS3/data/preflight/gse289098_common_cell_manifest.csv.gz",57976,"189fb783c92e5b0149b0f937f98155bee131127b08e29c479778c8acbbf0a226",57976,"189fb783c92e5b0149b0f937f98155bee131127b08e29c479778c8acbbf0a226",FALSE,"Frozen GSE289098/GSE267933 same-cell preflight outputs"
"frozen_derived_data","revision_work/results_rebuild/figureS6/data/preflight/gse289098_gate_table.csv","analysis/figureS3/data/preflight/gse289098_gate_table.csv",714,"2709ac3ab34a5d9ecb35716f13288da92f17e9b900b1fb67735a7bfb2967e813",714,"2709ac3ab34a5d9ecb35716f13288da92f17e9b900b1fb67735a7bfb2967e813",FALSE,"Frozen GSE289098/GSE267933 same-cell preflight outputs"
"frozen_derived_data","revision_work/results_rebuild/figureS6/data/preflight/gse289098_gene_annotation.csv","analysis/figureS3/data/preflight/gse289098_gene_annotation.csv",740402,"339200ab3785c8927d6bf357edf58e4d8bb10801bb3fb85bdcfeebc49fdef375",740402,"339200ab3785c8927d6bf357edf58e4d8bb10801bb3fb85bdcfeebc49fdef375",FALSE,"Frozen GSE289098/GSE267933 same-cell preflight outputs"
"execution_provenance","revision_work/results_rebuild/figureS6/data/preflight/gse289098_input_manifest.csv","analysis/figureS3/data/preflight/gse289098_input_manifest.csv",2410,"ef430b6968023205b96d490d2c48cf27a7c76ed8af3e718f6e46ace6debe61f6",1967,"4929310970009ee9c488027778229921dc2052bc487826cf9f11f2f55ac70086",TRUE,"Input identities and hashes with private local paths sanitized"
"frozen_derived_data","revision_work/results_rebuild/figureS6/data/preflight/gse289098_integrated_commoncell_pseudobulk_counts.csv.gz","analysis/figureS3/data/preflight/gse289098_integrated_commoncell_pseudobulk_counts.csv.gz",175509,"29a207e3a313e92be29901b30b12400032b029e19b4d834fb106e8463971236e",175509,"29a207e3a313e92be29901b30b12400032b029e19b4d834fb106e8463971236e",FALSE,"Frozen GSE289098/GSE267933 same-cell preflight outputs"
"frozen_derived_data","revision_work/results_rebuild/figureS6/data/preflight/gse289098_library_mapping.csv","analysis/figureS3/data/preflight/gse289098_library_mapping.csv",772,"78465374c022a1cb855c4edb0e8dbddc3d1cc2c16ce8172cc3087444de3607c8",772,"78465374c022a1cb855c4edb0e8dbddc3d1cc2c16ce8172cc3087444de3607c8",FALSE,"Frozen GSE289098/GSE267933 same-cell preflight outputs"
"frozen_derived_data","revision_work/results_rebuild/figureS6/data/preflight/gse289098_panel_animal_values.csv","analysis/figureS3/data/preflight/gse289098_panel_animal_values.csv",506,"a32b045634f6587f3dca2b3af228bc4c472c8fbcd33336babeab4ce324c66647",506,"a32b045634f6587f3dca2b3af228bc4c472c8fbcd33336babeab4ce324c66647",FALSE,"Frozen GSE289098/GSE267933 same-cell preflight outputs"
"frozen_derived_data","revision_work/results_rebuild/figureS6/data/preflight/gse289098_payload_global_audit.csv","analysis/figureS3/data/preflight/gse289098_payload_global_audit.csv",1342,"ab0c33645300749cf75b7a56e45ce212887316231a4b07a23091a9759a083005",1342,"ab0c33645300749cf75b7a56e45ce212887316231a4b07a23091a9759a083005",FALSE,"Frozen GSE289098/GSE267933 same-cell preflight outputs"
"frozen_derived_data","revision_work/results_rebuild/figureS6/data/preflight/gse289098_payload_library_audit.csv","analysis/figureS3/data/preflight/gse289098_payload_library_audit.csv",1072,"a5701cb62d609c794a9600f6bd6db353de79db1fce3c10839f83a43a8884dd5f",1072,"a5701cb62d609c794a9600f6bd6db353de79db1fce3c10839f83a43a8884dd5f",FALSE,"Frozen GSE289098/GSE267933 same-cell preflight outputs"
"frozen_derived_data","revision_work/results_rebuild/figureS6/data/preflight/gse289098_selected_gene_payload_values.csv","analysis/figureS3/data/preflight/gse289098_selected_gene_payload_values.csv",4286,"6dc869122a0de78a9989559112e88a72d90ae7156b76554ed3b267dcab1837f5",4286,"6dc869122a0de78a9989559112e88a72d90ae7156b76554ed3b267dcab1837f5",FALSE,"Frozen GSE289098/GSE267933 same-cell preflight outputs"
"execution_provenance","revision_work/results_rebuild/figureS6/manifests/figS06_data_preparation_execution.json","analysis/figureS3/manifests/figS03_data_preparation_execution.json",3075,"24c1313a418c74ccb4cb64ac5713546f61d12f33ec02ecd84ba388d4d9b1e440",3075,"dc0242ad2082aa661a03df862a3bbff2a66d082fa8be70257eca0819aede3625",TRUE,"Same-cohort sensitivity execution metadata renumbered to final Figure S3"
"execution_provenance","revision_work/results_rebuild/figureS6/manifests/figS06_data_preparation_sessionInfo.txt","analysis/figureS3/manifests/figS03_data_preparation_sessionInfo.txt",2009,"6421855b12bc8d49c3f19b8ad74f9e7efae6caacc2e06dd30d873f6bcdf44df2",2009,"6421855b12bc8d49c3f19b8ad74f9e7efae6caacc2e06dd30d873f6bcdf44df2",TRUE,"Same-cohort sensitivity execution metadata renumbered to final Figure S3"
"execution_provenance","revision_work/results_rebuild/figureS6/manifests/figS06_panel_table_output_manifest.csv","analysis/figureS3/manifests/figS03_panel_table_output_manifest.csv",3032,"da4ce5611bd701e517399250d442ceee4cacf8ca5ceb972242c68a4f45ef8aa1",3032,"3e7a48dc52b34e4b8853c18b13a74547d5340a03165f75f425b537ac0e7775f2",TRUE,"Same-cohort sensitivity execution metadata renumbered to final Figure S3"
"execution_provenance","revision_work/results_rebuild/figureS6/manifests/figS06_plot_execution.json","analysis/figureS3/manifests/figS03_plot_execution.json",1358,"92c34a31467bd79866979d95e122504476d6aee123fc441ecd2e158a233aa169",1358,"6e2da8e39e612aad5adcb78f7e916e6e18880bf6880614fca4902d6a0bb33175",TRUE,"Same-cohort sensitivity execution metadata renumbered to final Figure S3"
"execution_provenance","revision_work/results_rebuild/figureS6/manifests/figS06_plot_input_manifest.csv","analysis/figureS3/manifests/figS03_plot_input_manifest.csv",662,"b4d2c3aed2e2e0b3a85508796c8da3eaf62b5303f48148e4ab60714306625d9f",662,"c8755aaf135af893c387d1d36ceb5b924785dcef606e5ef723c9f698bcb96845",TRUE,"Same-cohort sensitivity execution metadata renumbered to final Figure S3"
"execution_provenance","revision_work/results_rebuild/figureS6/manifests/figS06_plot_output_manifest.csv","analysis/figureS3/manifests/figS03_plot_output_manifest.csv",596,"b35a4cec97d1637308de2b0fb6cfc0ff96d1f67df8b662f05c6f536f2a72563d",596,"09ddcfd0f1492811ec6f4249c3766bb52a017661c3f62b65e12bbe5e7a86950f",TRUE,"Same-cohort sensitivity execution metadata renumbered to final Figure S3"
"execution_provenance","revision_work/results_rebuild/figureS6/manifests/figS06_plot_sessionInfo.txt","analysis/figureS3/manifests/figS03_plot_sessionInfo.txt",1413,"0b6bfc8a735561e26015f2fa9147143425beb7fde5293bc37bb452cc59282c77",1413,"0b6bfc8a735561e26015f2fa9147143425beb7fde5293bc37bb452cc59282c77",TRUE,"Same-cohort sensitivity execution metadata renumbered to final Figure S3"
"execution_provenance","revision_work/results_rebuild/figureS6/manifests/figS06_preflight_execution.json","analysis/figureS3/manifests/figS03_preflight_execution.json",1669,"d534a3efdcf7d162c814f65f32921bbdde5a8b8a7c984ac3c00ba3b86db86da0",1670,"300def6494e4f38205536f220c7ca58daf5902f549076cec3f3c4b0e8654a59b",TRUE,"Same-cohort sensitivity execution metadata renumbered to final Figure S3"
"execution_provenance","revision_work/results_rebuild/figureS6/manifests/figS06_preflight_output_manifest.csv","analysis/figureS3/manifests/figS03_preflight_output_manifest.csv",1616,"8e51be724789569dede4e0444fb0a2bc349b7e0b4b5a566f69f6ad4092ac72ef",1616,"8e51be724789569dede4e0444fb0a2bc349b7e0b4b5a566f69f6ad4092ac72ef",TRUE,"Same-cohort sensitivity execution metadata renumbered to final Figure S3"
"execution_provenance","revision_work/results_rebuild/figureS6/manifests/figS06_preflight_sessionInfo.txt","analysis/figureS3/manifests/figS03_preflight_sessionInfo.txt",113,"b926002efd06143b46b64291e1c1c0e8adc19753051091b345b9e22add1054c3",113,"b926002efd06143b46b64291e1c1c0e8adc19753051091b345b9e22add1054c3",TRUE,"Same-cohort sensitivity execution metadata renumbered to final Figure S3"
"execution_provenance","revision_work/results_rebuild/figureS6/manifests/figS06_render_warnings.txt","analysis/figureS3/manifests/figS03_render_warnings.txt",5,"af5d8a21858f42808c9bcc17012b77bcc2fd6ab3b071dbd4a05f13f410470541",5,"af5d8a21858f42808c9bcc17012b77bcc2fd6ab3b071dbd4a05f13f410470541",TRUE,"Same-cohort sensitivity execution metadata renumbered to final Figure S3"
"execution_provenance","revision_work/results_rebuild/figureS6/manifests/figS06_source_manifest.csv","analysis/figureS3/manifests/figS03_source_manifest.csv",5127,"60cb94d7c60e7b0ea8c71ac267589a4bb0d515ed325b8ddf51010bee42070e02",4124,"4d7e353f92a5ead4832796df65f40f4345073f6d0cf97decc05a49b7cfbebd56",TRUE,"Same-cohort sensitivity execution metadata renumbered to final Figure S3"
"frozen_output","revision_work/results_rebuild/figureS3/outputs/FigureS3_same_cohort_count_payload_sensitivity_preview.png","analysis/figureS3/outputs/FigureS3_same_cohort_count_payload_sensitivity_preview.png",119236,"1171656ce1a3ee9d8da0db8ab751486ac1e2564663a58c137839b2adacd31fc0",119236,"1171656ce1a3ee9d8da0db8ab751486ac1e2564663a58c137839b2adacd31fc0",FALSE,"Final Figure S3 artifacts"
"frozen_output","revision_work/results_rebuild/figureS3/outputs/FigureS3_same_cohort_count_payload_sensitivity.pdf","analysis/figureS3/outputs/FigureS3_same_cohort_count_payload_sensitivity.pdf",75878,"6a9f0aa8dd4149dce1cda56de13946810721b75d46f35d9640b9b4f1e5d4c8e8",75878,"6a9f0aa8dd4149dce1cda56de13946810721b75d46f35d9640b9b4f1e5d4c8e8",FALSE,"Final Figure S3 artifacts"
"frozen_output","revision_work/results_rebuild/figureS3/outputs/FigureS3_same_cohort_count_payload_sensitivity.rds","analysis/figureS3/outputs/FigureS3_same_cohort_count_payload_sensitivity.rds",167488,"886bc91dd7f7240291b5229f38853e53b064bee1002e0d741e528b89ce5b7e8f",167488,"886bc91dd7f7240291b5229f38853e53b064bee1002e0d741e528b89ce5b7e8f",FALSE,"Final Figure S3 artifacts"
"frozen_output","revision_work/results_rebuild/figureS3/outputs/FigureS3_same_cohort_count_payload_sensitivity.tiff","analysis/figureS3/outputs/FigureS3_same_cohort_count_payload_sensitivity.tiff",392736,"a7135f3ed0023af0a905065b0837adde053e2ee73f1a1a0dd2f0a2949c63ba1f",392736,"a7135f3ed0023af0a905065b0837adde053e2ee73f1a1a0dd2f0a2949c63ba1f",FALSE,"Final Figure S3 artifacts"
"frozen_output","revision_work/results_rebuild/figureS6/outputs/tableS6/TableS6_data_dictionary.csv","analysis/figureS3/outputs/tableS6/TableS6_data_dictionary.csv",1451,"bc4cc0ade974b104cf6dea14a1f84b51e0058b38b7423d31eaaebc2e9c3a0a41",1451,"bc4cc0ade974b104cf6dea14a1f84b51e0058b38b7423d31eaaebc2e9c3a0a41",FALSE,"Final Table S6 machine-readable parts"
"frozen_output","revision_work/results_rebuild/figureS6/outputs/tableS6/TableS6A_global_payload_and_gate_audit.csv","analysis/figureS3/outputs/tableS6/TableS6A_global_payload_and_gate_audit.csv",1652,"77015d511855b7557587e06fe344633b3637189e7decb67ed750a1c93a3b044b",1652,"77015d511855b7557587e06fe344633b3637189e7decb67ed750a1c93a3b044b",FALSE,"Final Table S6 machine-readable parts"
"frozen_output","revision_work/results_rebuild/figureS6/outputs/tableS6/TableS6B_library_mapping_and_counts.csv","analysis/figureS3/outputs/tableS6/TableS6B_library_mapping_and_counts.csv",2226,"ad29de56a5780b1e84a4fcb1bf7af0e82ed0ce77921b87b242f9bd2a5a618b6f",2226,"ad29de56a5780b1e84a4fcb1bf7af0e82ed0ce77921b87b242f9bd2a5a618b6f",FALSE,"Final Table S6 machine-readable parts"
"frozen_output","revision_work/results_rebuild/figureS6/outputs/tableS6/TableS6C_paired_animal_values.csv","analysis/figureS3/outputs/tableS6/TableS6C_paired_animal_values.csv",7365,"d31572fcce3fe9be188e64541b0bf22f10c0cb4d2af1ee6790b9f3367b65146a",7365,"d31572fcce3fe9be188e64541b0bf22f10c0cb4d2af1ee6790b9f3367b65146a",FALSE,"Final Table S6 machine-readable parts"
"frozen_output","revision_work/results_rebuild/figureS6/outputs/tableS6/TableS6D_paired_direct_full_effects.csv","analysis/figureS3/outputs/tableS6/TableS6D_paired_direct_full_effects.csv",3723,"18fe536aa3da051494f8289abcea98a780791740a7d7a7957ba62f51d43ad1d2",3723,"18fe536aa3da051494f8289abcea98a780791740a7d7a7957ba62f51d43ad1d2",FALSE,"Final Table S6 machine-readable parts"
"frozen_output","revision_work/results_rebuild/figureS6/outputs/tableS6/TableS6E_panel_full_and_leave_one_out.csv","analysis/figureS3/outputs/tableS6/TableS6E_panel_full_and_leave_one_out.csv",2523,"43c7988bf2ecca861fb2d6691b5f96f98553cf6a46445fc6fcd9647af3c86ea5",2523,"43c7988bf2ecca861fb2d6691b5f96f98553cf6a46445fc6fcd9647af3c86ea5",FALSE,"Final Table S6 machine-readable parts"
"frozen_output","revision_work/results_rebuild/figureS6/outputs/tableS6/TableS6F_selected_gene_deseq2.csv","analysis/figureS3/outputs/tableS6/TableS6F_selected_gene_deseq2.csv",2838,"3aa498ded32cc06007c8ae5fb0ed583c8efd504d1b1569c25ec64485cf0f1e9e",2838,"3aa498ded32cc06007c8ae5fb0ed583c8efd504d1b1569c25ec64485cf0f1e9e",FALSE,"Final Table S6 machine-readable parts"
"frozen_output","revision_work/results_rebuild/figureS6/outputs/tableS6/TableS6G_deseq2_size_factors.csv","analysis/figureS3/outputs/tableS6/TableS6G_deseq2_size_factors.csv",397,"cfbbea890657f9bf5576786ee1e23c68c117b5394d766bc0a9e327033c5d259e",397,"cfbbea890657f9bf5576786ee1e23c68c117b5394d766bc0a9e327033c5d259e",FALSE,"Final Table S6 machine-readable parts"
"frozen_output","revision_work/results_rebuild/figureS6/outputs/tableS6/TableS6H_gene_full_and_leave_one_out.csv","analysis/figureS3/outputs/tableS6/TableS6H_gene_full_and_leave_one_out.csv",11865,"c74d1fccedc7401c9b92eca7db88047d65d7555a991cfc4588619a34801101df",11865,"c74d1fccedc7401c9b92eca7db88047d65d7555a991cfc4588619a34801101df",FALSE,"Final Table S6 machine-readable parts"
"analysis_code","revision_work/results_rebuild/figureS6/scripts/88_preflight_gse289098_common_payload.py","analysis/figureS3/scripts/88_preflight_gse289098_common_payload.py",31781,"b30610dbe04d497515c1139d08e0710c665b0f5e7d51687b555e1c06feb3e01c",31781,"86b622071696def8f52a6cee1251bcfe5b6b02225daa289fc7f21fc72179fd4b",TRUE,"Same-cohort count-payload sensitivity code, renumbered to final Figure S3"
"analysis_code","revision_work/results_rebuild/figureS6/scripts/89_prepare_glia_R1_figureS6_tableS6.R","analysis/figureS3/scripts/89_prepare_figureS3_tableS6.R",39859,"32b88645d2249f3e1da7d06733dbaf81968d2859efc3408111d31d5785f3bf98",39859,"7adf246d169d9904fe68d9ceba388aa9c313a36474bf5c05cd2a6d236607c5c7",TRUE,"Same-cohort count-payload sensitivity code, renumbered to final Figure S3"
"analysis_code","revision_work/results_rebuild/figureS6/scripts/90_plot_glia_R1_figureS6.R","analysis/figureS3/scripts/90_plot_figureS3.R",21779,"4895908b4129a82c5bc78f6fde9f07751f56fbd9dc0b324871198a19703c55b3",21779,"f271ac9ff62226027c2d9b094d50bf600884f2bd9dee158e4341149752c9ac28",TRUE,"Same-cohort count-payload sensitivity code, renumbered to final Figure S3"
"display_contract","revision_work/results_rebuild/RESULTS_DISPLAY_MAP_V2_20260820.md","analysis/RESULTS_DISPLAY_MAP_V2_20260820.md",7294,"2a69720a94eaa18f507624a69884eff6ecd4ac988c6eb5c8ff36757deffbf518",7294,"2a69720a94eaa18f507624a69884eff6ecd4ac988c6eb5c8ff36757deffbf518",TRUE,"Frozen final display-role and numbering contract"
"frozen_derived_data","independent_audit/doublet_negative_gene_and_panel_effects.csv","analysis/source_audit/data/doublet_negative_gene_and_panel_effects.csv",7100,"c60ca3b1b3f861677b0c20c8b4a63ebb41d52227bc19c15564418b8f762f0715",7100,"c60ca3b1b3f861677b0c20c8b4a63ebb41d52227bc19c15564418b8f762f0715",FALSE,"Frozen source-audit outputs used by current analyses"
"frozen_derived_data","independent_audit/doublet_negative_gene_and_panel_loo.csv","analysis/source_audit/data/doublet_negative_gene_and_panel_loo.csv",27707,"e33cf79f5a57cd490582a1d133ef58caf562a7388c1d80dac4783d73cd6d9ad5",27707,"e33cf79f5a57cd490582a1d133ef58caf562a7388c1d80dac4783d73cd6d9ad5",FALSE,"Frozen source-audit outputs used by current analyses"
"frozen_derived_data","independent_audit/score_genes_doublet_negative_canonical_animal_values.csv","analysis/source_audit/data/score_genes_doublet_negative_canonical_animal_values.csv",355,"b814dc3905b26f25326b7b6267500f615b9b2def9d5871d5b718e0126dd42359",355,"b814dc3905b26f25326b7b6267500f615b9b2def9d5871d5b718e0126dd42359",FALSE,"Frozen source-audit outputs used by current analyses"
"frozen_derived_data","independent_audit/score_genes_doublet_negative_leave_one_gene_out.csv","analysis/source_audit/data/score_genes_doublet_negative_leave_one_gene_out.csv",2826,"a9067c096c250f993fa05458906e90a7e6045c8d29b368464d144f1935033e46",2826,"a9067c096c250f993fa05458906e90a7e6045c8d29b368464d144f1935033e46",FALSE,"Frozen source-audit outputs used by current analyses"
"frozen_derived_data","independent_audit/score_genes_fixed_component_animal_values.csv","analysis/source_audit/data/score_genes_fixed_component_animal_values.csv",788,"e51e891369840e40d673f80fe99fa160020e52796656791cfd9f966742c8865b",788,"e51e891369840e40d673f80fe99fa160020e52796656791cfd9f966742c8865b",FALSE,"Frozen source-audit outputs used by current analyses"
"frozen_derived_data","independent_audit/score_genes_fixed_component_configuration.csv","analysis/source_audit/data/score_genes_fixed_component_configuration.csv",1358,"ff23987b375e42554e2ce0f80e1ff2688ef5c5c847925b83a47c865f3a2482c5",1358,"ff23987b375e42554e2ce0f80e1ff2688ef5c5c847925b83a47c865f3a2482c5",FALSE,"Frozen source-audit outputs used by current analyses"
"frozen_derived_data","independent_audit/score_genes_fixed_component_control_genes.csv","analysis/source_audit/data/score_genes_fixed_component_control_genes.csv",53925,"06171bb37a938bfb628ea9917a2d2183d7ad2ea7b056f43c13de4f9fcecea962",53925,"06171bb37a938bfb628ea9917a2d2183d7ad2ea7b056f43c13de4f9fcecea962",FALSE,"Frozen source-audit outputs used by current analyses"
"frozen_derived_data","independent_audit/score_genes_fixed_component_effects_full_and_loo.csv","analysis/source_audit/data/score_genes_fixed_component_effects_full_and_loo.csv",2850,"48223d29efd427d5b190e2866ed09d4ac34dff503970b145ad94a80961f5db27",2850,"48223d29efd427d5b190e2866ed09d4ac34dff503970b145ad94a80961f5db27",FALSE,"Frozen source-audit outputs used by current analyses"
"frozen_derived_data","independent_audit/score_genes_sensitivity_doublet_negative_summary.csv","analysis/source_audit/data/score_genes_sensitivity_doublet_negative_summary.csv",1834,"3100adddb8a31427e4f278aba86ba0a93fd6f8ce604a478f0046cee19bb9a475",1834,"3100adddb8a31427e4f278aba86ba0a93fd6f8ce604a478f0046cee19bb9a475",FALSE,"Frozen source-audit outputs used by current analyses"
"frozen_derived_data","independent_audit/score_genes_sensitivity_doublet_negative.csv","analysis/source_audit/data/score_genes_sensitivity_doublet_negative.csv",19231,"5c653b804e43b4d15f7819355d24d11784055108528cb4df2589eb67a6e7c3ba",19231,"5c653b804e43b4d15f7819355d24d11784055108528cb4df2589eb67a6e7c3ba",FALSE,"Frozen source-audit outputs used by current analyses"
"frozen_derived_data","independent_audit/scrublet_negative_analysis_manifest.csv","analysis/source_audit/data/scrublet_negative_analysis_manifest.csv",343,"416d2535a5661100c4759948a8d455b3a594b7ee9ea973aaa9fe559a19cc4ae6",343,"416d2535a5661100c4759948a8d455b3a594b7ee9ea973aaa9fe559a19cc4ae6",FALSE,"Frozen source-audit outputs used by current analyses"
"frozen_derived_data","independent_audit/scrublet_negative_count_audit.csv","analysis/source_audit/data/scrublet_negative_count_audit.csv",723,"36adb206693d7862910e33cf90e23553d9880110c62e18805efbf8d3788fc4a3",723,"36adb206693d7862910e33cf90e23553d9880110c62e18805efbf8d3788fc4a3",FALSE,"Frozen source-audit outputs used by current analyses"
"frozen_derived_data","independent_audit/scrublet_negative_deseq2_full.csv","analysis/source_audit/data/scrublet_negative_deseq2_full.csv",2395520,"9201d9a714ac82941732ed71e0b1428e361d03b03b9e13b67c3532401abfd6cc",2395520,"9201d9a714ac82941732ed71e0b1428e361d03b03b9e13b67c3532401abfd6cc",FALSE,"Frozen source-audit outputs used by current analyses"
"frozen_derived_data","independent_audit/scrublet_negative_deseq2_loo.csv.gz","analysis/source_audit/data/scrublet_negative_deseq2_loo.csv.gz",6302962,"958d441d6a8dbf4d1977b3ab761afeac3a18c3937f53fd201edcf8344a5a32a3",6302962,"958d441d6a8dbf4d1977b3ab761afeac3a18c3937f53fd201edcf8344a5a32a3",FALSE,"Frozen source-audit outputs used by current analyses"
"frozen_derived_data","independent_audit/scrublet_negative_gene_annotation.csv","analysis/source_audit/data/scrublet_negative_gene_annotation.csv",351746,"d790888fdf2c86e5e45b7329aa492ef63e054abed40d382777c74324c6afe412",351746,"d790888fdf2c86e5e45b7329aa492ef63e054abed40d382777c74324c6afe412",FALSE,"Frozen source-audit outputs used by current analyses"
"frozen_derived_data","independent_audit/scrublet_negative_hallmark_focus_loo.csv","analysis/source_audit/data/scrublet_negative_hallmark_focus_loo.csv",12329,"d5199885b4dfd9ecb509bde95d9140edf4fdb027cddbe0e292d54fd5bf064452",12329,"d5199885b4dfd9ecb509bde95d9140edf4fdb027cddbe0e292d54fd5bf064452",FALSE,"Frozen source-audit outputs used by current analyses"
"frozen_derived_data","independent_audit/scrublet_negative_hallmark_full_and_loo.csv","analysis/source_audit/data/scrublet_negative_hallmark_full_and_loo.csv",139979,"0c4fd62c520890dbb3f67181f59dbb2da3ef17969c7e55eaea8a549d0966e5a9",139979,"0c4fd62c520890dbb3f67181f59dbb2da3ef17969c7e55eaea8a549d0966e5a9",FALSE,"Frozen source-audit outputs used by current analyses"
"frozen_derived_data","independent_audit/scrublet_negative_pseudobulk_counts.csv.gz","analysis/source_audit/data/scrublet_negative_pseudobulk_counts.csv.gz",176078,"47c7c33e2cdd9f827e2363b42606b0ae6e6802a85bf321f77da65a8d27067666",176078,"47c7c33e2cdd9f827e2363b42606b0ae6e6802a85bf321f77da65a8d27067666",FALSE,"Frozen source-audit outputs used by current analyses"
"frozen_derived_data","independent_audit/scrublet_negative_sample_meta.csv","analysis/source_audit/data/scrublet_negative_sample_meta.csv",116,"b73123d1aad0768ebd59dda00e61f639968704e833139c2e10e4a4b6dd780fff",116,"b73123d1aad0768ebd59dda00e61f639968704e833139c2e10e4a4b6dd780fff",FALSE,"Frozen source-audit outputs used by current analyses"
"frozen_derived_data","independent_audit/scrublet_negative_selected_panel_animal_values.csv","analysis/source_audit/data/scrublet_negative_selected_panel_animal_values.csv",2036,"182b4f7a14f67b1df5c5c7035cb88229822cdb8e1dd21187160ddf4e9fc3a213",2036,"182b4f7a14f67b1df5c5c7035cb88229822cdb8e1dd21187160ddf4e9fc3a213",FALSE,"Frozen source-audit outputs used by current analyses"
"frozen_derived_data","independent_audit/scrublet_negative_selected_panel_effect_loo.csv","analysis/source_audit/data/scrublet_negative_selected_panel_effect_loo.csv",702,"9fdd5febb9f09a77d32e2bc7245e04cd2e06538cfbff421958c0eff4996025e6",702,"9fdd5febb9f09a77d32e2bc7245e04cd2e06538cfbff421958c0eff4996025e6",FALSE,"Frozen source-audit outputs used by current analyses"
"frozen_derived_data","independent_audit/scrublet_negative_vs_allcell_hallmark.csv","analysis/source_audit/data/scrublet_negative_vs_allcell_hallmark.csv",15157,"778e6c2e0037b0ba8d43e20234433767e7d20ce4fda3434b9b08e5b0a9486a1e",15157,"778e6c2e0037b0ba8d43e20234433767e7d20ce4fda3434b9b08e5b0a9486a1e",FALSE,"Frozen source-audit outputs used by current analyses"
"frozen_derived_data","independent_audit/scrublet_negative_vs_allcell_selected_panel.csv","analysis/source_audit/data/scrublet_negative_vs_allcell_selected_panel.csv",1429,"5f50e131d7e6608cf2d74ffdb24c0070a92e7e4eec868b3b120f5593badbc5a9",1429,"5f50e131d7e6608cf2d74ffdb24c0070a92e7e4eec868b3b120f5593badbc5a9",FALSE,"Frozen source-audit outputs used by current analyses"
"frozen_derived_data","independent_audit/subtyped_stored_graph_pairwise_ari.csv","analysis/source_audit/data/subtyped_stored_graph_pairwise_ari.csv",392,"7ed501ef6808cf6f8a8bcc91a4a6b78ecaa5f931e64ea999e63c5cbe348ea8c9",392,"7ed501ef6808cf6f8a8bcc91a4a6b78ecaa5f931e64ea999e63c5cbe348ea8c9",FALSE,"Frozen source-audit outputs used by current analyses"
"frozen_derived_data","independent_audit/subtyped_stored_graph_seed_stability.csv","analysis/source_audit/data/subtyped_stored_graph_seed_stability.csv",162,"531db343727ecb498134b805cc5b8e776d3917a10d51f176e8edc9444ebdab3f",162,"531db343727ecb498134b805cc5b8e776d3917a10d51f176e8edc9444ebdab3f",FALSE,"Frozen source-audit outputs used by current analyses"
"analysis_code","independent_audit/audit_cluster_stability_inputs.py","analysis/source_audit/scripts/audit_cluster_stability_inputs.py",5570,"1d940a77ade4cce87215355fb582be4fdcc90cb2ed83d4efd0f2b5c570abadc7",5585,"e8435e6f499afe958500312ccb6f185efba8cff437c22fcc9bb088d5e09821c9",TRUE,"Read-only source audits supporting the frozen revision package"
"analysis_code","independent_audit/audit_doublet_negative_targeted.py","analysis/source_audit/scripts/audit_doublet_negative_targeted.py",19875,"d22eee4d90b01e290e0bd42bcd8237ce6a24a976dd82058a1b3d794a4b269e9b",19890,"916658b147859e93836a615fff279db8ed739c2d4a3dc5095c7f5d9b7b4a33da",TRUE,"Read-only source audits supporting the frozen revision package"
"analysis_code","independent_audit/audit_gse283401_time_interaction.R","analysis/source_audit/scripts/audit_gse283401_time_interaction.R",4674,"7b250e201c917c47a1d66fba36b1ed2900a28851c1bc5b2927e63ed4f1c4cebe",4792,"cdaeb62d521115bfd5958ba8611993969ec083fb1d6120a03d43cd3396eecf56",TRUE,"Read-only source audits supporting the frozen revision package"
"analysis_code","independent_audit/audit_hallmark_database_harmonization.R","analysis/source_audit/scripts/audit_hallmark_database_harmonization.R",6610,"bf5272ea8686dfc7829adcc13fda81200cbda54eed9c8fe9b74ed39f082e28e3",6728,"9d275ed763dfdb1035a83a6e85c6c0ec2220d6d5de17020abaf12c64ca7544f1",TRUE,"Read-only source audits supporting the frozen revision package"
"analysis_code","independent_audit/audit_ifn_sample_level.py","analysis/source_audit/scripts/audit_ifn_sample_level.py",15753,"afd9c0ff7e3fb649744c7aa53d3cb02203bb122491ac50f886d92a6eb7580ecd",15768,"566abd7a483a9a9c008bd2ba04d879e2b9bd04ef22dfed3621433bbed241f317",TRUE,"Read-only source audits supporting the frozen revision package"
"analysis_code","independent_audit/audit_primary_hallmark_gsea.R","analysis/source_audit/scripts/audit_primary_hallmark_gsea.R",2359,"a36781165bbe8b2d97949597fced5843a1c753aee1bd9beba069dc06c9c952b5",2477,"837bbc5593bb0d01b75db6fb5f1f0e09036cff366209128081acf9700b853adc",TRUE,"Read-only source audits supporting the frozen revision package"
"analysis_code","independent_audit/audit_primary_pseudobulk_loo.R","analysis/source_audit/scripts/audit_primary_pseudobulk_loo.R",3847,"1cc9b860ff41fb51cb6da3aa3a059c4130e4013a2a2c862a00d04d2117fb2534",3965,"f421072e60615c381119f33a1781b99677c4ced131fea103e276231df76f7ba8",TRUE,"Read-only source audits supporting the frozen revision package"
"analysis_code","independent_audit/audit_score_genes_doublet_negative.py","analysis/source_audit/scripts/audit_score_genes_doublet_negative.py",19739,"69d20373d0a16119ac374fe4e3dd0adcf9d7be792102b838d1d5f62dbb50a83c",19744,"c43a0a43466bfe76d04aa64b16682a6ce6471fa488a7bfcd47d0cdac4dd00a05",TRUE,"Read-only source audits supporting the frozen revision package"
"analysis_code","independent_audit/audit_score_genes_fixed_component_decomposition.py","analysis/source_audit/scripts/audit_score_genes_fixed_component_decomposition.py",27168,"dd9e3b77cad46c1b2fb09faf3efaa849a66310d7d453f5baaf5ef4a76bdd11aa",27173,"8a6a170f6b6b3acff609363366471ef24989447de03153aa7a55aaa6aa0ae9b6",TRUE,"Read-only source audits supporting the frozen revision package"
"analysis_code","independent_audit/audit_score_genes_sensitivity.py","analysis/source_audit/scripts/audit_score_genes_sensitivity.py",5337,"0263de9f7ad351370aa169ca62085071f586a1520bbcb9316b9ffc75e9fb2711",5352,"700a82ce713eea70bbafd44b43906e35539be2da2472a813fb34e06dc1c9f250",TRUE,"Read-only source audits supporting the frozen revision package"
"analysis_code","independent_audit/audit_scrublet_negative_deseq_gsea.R","analysis/source_audit/scripts/audit_scrublet_negative_deseq_gsea.R",17158,"b1685580656e87593f04cc1c54ef79e6e9c580815f6a9961fe5a447655653f42",17276,"12f6b7f6740100794d9d36bca1214c956f857731fa3a4a4bdae5ebec1e7d869f",TRUE,"Read-only source audits supporting the frozen revision package"
"analysis_code","independent_audit/audit_scrublet_negative_extract.py","analysis/source_audit/scripts/audit_scrublet_negative_extract.py",11267,"a20e576b9185924b51676d4ae2e024f075bbf9af9009d9f16255ebffb2add9b4",11282,"0a1b3c804fd7276158a8515bd9e2adf1fe00168d26ed57482633e55f4b826dc0",TRUE,"Read-only source audits supporting the frozen revision package"
"frozen_derived_data","revision_work/results_rebuild/tables1_2/data/canonical/table01_qc_numeric.csv","analysis/tables1_2/data/canonical/table01_qc_numeric.csv",930,"4959d81be5ab9b66573390459f966656f4a02919a657b2ae3299abdeedf3dfcc",930,"4959d81be5ab9b66573390459f966656f4a02919a657b2ae3299abdeedf3dfcc",FALSE,"Canonical numeric payload for Tables 1-2"
"frozen_derived_data","revision_work/results_rebuild/tables1_2/data/canonical/table02_composition_long.csv","analysis/tables1_2/data/canonical/table02_composition_long.csv",2365,"6d44e742620d0c27f0bc1eda0ea1d63fc13589181936dd872eb6cdca70e3b553",2365,"6d44e742620d0c27f0bc1eda0ea1d63fc13589181936dd872eb6cdca70e3b553",FALSE,"Canonical numeric payload for Tables 1-2"
"frozen_derived_data","revision_work/results_rebuild/tables1_2/data/canonical/table02_statistics.csv","analysis/tables1_2/data/canonical/table02_statistics.csv",1066,"bd343b204004fe469eadd19da5df36361ff6b02149a47438f1c831d321dcee73",1066,"bd343b204004fe469eadd19da5df36361ff6b02149a47438f1c831d321dcee73",FALSE,"Canonical numeric payload for Tables 1-2"
"frozen_derived_data","revision_work/results_rebuild/tables1_2/data/canonical/tables1_2_text.json","analysis/tables1_2/data/canonical/tables1_2_text.json",2087,"87ce801ce4ae9d61710f41dc1276254d57212ddf123fbb0affcd0e38ca712f17",2087,"87ce801ce4ae9d61710f41dc1276254d57212ddf123fbb0affcd0e38ca712f17",FALSE,"Canonical numeric payload for Tables 1-2"
"execution_provenance","revision_work/results_rebuild/tables1_2/manifests/tables1_2_docx_manifest.json","analysis/tables1_2/manifests/tables1_2_docx_manifest.json",1070,"d7beaca5393978f9d03798908c00628b5cd2c10048ac10f6f6b492ccbdbb4372",1011,"55b4a0b713ce05e2fe89102283a3fe38784340076d28df325e13d213dce15fb8",TRUE,"Tables 1-2 execution metadata"
"execution_provenance","revision_work/results_rebuild/tables1_2/manifests/tables1_2_execution.json","analysis/tables1_2/manifests/tables1_2_execution.json",954,"4eb4638fe2820b22c5147b812c98cd92df70a15c4fc96cb0e4474e3f6e2610a8",954,"4eb4638fe2820b22c5147b812c98cd92df70a15c4fc96cb0e4474e3f6e2610a8",TRUE,"Tables 1-2 execution metadata"
"execution_provenance","revision_work/results_rebuild/tables1_2/manifests/tables1_2_output_manifest.csv","analysis/tables1_2/manifests/tables1_2_output_manifest.csv",1316,"7857e348dcb1f96bb08e35b44aee31f3a64b33af098dbaaaa01c5bf070e00325",1316,"7857e348dcb1f96bb08e35b44aee31f3a64b33af098dbaaaa01c5bf070e00325",TRUE,"Tables 1-2 execution metadata"
"execution_provenance","revision_work/results_rebuild/tables1_2/manifests/tables1_2_sessionInfo.txt","analysis/tables1_2/manifests/tables1_2_sessionInfo.txt",1129,"d72c5745144a7f569dfbb77972f9d681e9949f24fdca1d1fe3b89da3b138df20",1129,"d72c5745144a7f569dfbb77972f9d681e9949f24fdca1d1fe3b89da3b138df20",TRUE,"Tables 1-2 execution metadata"
"execution_provenance","revision_work/results_rebuild/tables1_2/manifests/tables1_2_source_manifest.csv","analysis/tables1_2/manifests/tables1_2_source_manifest.csv",707,"21690faba905a73493d8c7d250175fbeea6555e0133e97e01b0f0ff8a96904cb",707,"21690faba905a73493d8c7d250175fbeea6555e0133e97e01b0f0ff8a96904cb",TRUE,"Tables 1-2 execution metadata"
"frozen_output","revision_work/results_rebuild/tables1_2/outputs/Table1_microglial_analysis_set_audit.csv","analysis/tables1_2/outputs/Table1_microglial_analysis_set_audit.csv",914,"1f9929f01719b771f1f71ad74bc4ea2d8cf26c5172b3a849c2aaac96363061a9",914,"1f9929f01719b771f1f71ad74bc4ea2d8cf26c5172b3a849c2aaac96363061a9",FALSE,"Final main-table artifacts"
"frozen_output","revision_work/results_rebuild/tables1_2/outputs/Table2_partA_per_animal_composition.csv","analysis/tables1_2/outputs/Table2_partA_per_animal_composition.csv",657,"8d5f4cc5b073d8d9ce5e9d5b8ea194a284107a1ac0e1cca343a940e3d2aa1397",657,"8d5f4cc5b073d8d9ce5e9d5b8ea194a284107a1ac0e1cca343a940e3d2aa1397",FALSE,"Final main-table artifacts"
"frozen_output","revision_work/results_rebuild/tables1_2/outputs/Table2_partB_animal_level_contrasts.csv","analysis/tables1_2/outputs/Table2_partB_animal_level_contrasts.csv",506,"6a7709dc53e95ab20a3df438a0fefcfc0bfa27564dd7380fab97ef522087e743",506,"6a7709dc53e95ab20a3df438a0fefcfc0bfa27564dd7380fab97ef522087e743",FALSE,"Final main-table artifacts"
"analysis_code","revision_work/results_rebuild/tables1_2/scripts/80_prepare_glia_R1_tables1_2.R","analysis/tables1_2/scripts/80_prepare_glia_R1_tables1_2.R",21707,"fb1810f3925a1115478c0a63923abe012dd4085b27a14c186b92ab68117511d0",21707,"fb1810f3925a1115478c0a63923abe012dd4085b27a14c186b92ab68117511d0",FALSE,"Tables 1-2 preparation code"
"canonical_documentation","EXTERNAL_CANONICAL/figure_legends_glia.md","docs/manuscript_snapshot/figure_legends_glia.md",21603,"266b4745823782f0269261292b3d559c9bb90aab058bf4d1ef9d5fbecab21b14",21603,"266b4745823782f0269261292b3d559c9bb90aab058bf4d1ef9d5fbecab21b14",TRUE,"Frozen GLIA revision figure_legends snapshot"
"canonical_documentation","EXTERNAL_CANONICAL/methods_glia.md","docs/manuscript_snapshot/methods_glia.md",18221,"4d4e1f6ead5f82abacf407c6fd36be05910cb9c41184e34f92fed9e59cec840e",18221,"4d4e1f6ead5f82abacf407c6fd36be05910cb9c41184e34f92fed9e59cec840e",TRUE,"Frozen GLIA revision methods snapshot"
"canonical_documentation","EXTERNAL_CANONICAL/supplementary_glia.md","docs/manuscript_snapshot/supplementary_glia.md",74692,"53dc0394ca88d48fbee2aa51a0d4836201e06ca50f0ceb4f6624f0ef1d625853",74692,"53dc0394ca88d48fbee2aa51a0d4836201e06ca50f0ceb4f6624f0ef1d625853",TRUE,"Frozen GLIA revision supplementary snapshot"
"canonical_documentation","EXTERNAL_CANONICAL/tables_glia.md","docs/manuscript_snapshot/tables_glia.md",4583,"c5ad46a92888013de32675014fa9170c9f007eb896b41d89475bd890f5c794d3",4583,"c5ad46a92888013de32675014fa9170c9f007eb896b41d89475bd890f5c794d3",TRUE,"Frozen GLIA revision tables snapshot"
"canonical_documentation","EXTERNAL_CANONICAL/title_glia.md","docs/manuscript_snapshot/title_glia.md",1245,"7590254dcee2807ec744d5caa6613e7cfc20899c5dcbddaafa80936f97f8910f",1245,"7590254dcee2807ec744d5caa6613e7cfc20899c5dcbddaafa80936f97f8910f",TRUE,"Frozen GLIA revision title snapshot"
"canonical_documentation","revision_work/results_rebuild/supplementary_suite/clean_table_payload/captions/TABLES1_TITLE_NOTES.md","docs/table_captions/TABLES1_TITLE_NOTES.md",1671,"d6296d1b6e7e5ad4f0afb87650cfdc8594b90b7a9249eac4876c834384149a32",1671,"d6296d1b6e7e5ad4f0afb87650cfdc8594b90b7a9249eac4876c834384149a32",FALSE,"Clean Table S1-S6 titles and notes"
"canonical_documentation","revision_work/results_rebuild/supplementary_suite/clean_table_payload/captions/TABLES2_TITLE_NOTES.md","docs/table_captions/TABLES2_TITLE_NOTES.md",3953,"007f04d84d61b221bd97b6999619f4e7b3688da4f820152239ef2e9b0a4ec6b1",3953,"007f04d84d61b221bd97b6999619f4e7b3688da4f820152239ef2e9b0a4ec6b1",FALSE,"Clean Table S1-S6 titles and notes"
"canonical_documentation","revision_work/results_rebuild/supplementary_suite/clean_table_payload/captions/TABLES3_TITLE_NOTES.md","docs/table_captions/TABLES3_TITLE_NOTES.md",5012,"4a50204474ca2e8dac9df1c3bee22ce30f6ffa54e075db280949a823581b1233",5012,"4a50204474ca2e8dac9df1c3bee22ce30f6ffa54e075db280949a823581b1233",FALSE,"Clean Table S1-S6 titles and notes"
"canonical_documentation","revision_work/results_rebuild/supplementary_suite/clean_table_payload/captions/TABLES4_TITLE_NOTES.md","docs/table_captions/TABLES4_TITLE_NOTES.md",8062,"bfc69a90345a7a4df59622ca1bc4acc57611ac3b99bf24902a1f356aab634801",8062,"bfc69a90345a7a4df59622ca1bc4acc57611ac3b99bf24902a1f356aab634801",FALSE,"Clean Table S1-S6 titles and notes"
"canonical_documentation","revision_work/results_rebuild/supplementary_suite/clean_table_payload/captions/TABLES5_TITLE_NOTES.md","docs/table_captions/TABLES5_TITLE_NOTES.md",7271,"a16bb0c17751635f12846f31775a15f6f68bed176ef9212f3a395b049b12dcca",7271,"a16bb0c17751635f12846f31775a15f6f68bed176ef9212f3a395b049b12dcca",FALSE,"Clean Table S1-S6 titles and notes"
"canonical_documentation","revision_work/results_rebuild/supplementary_suite/clean_table_payload/captions/TABLES6_TITLE_NOTES.md","docs/table_captions/TABLES6_TITLE_NOTES.md",5265,"5c09d007c638f6f61bb15feb944bd298f80457646d37c8133bb184deec5c5aca",5265,"5c09d007c638f6f61bb15feb944bd298f80457646d37c8133bb184deec5c5aca",FALSE,"Clean Table S1-S6 titles and notes"
"evidence_ledger","revision_work/results_rebuild/RESULTS_EVIDENCE_LEDGER.csv","provenance/RESULTS_EVIDENCE_LEDGER_INTERNAL.csv",27638,"a23fb464521f966cd6f30589b1e74343d3c549fd4ba5789d26b8e2b474ec118d",27638,"a23fb464521f966cd6f30589b1e74343d3c549fd4ba5789d26b8e2b474ec118d",TRUE,"Frozen internal evidence ledger retained for claim provenance"
"evidence_ledger","revision_work/results_rebuild/RESULTS_EVIDENCE_LEDGER_README.md","provenance/RESULTS_EVIDENCE_LEDGER_README.md",2184,"c96dfa510c164ef01a7c0fce8f54cf76c6cf7f7243dc86a6dded491e204cc754",2184,"c96dfa510c164ef01a7c0fce8f54cf76c6cf7f7243dc86a6dded491e204cc754",TRUE,"Evidence-ledger interpretation rules"
