analysis_set,n_cells,n_expression_features,panel,panel_genes,sweep,seed,ctrl_size,n_bins,mean_difference,mean_difference_ci_low,mean_difference_ci_high,welch_df,cohens_d,exact_perm_p,mean_difference_omit_s3,cohens_d_omit_s3,sign_preserved_omit_s3,combined_exposure_values,oxygen_control_values,panel_size,biological_unit,exploratory_status
"Primary: 7,371 Scrublet-negative microglia",7371,27933,author_selected_isg7,Irf7;Ifitm3;Isg15;Mx1;Ifit1;Ifit2;Ifit3,seed_sweep,0,50,25,0.04619793297993832,-0.17734837643210435,0.269744242391981,2.063640282104364,0.7049760268397434,0.8,-0.00669121083280197,-0.5840275296336588,FALSE,S1:-0.040560292;S2:-0.05635329;S3:0.11021064,C1:-0.053253122;C2:-0.030057976;C3:-0.041985642,7,Animal/library,Parameter sensitivity within the same six-animal cohort; not biological replication
"Primary: 7,371 Scrublet-negative microglia",7371,27933,author_selected_isg7,Irf7;Ifitm3;Isg15;Mx1;Ifit1;Ifit2;Ifit3,seed_sweep,1,50,25,0.04728129989005701,-0.17637743436827413,0.2709400341483882,2.05663573515202,0.7234087412375049,0.7,-0.00545764601997882,-0.4733344741717787,FALSE,S1:-0.037863276;S2:-0.055764731;S3:0.11140283,C1:-0.05171159;C2:-0.029943361;C3:-0.042414121,7,Animal/library,Parameter sensitivity within the same six-animal cohort; not biological replication
"Primary: 7,371 Scrublet-negative microglia",7371,27933,author_selected_isg7,Irf7;Ifitm3;Isg15;Mx1;Ifit1;Ifit2;Ifit3,seed_sweep,2,50,25,0.04622662824326529,-0.17837289950989235,0.27082615599642296,2.0531179589275355,0.7054254183668545,0.8,-0.00670882413664087,-0.6092006922836433,FALSE,S1:-0.039268044;S2:-0.055921973;S3:0.11121135,C1:-0.051419653;C2:-0.030201054;C3:-0.041037845,7,Animal/library,Parameter sensitivity within the same six-animal cohort; not biological replication
"Primary: 7,371 Scrublet-negative microglia",7371,27933,author_selected_isg7,Irf7;Ifitm3;Isg15;Mx1;Ifit1;Ifit2;Ifit3,seed_sweep,3,50,25,0.0471435515448164,-0.17736774569373492,0.2716548487833677,2.0484493642481283,0.7212211998981818,0.8,-0.00567869248589514,-0.5258433096735879,FALSE,S1:-0.03983553;S2:-0.056882786;S3:0.11010757,C1:-0.052204109;C2:-0.032065667;C3:-0.043771619,7,Animal/library,Parameter sensitivity within the same six-animal cohort; not biological replication
"Primary: 7,371 Scrublet-negative microglia",7371,27933,author_selected_isg7,Irf7;Ifitm3;Isg15;Mx1;Ifit1;Ifit2;Ifit3,seed_sweep,4,50,25,0.04543747368202888,-0.17726718450262136,0.2681421318666791,2.0525298151190015,0.6994679432137569,0.8,-0.00701567175820221,-0.6306718316846475,FALSE,S1:-0.038718187;S2:-0.056177207;S3:0.10991174,C1:-0.050378842;C2:-0.029524774;C3:-0.041392461,7,Animal/library,Parameter sensitivity within the same six-animal cohort; not biological replication
"Primary: 7,371 Scrublet-negative microglia",7371,27933,author_selected_isg7,Irf7;Ifitm3;Isg15;Mx1;Ifit1;Ifit2;Ifit3,seed_sweep,5,50,25,0.04680087639266777,-0.17927445422619226,0.2728762070115278,2.0543963278922437,0.7091177811789902,0.8,-0.00650814228856572,-0.5842732125236728,FALSE,S1:-0.040374705;S2:-0.057013102;S3:0.11123315,C1:-0.052522758;C2:-0.030954063;C3:-0.043080462,7,Animal/library,Parameter sensitivity within the same six-animal cohort; not biological replication
"Primary: 7,371 Scrublet-negative microglia",7371,27933,author_selected_isg7,Irf7;Ifitm3;Isg15;Mx1;Ifit1;Ifit2;Ifit3,seed_sweep,6,50,25,0.04666900654943024,-0.1798241202965525,0.273162133395413,2.053643843606606,0.7060546238610128,0.8,-0.00674041330300336,-0.614850545372394,FALSE,S1:-0.041050747;S2:-0.057127611;S3:0.11113908,C1:-0.05271306;C2:-0.031242905;C3:-0.043090333,7,Animal/library,Parameter sensitivity within the same six-animal cohort; not biological replication
"Primary: 7,371 Scrublet-negative microglia",7371,27933,author_selected_isg7,Irf7;Ifitm3;Isg15;Mx1;Ifit1;Ifit2;Ifit3,seed_sweep,7,50,25,0.0458783985806382,-0.1821655327989997,0.27392232996027605,2.052091394607291,0.6898562515462773,0.8,-0.00780910465823703,-0.6786737290602907,FALSE,S1:-0.039524824;S2:-0.057949041;S3:0.11232558,C1:-0.050831908;C2:-0.029638162;C3:-0.042313413,7,Animal/library,Parameter sensitivity within the same six-animal cohort; not biological replication
"Primary: 7,371 Scrublet-negative microglia",7371,27933,author_selected_isg7,Irf7;Ifitm3;Isg15;Mx1;Ifit1;Ifit2;Ifit3,seed_sweep,8,50,25,0.0463933736708586,-0.18006646605246723,0.27285321339418445,2.0565096901908095,0.7010831895891791,0.8,-0.00701555600558866,-0.6069348734192419,FALSE,S1:-0.039574815;S2:-0.057282182;S3:0.11179829,C1:-0.052072361;C2:-0.030016078;C3:-0.042150389,7,Animal/library,Parameter sensitivity within the same six-animal cohort; not biological replication
"Primary: 7,371 Scrublet-negative microglia",7371,27933,author_selected_isg7,Irf7;Ifitm3;Isg15;Mx1;Ifit1;Ifit2;Ifit3,seed_sweep,9,50,25,0.04565658839333206,-0.17910529865401895,0.2704184754406831,2.0491214483406868,0.6974818552793054,0.8,-0.00724117733454503,-0.6698538587385927,FALSE,S1:-0.040087769;S2:-0.056976557;S3:0.11016113,C1:-0.051384955;C2:-0.030993957;C3:-0.041494046,7,Animal/library,Parameter sensitivity within the same six-animal cohort; not biological replication
"Primary: 7,371 Scrublet-negative microglia",7371,27933,author_selected_isg7,Irf7;Ifitm3;Isg15;Mx1;Ifit1;Ifit2;Ifit3,seed_sweep,10,50,25,0.04768956753304143,-0.1786819173083624,0.2740610523744453,2.0516768290420546,0.7225232642009937,0.8,-0.00566640828673412,-0.5283532542756785,FALSE,S1:-0.039297955;S2:-0.05496683;S3:0.11293553,C1:-0.051394964;C2:-0.030401448;C3:-0.042601541,7,Animal/library,Parameter sensitivity within the same six-animal cohort; not biological replication
"Primary: 7,371 Scrublet-negative microglia",7371,27933,author_selected_isg7,Irf7;Ifitm3;Isg15;Mx1;Ifit1;Ifit2;Ifit3,seed_sweep,11,50,25,0.04549238378966468,-0.1804959607361487,0.2714807283154781,2.055920152525432,0.6890845208716218,0.8,-0.00781004598456456,-0.6877079978680536,FALSE,S1:-0.039081035;S2:-0.056198733;S3:0.11226741,C1:-0.050850898;C2:-0.028924136;C3:-0.039714479,7,Animal/library,Parameter sensitivity within the same six-animal cohort; not biological replication
"Primary: 7,371 Scrublet-negative microglia",7371,27933,author_selected_isg7,Irf7;Ifitm3;Isg15;Mx1;Ifit1;Ifit2;Ifit3,seed_sweep,12,50,25,0.04681116248112749,-0.18033067365508323,0.27395299861733824,2.051268401067116,0.7069400652139312,0.8,-0.00658325949833785,-0.5481211923112811,FALSE,S1:-0.036646182;S2:-0.057178025;S3:0.11327116,C1:-0.049996893;C2:-0.029100374;C3:-0.041889264,7,Animal/library,Parameter sensitivity within the same six-animal cohort; not biological replication
"Primary: 7,371 Scrublet-negative microglia",7371,27933,author_selected_isg7,Irf7;Ifitm3;Isg15;Mx1;Ifit1;Ifit2;Ifit3,seed_sweep,13,50,25,0.04726062448139552,-0.18228309123270792,0.276804340195499,2.050530482029807,0.7064952045158914,0.8,-0.00673902354592435,-0.58092855883809,FALSE,S1:-0.038541659;S2:-0.057535262;S3:0.11396048,C1:-0.051461674;C2:-0.030369167;C3:-0.042067469,7,Animal/library,Parameter sensitivity within the same six-animal cohort; not biological replication
"Primary: 7,371 Scrublet-negative microglia",7371,27933,author_selected_isg7,Irf7;Ifitm3;Isg15;Mx1;Ifit1;Ifit2;Ifit3,seed_sweep,14,50,25,0.04723230693081518,-0.1825382565349139,0.27700287039654425,2.0511340865607433,0.705182343630285,0.8,-0.00688047197498242,-0.6149886183719221,FALSE,S1:-0.041324976;S2:-0.058586183;S3:0.11238276,C1:-0.053207172;C2:-0.031986242;C3:-0.044031908,7,Animal/library,Parameter sensitivity within the same six-animal cohort; not biological replication
"Primary: 7,371 Scrublet-negative microglia",7371,27933,author_selected_isg7,Irf7;Ifitm3;Isg15;Mx1;Ifit1;Ifit2;Ifit3,seed_sweep,15,50,25,0.0453283829510803,-0.18013853628344434,0.27079530218560494,2.0535283329687717,0.6889294923844074,0.8,-0.0078055185314411,-0.6964188783181401,FALSE,S1:-0.03919146;S2:-0.056405225;S3:0.11160336,C1:-0.05015337;C2:-0.028835904;C3:-0.040989198,7,Animal/library,Parameter sensitivity within the same six-animal cohort; not biological replication
"Primary: 7,371 Scrublet-negative microglia",7371,27933,author_selected_isg7,Irf7;Ifitm3;Isg15;Mx1;Ifit1;Ifit2;Ifit3,seed_sweep,16,50,25,0.0443867621047195,-0.1794789710562142,0.2682524952656532,2.0429872790424275,0.6826983468074233,0.8,-0.0082214976382209,-0.8182219656383406,FALSE,S1:-0.040967921;S2:-0.056657686;S3:0.10901198,C1:-0.049796802;C2:-0.030855768;C3:-0.041121346,7,Animal/library,Parameter sensitivity within the same six-animal cohort; not biological replication
"Primary: 7,371 Scrublet-negative microglia",7371,27933,author_selected_isg7,Irf7;Ifitm3;Isg15;Mx1;Ifit1;Ifit2;Ifit3,seed_sweep,17,50,25,0.04647102924259869,-0.17512319953658842,0.2680652580217858,2.052669064605647,0.7189182371631483,0.8,-0.00576241462246923,-0.5385720344891847,FALSE,S1:-0.038956303;S2:-0.054842537;S3:0.10980091,C1:-0.050775261;C2:-0.03007675;C3:-0.042559007,7,Animal/library,Parameter sensitivity within the same six-animal cohort; not biological replication
"Primary: 7,371 Scrublet-negative microglia",7371,27933,author_selected_isg7,Irf7;Ifitm3;Isg15;Mx1;Ifit1;Ifit2;Ifit3,seed_sweep,18,50,25,0.04669673227388726,-0.1804350737599094,0.27382853830768394,2.055821348258738,0.7037974128838307,0.8,-0.00682978344169429,-0.5781918950741491,FALSE,S1:-0.040536845;S2:-0.059308453;S3:0.1106569,C1:-0.053668984;C2:-0.031696445;C3:-0.043913167,7,Animal/library,Parameter sensitivity within the same six-animal cohort; not biological replication
"Primary: 7,371 Scrublet-negative microglia",7371,27933,author_selected_isg7,Irf7;Ifitm3;Isg15;Mx1;Ifit1;Ifit2;Ifit3,seed_sweep,19,50,25,0.04636509812614854,-0.1816100474056518,0.2743402436579489,2.0470362036265133,0.6989828040849855,0.8,-0.00720558549808796,-0.6394278375251591,FALSE,S1:-0.040049335;S2:-0.058831099;S3:0.11127183,C1:-0.051862557;C2:-0.031696382;C3:-0.043144955,7,Animal/library,Parameter sensitivity within the same six-animal cohort; not biological replication
"Primary: 7,371 Scrublet-negative microglia",7371,27933,author_selected_isg7,Irf7;Ifitm3;Isg15;Mx1;Ifit1;Ifit2;Ifit3,control_size_sweep,42,25,25,0.04597365729160293,-0.1749457339043227,0.26689304848752854,2.0552601294675417,0.7125641178703418,0.8,-0.00612561565699198,-0.5556459165462003,FALSE,S1:-0.039163724;S2:-0.055757075;S3:0.10883742,C1:-0.051745653;C2:-0.030456711;C3:-0.041801987,7,Animal/library,Parameter sensitivity within the same six-animal cohort; not biological replication
"Primary: 7,371 Scrublet-negative microglia",7371,27933,author_selected_isg7,Irf7;Ifitm3;Isg15;Mx1;Ifit1;Ifit2;Ifit3,control_size_sweep,42,50,25,0.04649471117813342,-0.1766248419246236,0.2696142642808904,2.0546913450620976,0.7137166150596257,0.8,-0.00608966251040171,-0.5378878025588492,FALSE,S1:-0.039026709;S2:-0.05666268;S3:0.10990843,C1:-0.052213813;C2:-0.030827752;C3:-0.042223531,7,Animal/library,Parameter sensitivity within the same six-animal cohort; not biological replication
"Primary: 7,371 Scrublet-negative microglia",7371,27933,author_selected_isg7,Irf7;Ifitm3;Isg15;Mx1;Ifit1;Ifit2;Ifit3,control_size_sweep,42,100,25,0.0452833505630018,-0.1805246247436176,0.27109132586962115,2.057173084706516,0.6860799110147299,0.8,-0.00798673227106173,-0.6922013096246661,FALSE,S1:-0.040816959;S2:-0.058354305;S3:0.11022462,C1:-0.052239027;C2:-0.030122945;C3:-0.042434727,7,Animal/library,Parameter sensitivity within the same six-animal cohort; not biological replication
"Primary: 7,371 Scrublet-negative microglia",7371,27933,author_selected_isg7,Irf7;Ifitm3;Isg15;Mx1;Ifit1;Ifit2;Ifit3,control_size_sweep,42,200,25,0.04572232857860981,-0.18011092582451235,0.271555582981732,2.054980517982276,0.6933360990343246,0.8,-0.0075143572462543,-0.6587854778431135,FALSE,S1:-0.040929491;S2:-0.05850307;S3:0.10999378,C1:-0.052561978;C2:-0.030902049;C3:-0.043141741,7,Animal/library,Parameter sensitivity within the same six-animal cohort; not biological replication
"Primary: 7,371 Scrublet-negative microglia",7371,27933,author_selected_isg7,Irf7;Ifitm3;Isg15;Mx1;Ifit1;Ifit2;Ifit3,bin_sweep,42,50,10,0.04665080080002649,-0.1798990580188508,0.2732006596189038,2.0518929353829427,0.7061599688126831,0.8,-0.00670218701796063,-0.5971979681205886,FALSE,S1:-0.029862766;S2:-0.047426184;S3:0.12141449,C1:-0.041963888;C2:-0.020891498;C3:-0.032971476,7,Animal/library,Parameter sensitivity within the same six-animal cohort; not biological replication
"Primary: 7,371 Scrublet-negative microglia",7371,27933,author_selected_isg7,Irf7;Ifitm3;Isg15;Mx1;Ifit1;Ifit2;Ifit3,bin_sweep,42,50,25,0.04649471117813342,-0.1766248419246236,0.2696142642808904,2.0546913450620976,0.7137166150596257,0.8,-0.00608966251040171,-0.5378878025588492,FALSE,S1:-0.039026709;S2:-0.05666268;S3:0.10990843,C1:-0.052213813;C2:-0.030827752;C3:-0.042223531,7,Animal/library,Parameter sensitivity within the same six-animal cohort; not biological replication
"Primary: 7,371 Scrublet-negative microglia",7371,27933,author_selected_isg7,Irf7;Ifitm3;Isg15;Mx1;Ifit1;Ifit2;Ifit3,bin_sweep,42,50,50,0.04588281071654294,-0.1805230774226468,0.27228869885573265,2.0599787572909114,0.6924551642739312,0.8,-0.00753874460495108,-0.6232461030392791,FALSE,S1:-0.038768817;S2:-0.057712387;S3:0.11202406,C1:-0.051429416;C2:-0.028746994;C3:-0.041929162,7,Animal/library,Parameter sensitivity within the same six-animal cohort; not biological replication
