outcome_type,outcome,sample,source_group,display_group,primary_gene_umi,alternative_gene_umi,primary_total_umi,alternative_total_umi,primary_value,alternative_value,alternative_minus_primary,metric
gene,Irf7,C1,Control,Oxygen control,46,45,8028456,7823180,2.5340360702335487,2.5400392961208196,0.00600322588727086,Gene-level pseudobulk log2-CPM
gene,Irf7,C2,Control,Oxygen control,38,38,6174562,5997579,2.640449506028748,2.682406044352345,0.04195653832359714,Gene-level pseudobulk log2-CPM
gene,Irf7,C3,Control,Oxygen control,52,50,9706204,9385699,2.4353381867871584,2.427747135258966,-0.0075910515281925,Gene-level pseudobulk log2-CPM
gene,Irf7,S1,Surgery,Combined exposure,109,109,10096172,10045514,3.439050428192785,3.4463074365907915,0.00725700839800635,Gene-level pseudobulk log2-CPM
gene,Irf7,S2,Surgery,Combined exposure,59,59,12003647,12003647,2.309416749944902,2.309416749944902,0,Gene-level pseudobulk log2-CPM
gene,Irf7,S3,Surgery,Combined exposure,436,422,11252901,10801036,5.277612644089977,5.289709605103019,0.01209696101304125,Gene-level pseudobulk log2-CPM
gene,Ifitm3,C1,Control,Oxygen control,112,109,8028456,7823180,3.8086584503425542,3.807031715523297,-0.00162673481925779,Gene-level pseudobulk log2-CPM
gene,Ifitm3,C2,Control,Oxygen control,203,196,6174562,5997579,5.042547949600094,5.0340050059160495,-0.00854294368404406,Gene-level pseudobulk log2-CPM
gene,Ifitm3,C3,Control,Oxygen control,222,216,9706204,9385699,4.518754194974796,4.527758867233896,0.00900467225909995,Gene-level pseudobulk log2-CPM
gene,Ifitm3,S1,Surgery,Combined exposure,261,258,10096172,10045514,4.694930504838553,4.685540847304553,-0.00938965753399934,Gene-level pseudobulk log2-CPM
gene,Ifitm3,S2,Surgery,Combined exposure,187,187,12003647,12003647,3.965345772020202,3.965345772020202,0,Gene-level pseudobulk log2-CPM
gene,Ifitm3,S3,Surgery,Combined exposure,1896,1833,11252901,10801036,7.396898456754775,7.407286624645137,0.01038816789036278,Gene-level pseudobulk log2-CPM
gene,Isg15,C1,Control,Oxygen control,123,111,8028456,7823180,3.943244490710195,3.833144555842428,-0.11009993486776716,Gene-level pseudobulk log2-CPM
gene,Isg15,C2,Control,Oxygen control,151,142,6174562,5997579,4.616836948806798,4.570437612709547,-0.04639933609725055,Gene-level pseudobulk log2-CPM
gene,Isg15,C3,Control,Oxygen control,243,222,9706204,9385699,4.648870631203378,4.567197178360931,-0.08167345284244742,Gene-level pseudobulk log2-CPM
gene,Isg15,S1,Surgery,Combined exposure,225,225,10096172,10045514,4.481246991846993,4.488504000244999,0.0072570083980068,Gene-level pseudobulk log2-CPM
gene,Isg15,S2,Surgery,Combined exposure,230,230,12003647,12003647,4.263221927066296,4.263221927066296,0,Gene-level pseudobulk log2-CPM
gene,Isg15,S3,Surgery,Combined exposure,885,829,11252901,10801036,6.298123297212452,6.263000244889335,-0.03512305232311696,Gene-level pseudobulk log2-CPM
gene,Mx1,C1,Control,Oxygen control,12,10,8028456,7823180,0.6387334489002422,0.4245620787008836,-0.2141713701993586,Gene-level pseudobulk log2-CPM
gene,Mx1,C2,Control,Oxygen control,6,5,6174562,5997579,0.07410268347493891,-0.1249488777052592,-0.19905156118019812,Gene-level pseudobulk log2-CPM
gene,Mx1,C3,Control,Oxygen control,20,18,9706204,9385699,1.078644673739119,0.9789890181361208,-0.0996556556029986,Gene-level pseudobulk log2-CPM
gene,Mx1,S1,Surgery,Combined exposure,36,36,10096172,10045514,1.8540879274716289,1.8613449358696357,0.00725700839800658,Gene-level pseudobulk log2-CPM
gene,Mx1,S2,Surgery,Combined exposure,30,30,12003647,12003647,1.3453363241998448,1.3453363241998448,0,Gene-level pseudobulk log2-CPM
gene,Mx1,S3,Surgery,Combined exposure,72,71,11252901,10801036,2.6876838904754723,2.726773410711861,0.03908952023638878,Gene-level pseudobulk log2-CPM
gene,Ifit1,C1,Control,Oxygen control,10,10,8028456,7823180,0.3871946819042778,0.4245620787008836,0.03736739679660578,Gene-level pseudobulk log2-CPM
gene,Ifit1,C2,Control,Oxygen control,4,4,6174562,5997579,-0.45641203322384094,-0.414455494900244,0.04195653832359697,Gene-level pseudobulk log2-CPM
gene,Ifit1,C3,Control,Oxygen control,22,21,9706204,9385699,1.2129457654507103,1.195800407209269,-0.01714535824144159,Gene-level pseudobulk log2-CPM
gene,Ifit1,S1,Surgery,Combined exposure,36,36,10096172,10045514,1.8540879274716289,1.8613449358696357,0.00725700839800658,Gene-level pseudobulk log2-CPM
gene,Ifit1,S2,Surgery,Combined exposure,14,14,12003647,12003647,0.2725799817645306,0.2725799817645306,0,Gene-level pseudobulk log2-CPM
gene,Ifit1,S3,Surgery,Combined exposure,103,99,11252901,10801036,3.2012617579598626,3.2035266944771204,0.00226493651725778,Gene-level pseudobulk log2-CPM
gene,Ifit2,C1,Control,Oxygen control,20,20,8028456,7823180,1.352429263743601,1.389796660540207,0.03736739679660594,Gene-level pseudobulk log2-CPM
gene,Ifit2,C2,Control,Oxygen control,12,12,6174562,5997579,1.0175191551085714,1.059475693432168,0.04195653832359669,Gene-level pseudobulk log2-CPM
gene,Ifit2,C3,Control,Oxygen control,17,15,9706204,9385699,0.8503756860660021,0.7237319628940461,-0.12664372317195605,Gene-level pseudobulk log2-CPM
gene,Ifit2,S1,Surgery,Combined exposure,57,57,10096172,10045514,2.5097534195359867,2.5170104279339935,0.0072570083980068,Gene-level pseudobulk log2-CPM
gene,Ifit2,S2,Surgery,Combined exposure,45,45,12003647,12003647,1.922393626835655,1.922393626835655,0,Gene-level pseudobulk log2-CPM
gene,Ifit2,S3,Surgery,Combined exposure,66,61,11252901,10801036,2.563057235961727,2.509416579272711,-0.05364065668901574,Gene-level pseudobulk log2-CPM
gene,Ifit3,C1,Control,Oxygen control,64,64,8028456,7823180,3.0061045145487717,3.0434719113453776,0.03736739679660594,Gene-level pseudobulk log2-CPM
gene,Ifit3,C2,Control,Oxygen control,29,29,6174562,5997579,2.256306014695688,2.298262553019285,0.04195653832359669,Gene-level pseudobulk log2-CPM
gene,Ifit3,C3,Control,Oxygen control,68,65,9706204,9385699,2.8191247520815623,2.802958654044621,-0.01616609803694135,Gene-level pseudobulk log2-CPM
gene,Ifit3,S1,Surgery,Combined exposure,73,72,10096172,10045514,2.863935713427976,2.851429467004553,-0.01250624642342312,Gene-level pseudobulk log2-CPM
gene,Ifit3,S2,Surgery,Combined exposure,83,83,12003647,12003647,2.798303279111011,2.798303279111011,0,Gene-level pseudobulk log2-CPM
gene,Ifit3,S3,Surgery,Combined exposure,328,315,11252901,10801036,4.867524360782867,4.868398268916021,8.7390813315391e-4,Gene-level pseudobulk log2-CPM
panel,author_selected_isg7,C1,Control,Oxygen control,NA,NA,8028456,7823180,2.2386287029118845,2.2089440423962707,-0.029684660515613803,Equal-gene-weight mean log2-CPM
panel,author_selected_isg7,C2,Control,Oxygen control,NA,NA,6174562,5997579,2.1701928892129994,2.15788321954627,-0.012309669666729306,Equal-gene-weight mean log2-CPM
panel,author_selected_isg7,C3,Control,Oxygen control,NA,NA,9706204,9385699,2.5091505557575324,2.4605976033054073,-0.0485529524521251,Equal-gene-weight mean log2-CPM
panel,author_selected_isg7,S1,Surgery,Combined exposure,NA,NA,10096172,10045514,3.0995847018265072,3.101640292974023,0.002055591147515745,Equal-gene-weight mean log2-CPM
panel,author_selected_isg7,S2,Surgery,Combined exposure,NA,NA,12003647,12003647,2.4109425229917774,2.4109425229917774,0,Equal-gene-weight mean log2-CPM
panel,author_selected_isg7,S3,Surgery,Combined exposure,NA,NA,11252901,10801036,4.613165949033876,4.609730204002172,-0.0034357450317035187,Equal-gene-weight mean log2-CPM
